INFO  - 2015-01-31 18:36:33.395; org.apache.solr.servlet.SolrDispatchFilter; SolrDispatchFilter.init()
INFO  - 2015-01-31 18:36:33.406; org.apache.solr.core.SolrResourceLoader; No /solr/home in JNDI
INFO  - 2015-01-31 18:36:33.406; org.apache.solr.core.SolrResourceLoader; using system property solr.solr.home: /opt/migros/solr
INFO  - 2015-01-31 18:36:33.408; org.apache.solr.core.SolrResourceLoader; new SolrResourceLoader for directory: '/opt/migros/solr/'
INFO  - 2015-01-31 18:36:33.592; org.apache.solr.core.ConfigSolr; Loading container configuration from /opt/migros/solr/solr.xml
INFO  - 2015-01-31 18:36:33.668; org.apache.solr.core.CoreContainer; New CoreContainer 1894889160
INFO  - 2015-01-31 18:36:33.670; org.apache.solr.core.CoreContainer; Loading cores into CoreContainer [instanceDir=/opt/migros/solr/]
INFO  - 2015-01-31 18:36:33.687; org.apache.solr.handler.component.HttpShardHandlerFactory; Setting socketTimeout to: 0
INFO  - 2015-01-31 18:36:33.687; org.apache.solr.handler.component.HttpShardHandlerFactory; Setting urlScheme to: 
INFO  - 2015-01-31 18:36:33.690; org.apache.solr.handler.component.HttpShardHandlerFactory; Setting connTimeout to: 0
INFO  - 2015-01-31 18:36:33.690; org.apache.solr.handler.component.HttpShardHandlerFactory; Setting maxConnectionsPerHost to: 20
INFO  - 2015-01-31 18:36:33.691; org.apache.solr.handler.component.HttpShardHandlerFactory; Setting corePoolSize to: 0
INFO  - 2015-01-31 18:36:33.691; org.apache.solr.handler.component.HttpShardHandlerFactory; Setting maximumPoolSize to: 2147483647
INFO  - 2015-01-31 18:36:33.691; org.apache.solr.handler.component.HttpShardHandlerFactory; Setting maxThreadIdleTime to: 5
INFO  - 2015-01-31 18:36:33.691; org.apache.solr.handler.component.HttpShardHandlerFactory; Setting sizeOfQueue to: -1
INFO  - 2015-01-31 18:36:33.691; org.apache.solr.handler.component.HttpShardHandlerFactory; Setting fairnessPolicy to: false
INFO  - 2015-01-31 18:36:33.768; org.apache.solr.logging.LogWatcher; SLF4J impl is org.slf4j.impl.Log4jLoggerFactory
INFO  - 2015-01-31 18:36:33.770; org.apache.solr.logging.LogWatcher; Registering Log Listener [Log4j (org.slf4j.impl.Log4jLoggerFactory)]
INFO  - 2015-01-31 18:36:33.771; org.apache.solr.core.CoreContainer; Host Name: null
INFO  - 2015-01-31 18:36:33.844; org.apache.solr.core.SolrResourceLoader; new SolrResourceLoader for directory: '/opt/migros/solr/Products/'
INFO  - 2015-01-31 18:36:33.845; org.apache.solr.core.SolrResourceLoader; new SolrResourceLoader for directory: '/opt/migros/solr/ProductsCoreSecond/'
INFO  - 2015-01-31 18:36:33.845; org.apache.solr.core.SolrResourceLoader; new SolrResourceLoader for directory: '/opt/migros/solr/ProductsCoreFirst/'
INFO  - 2015-01-31 18:36:33.846; org.apache.solr.core.SolrResourceLoader; Adding 'file:/opt/migros/solr/Products/lib/zemberek-core-0.9.1.jar' to classloader
INFO  - 2015-01-31 18:36:33.846; org.apache.solr.core.SolrResourceLoader; Adding 'file:/opt/migros/solr/ProductsCoreFirst/lib/zemberek-core-0.9.1.jar' to classloader
INFO  - 2015-01-31 18:36:33.846; org.apache.solr.core.SolrResourceLoader; Adding 'file:/opt/migros/solr/ProductsCoreSecond/lib/zemberek-core-0.9.1.jar' to classloader
INFO  - 2015-01-31 18:36:33.847; org.apache.solr.core.SolrResourceLoader; Adding 'file:/opt/migros/solr/ProductsCoreFirst/lib/commons-beanutils-1.8.3.jar' to classloader
INFO  - 2015-01-31 18:36:33.847; org.apache.solr.core.SolrResourceLoader; Adding 'file:/opt/migros/solr/Products/lib/commons-beanutils-1.8.3.jar' to classloader
INFO  - 2015-01-31 18:36:33.847; org.apache.solr.core.SolrResourceLoader; Adding 'file:/opt/migros/solr/ProductsCoreFirst/lib/commons-collections-3.2.1.jar' to classloader
INFO  - 2015-01-31 18:36:33.847; org.apache.solr.core.SolrResourceLoader; Adding 'file:/opt/migros/solr/ProductsCoreSecond/lib/commons-beanutils-1.8.3.jar' to classloader
INFO  - 2015-01-31 18:36:33.848; org.apache.solr.core.SolrResourceLoader; Adding 'file:/opt/migros/solr/ProductsCoreFirst/lib/solr-velocity-4.9.0.jar' to classloader
INFO  - 2015-01-31 18:36:33.848; org.apache.solr.core.SolrResourceLoader; Adding 'file:/opt/migros/solr/Products/lib/commons-collections-3.2.1.jar' to classloader
INFO  - 2015-01-31 18:36:33.848; org.apache.solr.core.SolrResourceLoader; Adding 'file:/opt/migros/solr/ProductsCoreFirst/lib/TurkishAnalysis-4.8.0.jar' to classloader
INFO  - 2015-01-31 18:36:33.848; org.apache.solr.core.SolrResourceLoader; Adding 'file:/opt/migros/solr/ProductsCoreSecond/lib/commons-collections-3.2.1.jar' to classloader
INFO  - 2015-01-31 18:36:33.849; org.apache.solr.core.SolrResourceLoader; Adding 'file:/opt/migros/solr/ProductsCoreFirst/lib/velocity-1.7.jar' to classloader
INFO  - 2015-01-31 18:36:33.849; org.apache.solr.core.SolrResourceLoader; Adding 'file:/opt/migros/solr/Products/lib/solr-velocity-4.9.0.jar' to classloader
INFO  - 2015-01-31 18:36:33.849; org.apache.solr.core.SolrResourceLoader; Adding 'file:/opt/migros/solr/ProductsCoreFirst/lib/zemberek-morphology-0.9.1.jar' to classloader
INFO  - 2015-01-31 18:36:33.849; org.apache.solr.core.SolrResourceLoader; Adding 'file:/opt/migros/solr/ProductsCoreSecond/lib/solr-velocity-4.9.0.jar' to classloader
INFO  - 2015-01-31 18:36:33.850; org.apache.solr.core.SolrResourceLoader; Adding 'file:/opt/migros/solr/ProductsCoreFirst/lib/velocity-tools-2.0.jar' to classloader
INFO  - 2015-01-31 18:36:33.849; org.apache.solr.core.SolrResourceLoader; Adding 'file:/opt/migros/solr/Products/lib/TurkishAnalysis-4.8.0.jar' to classloader
INFO  - 2015-01-31 18:36:33.850; org.apache.solr.core.SolrResourceLoader; Adding 'file:/opt/migros/solr/ProductsCoreFirst/lib/solr-dataimporthandler-4.9.0.jar' to classloader
INFO  - 2015-01-31 18:36:33.850; org.apache.solr.core.SolrResourceLoader; Adding 'file:/opt/migros/solr/ProductsCoreSecond/lib/TurkishAnalysis-4.8.0.jar' to classloader
INFO  - 2015-01-31 18:36:33.851; org.apache.solr.core.SolrResourceLoader; Adding 'file:/opt/migros/solr/ProductsCoreFirst/lib/solr-dataimporthandler-extras-4.9.0.jar' to classloader
INFO  - 2015-01-31 18:36:33.851; org.apache.solr.core.SolrResourceLoader; Adding 'file:/opt/migros/solr/Products/lib/velocity-1.7.jar' to classloader
INFO  - 2015-01-31 18:36:33.851; org.apache.solr.core.SolrResourceLoader; Adding 'file:/opt/migros/solr/ProductsCoreSecond/lib/velocity-1.7.jar' to classloader
INFO  - 2015-01-31 18:36:33.852; org.apache.solr.core.SolrResourceLoader; Adding 'file:/opt/migros/solr/Products/lib/zemberek-morphology-0.9.1.jar' to classloader
INFO  - 2015-01-31 18:36:33.855; org.apache.solr.core.SolrResourceLoader; Adding 'file:/opt/migros/solr/ProductsCoreSecond/lib/zemberek-morphology-0.9.1.jar' to classloader
INFO  - 2015-01-31 18:36:33.855; org.apache.solr.core.SolrResourceLoader; Adding 'file:/opt/migros/solr/Products/lib/velocity-tools-2.0.jar' to classloader
INFO  - 2015-01-31 18:36:33.856; org.apache.solr.core.SolrResourceLoader; Adding 'file:/opt/migros/solr/ProductsCoreSecond/lib/velocity-tools-2.0.jar' to classloader
INFO  - 2015-01-31 18:36:33.856; org.apache.solr.core.SolrResourceLoader; Adding 'file:/opt/migros/solr/ProductsCoreSecond/lib/solr-dataimporthandler-4.9.0.jar' to classloader
INFO  - 2015-01-31 18:36:33.856; org.apache.solr.core.SolrResourceLoader; Adding 'file:/opt/migros/solr/ProductsCoreSecond/lib/solr-dataimporthandler-extras-4.9.0.jar' to classloader
INFO  - 2015-01-31 18:36:33.926; org.apache.solr.core.SolrConfig; Adding specified lib dirs to ClassLoader
WARN  - 2015-01-31 18:36:33.928; org.apache.solr.core.SolrResourceLoader; Can't find (or read) directory to add to classloader: ../../../contrib/extraction/lib (resolved as: /opt/migros/solr/Products/../../../contrib/extraction/lib).
WARN  - 2015-01-31 18:36:33.928; org.apache.solr.core.SolrResourceLoader; Can't find (or read) directory to add to classloader: ../../../dist/ (resolved as: /opt/migros/solr/Products/../../../dist).
WARN  - 2015-01-31 18:36:33.928; org.apache.solr.core.SolrResourceLoader; Can't find (or read) directory to add to classloader: ../../../contrib/clustering/lib/ (resolved as: /opt/migros/solr/Products/../../../contrib/clustering/lib).
WARN  - 2015-01-31 18:36:33.928; org.apache.solr.core.SolrResourceLoader; Can't find (or read) directory to add to classloader: ../../../dist/ (resolved as: /opt/migros/solr/Products/../../../dist).
WARN  - 2015-01-31 18:36:33.929; org.apache.solr.core.SolrResourceLoader; Can't find (or read) directory to add to classloader: ../../../contrib/langid/lib/ (resolved as: /opt/migros/solr/Products/../../../contrib/langid/lib).
WARN  - 2015-01-31 18:36:33.929; org.apache.solr.core.SolrResourceLoader; Can't find (or read) directory to add to classloader: ../../../dist/ (resolved as: /opt/migros/solr/Products/../../../dist).
WARN  - 2015-01-31 18:36:33.929; org.apache.solr.core.SolrResourceLoader; Can't find (or read) directory to add to classloader: ../../../contrib/velocity/lib (resolved as: /opt/migros/solr/Products/../../../contrib/velocity/lib).
WARN  - 2015-01-31 18:36:33.929; org.apache.solr.core.SolrResourceLoader; Can't find (or read) directory to add to classloader: ../../../dist/ (resolved as: /opt/migros/solr/Products/../../../dist).
INFO  - 2015-01-31 18:36:33.947; org.apache.solr.core.SolrConfig; Adding specified lib dirs to ClassLoader
WARN  - 2015-01-31 18:36:33.948; org.apache.solr.core.SolrResourceLoader; Can't find (or read) directory to add to classloader: ../../../contrib/extraction/lib (resolved as: /opt/migros/solr/ProductsCoreSecond/../../../contrib/extraction/lib).
WARN  - 2015-01-31 18:36:33.948; org.apache.solr.core.SolrResourceLoader; Can't find (or read) directory to add to classloader: ../../../dist/ (resolved as: /opt/migros/solr/ProductsCoreSecond/../../../dist).
WARN  - 2015-01-31 18:36:33.948; org.apache.solr.core.SolrResourceLoader; Can't find (or read) directory to add to classloader: ../../../contrib/clustering/lib/ (resolved as: /opt/migros/solr/ProductsCoreSecond/../../../contrib/clustering/lib).
WARN  - 2015-01-31 18:36:33.948; org.apache.solr.core.SolrResourceLoader; Can't find (or read) directory to add to classloader: ../../../dist/ (resolved as: /opt/migros/solr/ProductsCoreSecond/../../../dist).
WARN  - 2015-01-31 18:36:33.948; org.apache.solr.core.SolrResourceLoader; Can't find (or read) directory to add to classloader: ../../../contrib/langid/lib/ (resolved as: /opt/migros/solr/ProductsCoreSecond/../../../contrib/langid/lib).
WARN  - 2015-01-31 18:36:33.949; org.apache.solr.core.SolrResourceLoader; Can't find (or read) directory to add to classloader: ../../../dist/ (resolved as: /opt/migros/solr/ProductsCoreSecond/../../../dist).
WARN  - 2015-01-31 18:36:33.949; org.apache.solr.core.SolrResourceLoader; Can't find (or read) directory to add to classloader: ../../../contrib/velocity/lib (resolved as: /opt/migros/solr/ProductsCoreSecond/../../../contrib/velocity/lib).
WARN  - 2015-01-31 18:36:33.949; org.apache.solr.core.SolrResourceLoader; Can't find (or read) directory to add to classloader: ../../../dist/ (resolved as: /opt/migros/solr/ProductsCoreSecond/../../../dist).
INFO  - 2015-01-31 18:36:33.949; org.apache.solr.core.SolrConfig; Adding specified lib dirs to ClassLoader
WARN  - 2015-01-31 18:36:33.950; org.apache.solr.core.SolrResourceLoader; Can't find (or read) directory to add to classloader: ../../../contrib/extraction/lib (resolved as: /opt/migros/solr/ProductsCoreFirst/../../../contrib/extraction/lib).
WARN  - 2015-01-31 18:36:33.950; org.apache.solr.core.SolrResourceLoader; Can't find (or read) directory to add to classloader: ../../../dist/ (resolved as: /opt/migros/solr/ProductsCoreFirst/../../../dist).
WARN  - 2015-01-31 18:36:33.950; org.apache.solr.core.SolrResourceLoader; Can't find (or read) directory to add to classloader: ../../../contrib/clustering/lib/ (resolved as: /opt/migros/solr/ProductsCoreFirst/../../../contrib/clustering/lib).
WARN  - 2015-01-31 18:36:33.951; org.apache.solr.core.SolrResourceLoader; Can't find (or read) directory to add to classloader: ../../../dist/ (resolved as: /opt/migros/solr/ProductsCoreFirst/../../../dist).
WARN  - 2015-01-31 18:36:33.951; org.apache.solr.core.SolrResourceLoader; Can't find (or read) directory to add to classloader: ../../../contrib/langid/lib/ (resolved as: /opt/migros/solr/ProductsCoreFirst/../../../contrib/langid/lib).
WARN  - 2015-01-31 18:36:33.951; org.apache.solr.core.SolrResourceLoader; Can't find (or read) directory to add to classloader: ../../../dist/ (resolved as: /opt/migros/solr/ProductsCoreFirst/../../../dist).
WARN  - 2015-01-31 18:36:33.951; org.apache.solr.core.SolrResourceLoader; Can't find (or read) directory to add to classloader: ../../../contrib/velocity/lib (resolved as: /opt/migros/solr/ProductsCoreFirst/../../../contrib/velocity/lib).
WARN  - 2015-01-31 18:36:33.952; org.apache.solr.core.SolrResourceLoader; Can't find (or read) directory to add to classloader: ../../../dist/ (resolved as: /opt/migros/solr/ProductsCoreFirst/../../../dist).
INFO  - 2015-01-31 18:36:34.011; org.apache.solr.update.SolrIndexConfig; IndexWriter infoStream solr logging is enabled
INFO  - 2015-01-31 18:36:34.025; org.apache.solr.core.SolrConfig; Using Lucene MatchVersion: LUCENE_4_9
INFO  - 2015-01-31 18:36:34.045; org.apache.solr.update.SolrIndexConfig; IndexWriter infoStream solr logging is enabled
INFO  - 2015-01-31 18:36:34.057; org.apache.solr.core.SolrConfig; Using Lucene MatchVersion: LUCENE_4_9
INFO  - 2015-01-31 18:36:34.074; org.apache.solr.update.SolrIndexConfig; IndexWriter infoStream solr logging is enabled
INFO  - 2015-01-31 18:36:34.080; org.apache.solr.core.SolrConfig; Using Lucene MatchVersion: LUCENE_4_9
INFO  - 2015-01-31 18:36:34.168; org.apache.solr.core.SolrConfig; Loaded SolrConfig: solrconfig.xml
INFO  - 2015-01-31 18:36:34.168; org.apache.solr.core.SolrConfig; Loaded SolrConfig: solrconfig.xml
INFO  - 2015-01-31 18:36:34.168; org.apache.solr.core.SolrConfig; Loaded SolrConfig: solrconfig.xml
INFO  - 2015-01-31 18:36:34.176; org.apache.solr.schema.IndexSchema; Reading Solr Schema from schema.xml
INFO  - 2015-01-31 18:36:34.176; org.apache.solr.schema.IndexSchema; Reading Solr Schema from schema.xml
INFO  - 2015-01-31 18:36:34.176; org.apache.solr.schema.IndexSchema; Reading Solr Schema from schema.xml
INFO  - 2015-01-31 18:36:34.208; org.apache.solr.schema.IndexSchema; [Products] Schema name=example
INFO  - 2015-01-31 18:36:34.210; org.apache.solr.schema.IndexSchema; [ProductsCoreFirst] Schema name=example
INFO  - 2015-01-31 18:36:34.213; org.apache.solr.schema.IndexSchema; [ProductsCoreSecond] Schema name=example
INFO  - 2015-01-31 18:36:34.841; org.apache.solr.schema.IndexSchema; unique key field: ProductID
INFO  - 2015-01-31 18:36:34.842; org.apache.solr.schema.IndexSchema; unique key field: ProductID
INFO  - 2015-01-31 18:36:34.843; org.apache.solr.schema.IndexSchema; unique key field: ProductID
INFO  - 2015-01-31 18:36:34.858; org.apache.solr.rest.RestManager$Registry; Registered ManagedResource impl org.apache.solr.rest.schema.analysis.ManagedWordSetResource for path /schema/analysis/stopwords/english
INFO  - 2015-01-31 18:36:34.858; org.apache.solr.rest.RestManager$Registry; Registered ManagedResource impl org.apache.solr.rest.schema.analysis.ManagedWordSetResource for path /schema/analysis/stopwords/english
INFO  - 2015-01-31 18:36:34.858; org.apache.solr.rest.RestManager$Registry; Registered ManagedResource impl org.apache.solr.rest.schema.analysis.ManagedWordSetResource for path /schema/analysis/stopwords/english
INFO  - 2015-01-31 18:36:34.859; org.apache.solr.rest.RestManager$Registry; Registered ManagedResource impl org.apache.solr.rest.schema.analysis.ManagedSynonymFilterFactory$SynonymManager for path /schema/analysis/synonyms/english
INFO  - 2015-01-31 18:36:34.859; org.apache.solr.rest.RestManager$Registry; Registered ManagedResource impl org.apache.solr.rest.schema.analysis.ManagedSynonymFilterFactory$SynonymManager for path /schema/analysis/synonyms/english
INFO  - 2015-01-31 18:36:34.859; org.apache.solr.rest.RestManager$Registry; Registered ManagedResource impl org.apache.solr.rest.schema.analysis.ManagedSynonymFilterFactory$SynonymManager for path /schema/analysis/synonyms/english
INFO  - 2015-01-31 18:36:34.960; org.apache.solr.schema.FileExchangeRateProvider; Reloading exchange rates from file currency.xml
INFO  - 2015-01-31 18:36:34.963; org.apache.solr.schema.FileExchangeRateProvider; Reloading exchange rates from file currency.xml
INFO  - 2015-01-31 18:36:34.963; org.apache.solr.schema.FileExchangeRateProvider; Reloading exchange rates from file currency.xml
INFO  - 2015-01-31 18:36:34.963; org.apache.solr.schema.FileExchangeRateProvider; Reloading exchange rates from file currency.xml
INFO  - 2015-01-31 18:36:34.965; org.apache.solr.schema.FileExchangeRateProvider; Reloading exchange rates from file currency.xml
INFO  - 2015-01-31 18:36:34.966; org.apache.solr.schema.FileExchangeRateProvider; Reloading exchange rates from file currency.xml
INFO  - 2015-01-31 18:36:35.030; org.apache.solr.core.CoreContainer; Creating SolrCore 'Products' using configuration from instancedir /opt/migros/solr/Products/
INFO  - 2015-01-31 18:36:35.034; org.apache.solr.core.CoreContainer; Creating SolrCore 'ProductsCoreFirst' using configuration from instancedir /opt/migros/solr/ProductsCoreFirst/
INFO  - 2015-01-31 18:36:35.037; org.apache.solr.core.CoreContainer; Creating SolrCore 'ProductsCoreSecond' using configuration from instancedir /opt/migros/solr/ProductsCoreSecond/
INFO  - 2015-01-31 18:36:35.061; org.apache.solr.core.SolrCore; solr.NRTCachingDirectoryFactory
INFO  - 2015-01-31 18:36:35.061; org.apache.solr.core.SolrCore; solr.NRTCachingDirectoryFactory
INFO  - 2015-01-31 18:36:35.061; org.apache.solr.core.SolrCore; solr.NRTCachingDirectoryFactory
INFO  - 2015-01-31 18:36:35.077; org.apache.solr.core.SolrCore; [ProductsCoreFirst] Opening new SolrCore at /opt/migros/solr/ProductsCoreFirst/, dataDir=/opt/migros/data/ProductsCoreFirst/
INFO  - 2015-01-31 18:36:35.077; org.apache.solr.core.SolrCore; [Products] Opening new SolrCore at /opt/migros/solr/Products/, dataDir=/opt/migros/data/Products/
INFO  - 2015-01-31 18:36:35.077; org.apache.solr.core.SolrCore; [ProductsCoreSecond] Opening new SolrCore at /opt/migros/solr/ProductsCoreSecond/, dataDir=/opt/migros/data/ProductsCoreSecond/
INFO  - 2015-01-31 18:36:35.078; org.apache.solr.core.JmxMonitoredMap; JMX monitoring is enabled. Adding Solr mbeans to JMX Server: com.sun.jmx.mbeanserver.JmxMBeanServer@200a570f
INFO  - 2015-01-31 18:36:35.079; org.apache.solr.core.JmxMonitoredMap; JMX monitoring is enabled. Adding Solr mbeans to JMX Server: com.sun.jmx.mbeanserver.JmxMBeanServer@200a570f
INFO  - 2015-01-31 18:36:35.078; org.apache.solr.core.JmxMonitoredMap; JMX monitoring is enabled. Adding Solr mbeans to JMX Server: com.sun.jmx.mbeanserver.JmxMBeanServer@200a570f
INFO  - 2015-01-31 18:36:35.116; org.apache.solr.core.SolrCore; [Products] Added SolrEventListener for newSearcher: org.apache.solr.core.QuerySenderListener{queries=[]}
INFO  - 2015-01-31 18:36:35.116; org.apache.solr.core.SolrCore; [ProductsCoreSecond] Added SolrEventListener for newSearcher: org.apache.solr.core.QuerySenderListener{queries=[]}
INFO  - 2015-01-31 18:36:35.116; org.apache.solr.core.SolrCore; [ProductsCoreFirst] Added SolrEventListener for newSearcher: org.apache.solr.core.QuerySenderListener{queries=[]}
INFO  - 2015-01-31 18:36:35.116; org.apache.solr.core.SolrCore; [ProductsCoreSecond] Added SolrEventListener for firstSearcher: org.apache.solr.core.QuerySenderListener{queries=[]}
INFO  - 2015-01-31 18:36:35.116; org.apache.solr.core.SolrCore; [Products] Added SolrEventListener for firstSearcher: org.apache.solr.core.QuerySenderListener{queries=[{q=static firstSearcher warming in solrconfig.xml}]}
INFO  - 2015-01-31 18:36:35.116; org.apache.solr.core.SolrCore; [ProductsCoreFirst] Added SolrEventListener for firstSearcher: org.apache.solr.core.QuerySenderListener{queries=[]}
INFO  - 2015-01-31 18:36:35.139; org.apache.solr.core.CachingDirectoryFactory; return new directory for /opt/migros/data/Products
INFO  - 2015-01-31 18:36:35.139; org.apache.solr.core.CachingDirectoryFactory; return new directory for /opt/migros/data/ProductsCoreSecond
INFO  - 2015-01-31 18:36:35.139; org.apache.solr.core.CachingDirectoryFactory; return new directory for /opt/migros/data/ProductsCoreFirst
INFO  - 2015-01-31 18:36:35.140; org.apache.solr.core.SolrCore; New index directory detected: old=null new=/opt/migros/data/ProductsCoreFirst/index/
INFO  - 2015-01-31 18:36:35.140; org.apache.solr.core.SolrCore; New index directory detected: old=null new=/opt/migros/data/ProductsCoreSecond/index/
INFO  - 2015-01-31 18:36:35.140; org.apache.solr.core.SolrCore; New index directory detected: old=null new=/opt/migros/data/Products/index/
INFO  - 2015-01-31 18:36:35.141; org.apache.solr.core.CachingDirectoryFactory; return new directory for /opt/migros/data/ProductsCoreFirst/index
INFO  - 2015-01-31 18:36:35.141; org.apache.solr.core.CachingDirectoryFactory; return new directory for /opt/migros/data/Products/index
INFO  - 2015-01-31 18:36:35.141; org.apache.solr.core.CachingDirectoryFactory; return new directory for /opt/migros/data/ProductsCoreSecond/index
INFO  - 2015-01-31 18:36:35.160; org.apache.solr.core.SolrCore; created json: solr.JSONResponseWriter
INFO  - 2015-01-31 18:36:35.160; org.apache.solr.core.SolrCore; adding lazy queryResponseWriter: solr.VelocityResponseWriter
INFO  - 2015-01-31 18:36:35.161; org.apache.solr.core.SolrCore; created velocity: solr.VelocityResponseWriter
INFO  - 2015-01-31 18:36:35.162; org.apache.solr.core.SolrCore; created json: solr.JSONResponseWriter
INFO  - 2015-01-31 18:36:35.162; org.apache.solr.core.SolrCore; adding lazy queryResponseWriter: solr.VelocityResponseWriter
INFO  - 2015-01-31 18:36:35.162; org.apache.solr.core.SolrCore; created velocity: solr.VelocityResponseWriter
INFO  - 2015-01-31 18:36:35.163; org.apache.solr.core.SolrCore; created json: solr.JSONResponseWriter
INFO  - 2015-01-31 18:36:35.163; org.apache.solr.core.SolrCore; adding lazy queryResponseWriter: solr.VelocityResponseWriter
INFO  - 2015-01-31 18:36:35.163; org.apache.solr.core.SolrCore; created velocity: solr.VelocityResponseWriter
INFO  - 2015-01-31 18:36:35.169; org.apache.solr.core.SolrCore; created xslt: solr.XSLTResponseWriter
INFO  - 2015-01-31 18:36:35.169; org.apache.solr.core.SolrCore; created xslt: solr.XSLTResponseWriter
INFO  - 2015-01-31 18:36:35.169; org.apache.solr.core.SolrCore; created xslt: solr.XSLTResponseWriter
INFO  - 2015-01-31 18:36:35.170; org.apache.solr.response.XSLTResponseWriter; xsltCacheLifetimeSeconds=5
INFO  - 2015-01-31 18:36:35.170; org.apache.solr.response.XSLTResponseWriter; xsltCacheLifetimeSeconds=5
INFO  - 2015-01-31 18:36:35.170; org.apache.solr.response.XSLTResponseWriter; xsltCacheLifetimeSeconds=5
INFO  - 2015-01-31 18:36:35.354; org.apache.solr.core.SolrCore; no updateRequestProcessorChain defined as default, creating implicit default
INFO  - 2015-01-31 18:36:35.354; org.apache.solr.core.SolrCore; no updateRequestProcessorChain defined as default, creating implicit default
INFO  - 2015-01-31 18:36:35.354; org.apache.solr.core.SolrCore; no updateRequestProcessorChain defined as default, creating implicit default
INFO  - 2015-01-31 18:36:35.373; org.apache.solr.core.RequestHandlers; created /myselect2: solr.SearchHandler
INFO  - 2015-01-31 18:36:35.373; org.apache.solr.core.RequestHandlers; created /select: solr.SearchHandler
INFO  - 2015-01-31 18:36:35.374; org.apache.solr.core.RequestHandlers; created /myselect2: solr.SearchHandler
INFO  - 2015-01-31 18:36:35.374; org.apache.solr.core.RequestHandlers; created /myselect: solr.SearchHandler
INFO  - 2015-01-31 18:36:35.374; org.apache.solr.core.RequestHandlers; created /query: solr.SearchHandler
INFO  - 2015-01-31 18:36:35.375; org.apache.solr.core.RequestHandlers; created /myselect: solr.SearchHandler
INFO  - 2015-01-31 18:36:35.375; org.apache.solr.core.RequestHandlers; created /select: solr.SearchHandler
INFO  - 2015-01-31 18:36:35.375; org.apache.solr.core.RequestHandlers; created /select: solr.SearchHandler
INFO  - 2015-01-31 18:36:35.376; org.apache.solr.core.RequestHandlers; created /query: solr.SearchHandler
INFO  - 2015-01-31 18:36:35.376; org.apache.solr.core.RequestHandlers; created /query: solr.SearchHandler
INFO  - 2015-01-31 18:36:35.377; org.apache.solr.core.RequestHandlers; created /get: solr.RealTimeGetHandler
INFO  - 2015-01-31 18:36:35.378; org.apache.solr.core.RequestHandlers; created /browse: solr.SearchHandler
INFO  - 2015-01-31 18:36:35.379; org.apache.solr.core.RequestHandlers; created /get: solr.RealTimeGetHandler
INFO  - 2015-01-31 18:36:35.380; org.apache.solr.core.RequestHandlers; created /get: solr.RealTimeGetHandler
INFO  - 2015-01-31 18:36:35.380; org.apache.solr.core.RequestHandlers; created /browse: solr.SearchHandler
INFO  - 2015-01-31 18:36:35.381; org.apache.solr.core.RequestHandlers; created /browse: solr.SearchHandler
INFO  - 2015-01-31 18:36:35.383; org.apache.solr.core.RequestHandlers; created /update: solr.UpdateRequestHandler
INFO  - 2015-01-31 18:36:35.383; org.apache.solr.core.RequestHandlers; created /update: solr.UpdateRequestHandler
INFO  - 2015-01-31 18:36:35.383; org.apache.solr.core.RequestHandlers; created /update/json: solr.UpdateRequestHandler
INFO  - 2015-01-31 18:36:35.384; org.apache.solr.core.RequestHandlers; created /update: solr.UpdateRequestHandler
INFO  - 2015-01-31 18:36:35.384; org.apache.solr.core.RequestHandlers; created /update/csv: solr.UpdateRequestHandler
INFO  - 2015-01-31 18:36:35.384; org.apache.solr.core.RequestHandlers; created /update/json: solr.UpdateRequestHandler
INFO  - 2015-01-31 18:36:35.384; org.apache.solr.core.RequestHandlers; created /update/json: solr.UpdateRequestHandler
INFO  - 2015-01-31 18:36:35.384; org.apache.solr.core.RequestHandlers; adding lazy requestHandler: solr.extraction.ExtractingRequestHandler
INFO  - 2015-01-31 18:36:35.385; org.apache.solr.core.RequestHandlers; created /update/csv: solr.UpdateRequestHandler
INFO  - 2015-01-31 18:36:35.385; org.apache.solr.core.RequestHandlers; adding lazy requestHandler: solr.extraction.ExtractingRequestHandler
INFO  - 2015-01-31 18:36:35.385; org.apache.solr.core.RequestHandlers; created /update/csv: solr.UpdateRequestHandler
INFO  - 2015-01-31 18:36:35.385; org.apache.solr.core.RequestHandlers; adding lazy requestHandler: solr.extraction.ExtractingRequestHandler
INFO  - 2015-01-31 18:36:35.386; org.apache.solr.core.RequestHandlers; created /update/extract: solr.extraction.ExtractingRequestHandler
INFO  - 2015-01-31 18:36:35.386; org.apache.solr.core.RequestHandlers; adding lazy requestHandler: solr.FieldAnalysisRequestHandler
INFO  - 2015-01-31 18:36:35.386; org.apache.solr.core.RequestHandlers; created /update/extract: solr.extraction.ExtractingRequestHandler
INFO  - 2015-01-31 18:36:35.386; org.apache.solr.core.RequestHandlers; adding lazy requestHandler: solr.FieldAnalysisRequestHandler
INFO  - 2015-01-31 18:36:35.386; org.apache.solr.core.RequestHandlers; created /update/extract: solr.extraction.ExtractingRequestHandler
INFO  - 2015-01-31 18:36:35.386; org.apache.solr.core.RequestHandlers; adding lazy requestHandler: solr.FieldAnalysisRequestHandler
INFO  - 2015-01-31 18:36:35.386; org.apache.solr.core.RequestHandlers; created /analysis/field: solr.FieldAnalysisRequestHandler
INFO  - 2015-01-31 18:36:35.386; org.apache.solr.core.RequestHandlers; created /analysis/field: solr.FieldAnalysisRequestHandler
INFO  - 2015-01-31 18:36:35.387; org.apache.solr.core.RequestHandlers; adding lazy requestHandler: solr.DocumentAnalysisRequestHandler
INFO  - 2015-01-31 18:36:35.387; org.apache.solr.core.RequestHandlers; adding lazy requestHandler: solr.DocumentAnalysisRequestHandler
INFO  - 2015-01-31 18:36:35.387; org.apache.solr.core.RequestHandlers; created /analysis/field: solr.FieldAnalysisRequestHandler
INFO  - 2015-01-31 18:36:35.387; org.apache.solr.core.RequestHandlers; adding lazy requestHandler: solr.DocumentAnalysisRequestHandler
INFO  - 2015-01-31 18:36:35.387; org.apache.solr.core.RequestHandlers; created /analysis/document: solr.DocumentAnalysisRequestHandler
INFO  - 2015-01-31 18:36:35.387; org.apache.solr.core.RequestHandlers; created /analysis/document: solr.DocumentAnalysisRequestHandler
INFO  - 2015-01-31 18:36:35.388; org.apache.solr.core.RequestHandlers; created /analysis/document: solr.DocumentAnalysisRequestHandler
INFO  - 2015-01-31 18:36:35.392; org.apache.solr.core.RequestHandlers; created /admin/: solr.admin.AdminHandlers
INFO  - 2015-01-31 18:36:35.392; org.apache.solr.core.RequestHandlers; created /admin/: solr.admin.AdminHandlers
INFO  - 2015-01-31 18:36:35.392; org.apache.solr.core.RequestHandlers; created /admin/: solr.admin.AdminHandlers
INFO  - 2015-01-31 18:36:35.397; org.apache.solr.core.RequestHandlers; created /admin/ping: solr.PingRequestHandler
INFO  - 2015-01-31 18:36:35.397; org.apache.solr.core.RequestHandlers; created /admin/ping: solr.PingRequestHandler
INFO  - 2015-01-31 18:36:35.397; org.apache.solr.core.RequestHandlers; created /admin/ping: solr.PingRequestHandler
INFO  - 2015-01-31 18:36:35.401; org.apache.solr.core.RequestHandlers; created /debug/dump: solr.DumpRequestHandler
INFO  - 2015-01-31 18:36:35.401; org.apache.solr.core.RequestHandlers; created /debug/dump: solr.DumpRequestHandler
INFO  - 2015-01-31 18:36:35.401; org.apache.solr.core.RequestHandlers; created /debug/dump: solr.DumpRequestHandler
INFO  - 2015-01-31 18:36:35.417; org.apache.solr.core.RequestHandlers; created /replication: solr.ReplicationHandler
INFO  - 2015-01-31 18:36:35.418; org.apache.solr.core.RequestHandlers; adding lazy requestHandler: solr.SearchHandler
INFO  - 2015-01-31 18:36:35.417; org.apache.solr.core.RequestHandlers; created /replication: solr.ReplicationHandler
INFO  - 2015-01-31 18:36:35.418; org.apache.solr.core.RequestHandlers; adding lazy requestHandler: solr.SearchHandler
INFO  - 2015-01-31 18:36:35.417; org.apache.solr.core.RequestHandlers; created /replication: solr.ReplicationHandler
INFO  - 2015-01-31 18:36:35.418; org.apache.solr.core.RequestHandlers; adding lazy requestHandler: solr.SearchHandler
INFO  - 2015-01-31 18:36:35.418; org.apache.solr.core.RequestHandlers; created /spell: solr.SearchHandler
INFO  - 2015-01-31 18:36:35.418; org.apache.solr.core.RequestHandlers; created /spell: solr.SearchHandler
INFO  - 2015-01-31 18:36:35.419; org.apache.solr.core.RequestHandlers; adding lazy requestHandler: solr.SearchHandler
INFO  - 2015-01-31 18:36:35.419; org.apache.solr.core.RequestHandlers; created /spell: solr.SearchHandler
INFO  - 2015-01-31 18:36:35.419; org.apache.solr.core.RequestHandlers; created /suggest: solr.SearchHandler
INFO  - 2015-01-31 18:36:35.419; org.apache.solr.core.RequestHandlers; adding lazy requestHandler: solr.SearchHandler
INFO  - 2015-01-31 18:36:35.419; org.apache.solr.core.RequestHandlers; created /suggest_topic: org.apache.solr.handler.component.SearchHandler
INFO  - 2015-01-31 18:36:35.419; org.apache.solr.core.RequestHandlers; created /tvrh: solr.SearchHandler
INFO  - 2015-01-31 18:36:35.420; org.apache.solr.core.RequestHandlers; adding lazy requestHandler: solr.SearchHandler
INFO  - 2015-01-31 18:36:35.419; org.apache.solr.core.RequestHandlers; created /suggest_topic: org.apache.solr.handler.component.SearchHandler
INFO  - 2015-01-31 18:36:35.420; org.apache.solr.core.RequestHandlers; created /terms: solr.SearchHandler
INFO  - 2015-01-31 18:36:35.420; org.apache.solr.core.RequestHandlers; adding lazy requestHandler: solr.SearchHandler
INFO  - 2015-01-31 18:36:35.420; org.apache.solr.core.RequestHandlers; created /suggest: org.apache.solr.handler.component.SearchHandler
INFO  - 2015-01-31 18:36:35.421; org.apache.solr.core.RequestHandlers; adding lazy requestHandler: solr.SearchHandler
INFO  - 2015-01-31 18:36:35.420; org.apache.solr.core.RequestHandlers; created /elevate: solr.SearchHandler
INFO  - 2015-01-31 18:36:35.421; org.apache.solr.core.RequestHandlers; created /tvrh: solr.SearchHandler
INFO  - 2015-01-31 18:36:35.421; org.apache.solr.core.RequestHandlers; adding lazy requestHandler: solr.SearchHandler
INFO  - 2015-01-31 18:36:35.421; org.apache.solr.core.RequestHandlers; created /suggest: org.apache.solr.handler.component.SearchHandler
INFO  - 2015-01-31 18:36:35.421; org.apache.solr.core.RequestHandlers; adding lazy requestHandler: solr.SearchHandler
INFO  - 2015-01-31 18:36:35.421; org.apache.solr.core.RequestHandlers; created /terms: solr.SearchHandler
INFO  - 2015-01-31 18:36:35.422; org.apache.solr.core.RequestHandlers; adding lazy requestHandler: solr.SearchHandler
INFO  - 2015-01-31 18:36:35.422; org.apache.solr.core.RequestHandlers; created /tvrh: solr.SearchHandler
INFO  - 2015-01-31 18:36:35.422; org.apache.solr.core.RequestHandlers; created /elevate: solr.SearchHandler
INFO  - 2015-01-31 18:36:35.422; org.apache.solr.core.RequestHandlers; adding lazy requestHandler: solr.SearchHandler
INFO  - 2015-01-31 18:36:35.422; org.apache.solr.core.RequestHandlers; created /terms: solr.SearchHandler
INFO  - 2015-01-31 18:36:35.423; org.apache.solr.core.RequestHandlers; adding lazy requestHandler: solr.SearchHandler
INFO  - 2015-01-31 18:36:35.423; org.apache.solr.core.RequestHandlers; created /elevate: solr.SearchHandler
INFO  - 2015-01-31 18:36:35.439; org.apache.solr.handler.loader.XMLLoader; xsltCacheLifetimeSeconds=60
INFO  - 2015-01-31 18:36:35.439; org.apache.solr.handler.loader.XMLLoader; xsltCacheLifetimeSeconds=60
INFO  - 2015-01-31 18:36:35.439; org.apache.solr.handler.loader.XMLLoader; xsltCacheLifetimeSeconds=60
INFO  - 2015-01-31 18:36:35.442; org.apache.solr.handler.loader.XMLLoader; xsltCacheLifetimeSeconds=60
INFO  - 2015-01-31 18:36:35.442; org.apache.solr.handler.loader.XMLLoader; xsltCacheLifetimeSeconds=60
INFO  - 2015-01-31 18:36:35.442; org.apache.solr.handler.loader.XMLLoader; xsltCacheLifetimeSeconds=60
INFO  - 2015-01-31 18:36:35.443; org.apache.solr.handler.loader.XMLLoader; xsltCacheLifetimeSeconds=60
INFO  - 2015-01-31 18:36:35.443; org.apache.solr.handler.loader.XMLLoader; xsltCacheLifetimeSeconds=60
INFO  - 2015-01-31 18:36:35.443; org.apache.solr.handler.loader.XMLLoader; xsltCacheLifetimeSeconds=60
INFO  - 2015-01-31 18:36:35.468; org.apache.solr.update.CommitTracker; Hard AutoCommit: if uncommited for 15000ms; 
INFO  - 2015-01-31 18:36:35.469; org.apache.solr.update.CommitTracker; Soft AutoCommit: disabled
INFO  - 2015-01-31 18:36:35.476; org.apache.solr.update.CommitTracker; Hard AutoCommit: disabled
INFO  - 2015-01-31 18:36:35.477; org.apache.solr.update.CommitTracker; Soft AutoCommit: if uncommited for 1000ms; 
INFO  - 2015-01-31 18:36:35.477; org.apache.solr.update.CommitTracker; Hard AutoCommit: disabled
INFO  - 2015-01-31 18:36:35.478; org.apache.solr.update.CommitTracker; Soft AutoCommit: if uncommited for 1000ms; 
INFO  - 2015-01-31 18:36:35.532; org.apache.solr.core.SolrDeletionPolicy; SolrDeletionPolicy.onInit: commits: num=1
	commit{dir=NRTCachingDirectory(MMapDirectory@/opt/migros/data/Products/index lockFactory=NativeFSLockFactory@/opt/migros/data/Products/index; maxCacheMB=48.0 maxMergeSizeMB=4.0),segFN=segments_1b,generation=47}
INFO  - 2015-01-31 18:36:35.533; org.apache.solr.core.SolrDeletionPolicy; newest commit generation = 47
INFO  - 2015-01-31 18:36:35.555; org.apache.solr.core.SolrDeletionPolicy; SolrDeletionPolicy.onInit: commits: num=1
	commit{dir=NRTCachingDirectory(MMapDirectory@/opt/migros/data/ProductsCoreSecond/index lockFactory=NativeFSLockFactory@/opt/migros/data/ProductsCoreSecond/index; maxCacheMB=48.0 maxMergeSizeMB=4.0),segFN=segments_11,generation=37}
INFO  - 2015-01-31 18:36:35.556; org.apache.solr.core.SolrDeletionPolicy; newest commit generation = 37
INFO  - 2015-01-31 18:36:35.568; org.apache.solr.search.SolrIndexSearcher; Opening Searcher@12bebc9b[Products] main
INFO  - 2015-01-31 18:36:35.579; org.apache.solr.rest.ManagedResourceStorage$FileStorageIO; File-based storage initialized to use dir: /opt/migros/solr/Products/conf
INFO  - 2015-01-31 18:36:35.579; org.apache.solr.rest.RestManager; Initializing RestManager with initArgs: {storageDir=/opt/migros/solr/Products/conf/}
INFO  - 2015-01-31 18:36:35.583; org.apache.solr.rest.ManagedResourceStorage; Reading _rest_managed.json using file:dir=/opt/migros/solr/Products/conf
WARN  - 2015-01-31 18:36:35.584; org.apache.solr.rest.ManagedResource; No stored data found for /rest/managed
WARN  - 2015-01-31 18:36:35.584; org.apache.solr.rest.ManagedResource; No registered observers for /rest/managed
INFO  - 2015-01-31 18:36:35.585; org.apache.solr.rest.RestManager; Initializing 2 registered ManagedResources
INFO  - 2015-01-31 18:36:35.585; org.apache.solr.rest.ManagedResourceStorage; Reading _schema_analysis_stopwords_english.json using file:dir=/opt/migros/solr/Products/conf
INFO  - 2015-01-31 18:36:35.591; org.apache.solr.core.SolrDeletionPolicy; SolrDeletionPolicy.onInit: commits: num=1
	commit{dir=NRTCachingDirectory(MMapDirectory@/opt/migros/data/ProductsCoreFirst/index lockFactory=NativeFSLockFactory@/opt/migros/data/ProductsCoreFirst/index; maxCacheMB=48.0 maxMergeSizeMB=4.0),segFN=segments_2,generation=2}
INFO  - 2015-01-31 18:36:35.591; org.apache.solr.core.SolrDeletionPolicy; newest commit generation = 2
INFO  - 2015-01-31 18:36:35.597; org.apache.solr.rest.ManagedResourceStorage; Loaded LinkedHashMap at path _schema_analysis_stopwords_english.json using file:dir=/opt/migros/solr/Products/conf
INFO  - 2015-01-31 18:36:35.597; org.apache.solr.rest.ManagedResource; Loaded initArgs {ignoreCase=true} for /schema/analysis/stopwords/english
INFO  - 2015-01-31 18:36:35.598; org.apache.solr.rest.schema.analysis.ManagedWordSetResource; Loaded 35 words for /schema/analysis/stopwords/english
INFO  - 2015-01-31 18:36:35.598; org.apache.solr.rest.ManagedResource; Notified 1 observers of /schema/analysis/stopwords/english
INFO  - 2015-01-31 18:36:35.598; org.apache.solr.rest.ManagedResourceStorage; Reading _schema_analysis_synonyms_english.json using file:dir=/opt/migros/solr/Products/conf
INFO  - 2015-01-31 18:36:35.599; org.apache.solr.rest.ManagedResourceStorage; Loaded LinkedHashMap at path _schema_analysis_synonyms_english.json using file:dir=/opt/migros/solr/Products/conf
INFO  - 2015-01-31 18:36:35.599; org.apache.solr.rest.ManagedResource; Loaded initArgs {ignoreCase=true,format=solr} for /schema/analysis/synonyms/english
INFO  - 2015-01-31 18:36:35.600; org.apache.solr.rest.schema.analysis.ManagedSynonymFilterFactory$SynonymManager; Loaded 3 synonym mappings for /schema/analysis/synonyms/english
INFO  - 2015-01-31 18:36:35.604; org.apache.solr.rest.ManagedResource; Notified 1 observers of /schema/analysis/synonyms/english
INFO  - 2015-01-31 18:36:35.604; org.apache.solr.handler.component.SpellCheckComponent; Initializing spell checkers
INFO  - 2015-01-31 18:36:35.613; org.apache.solr.spelling.DirectSolrSpellChecker; init: {name=default,field=turkishtext,classname=solr.DirectSolrSpellChecker,distanceMeasure=internal,accuracy=0.5,maxEdits=2,minPrefix=1,maxInspections=5,minQueryLength=4,maxQueryFrequency=0.01}
INFO  - 2015-01-31 18:36:35.622; org.apache.solr.handler.component.SpellCheckComponent; No queryConverter defined, using default converter
INFO  - 2015-01-31 18:36:35.623; org.apache.solr.handler.component.SuggestComponent; Initializing SuggestComponent
INFO  - 2015-01-31 18:36:35.626; org.apache.solr.spelling.suggest.SolrSuggester; init: {name=mySuggester,lookupImpl=FuzzyLookupFactory,dictionaryImpl=DocumentDictionaryFactory,field=cat,weightField=price,suggestAnalyzerFieldType=string}
INFO  - 2015-01-31 18:36:35.647; org.apache.solr.spelling.suggest.SolrSuggester; Dictionary loaded with params: {name=mySuggester,lookupImpl=FuzzyLookupFactory,dictionaryImpl=DocumentDictionaryFactory,field=cat,weightField=price,suggestAnalyzerFieldType=string}
INFO  - 2015-01-31 18:36:35.650; org.apache.solr.handler.component.QueryElevationComponent; Loading QueryElevation from: /opt/migros/solr/Products/conf/elevate.xml
INFO  - 2015-01-31 18:36:35.686; org.apache.solr.handler.ReplicationHandler; Commits will be reserved for  10000
INFO  - 2015-01-31 18:36:35.687; org.apache.solr.core.QuerySenderListener; QuerySenderListener sending requests to Searcher@12bebc9b[Products] main{StandardDirectoryReader(segments_1b:197:nrt _2p(4.9):C13338)}
INFO  - 2015-01-31 18:36:35.693; org.apache.solr.search.SolrIndexSearcher; Opening Searcher@1382a245[ProductsCoreSecond] main
INFO  - 2015-01-31 18:36:35.698; org.apache.solr.rest.ManagedResourceStorage$FileStorageIO; File-based storage initialized to use dir: /opt/migros/solr/ProductsCoreSecond/conf
INFO  - 2015-01-31 18:36:35.699; org.apache.solr.rest.RestManager; Initializing RestManager with initArgs: {storageDir=/opt/migros/solr/ProductsCoreSecond/conf/}
INFO  - 2015-01-31 18:36:35.699; org.apache.solr.rest.ManagedResourceStorage; Reading _rest_managed.json using file:dir=/opt/migros/solr/ProductsCoreSecond/conf
WARN  - 2015-01-31 18:36:35.699; org.apache.solr.rest.ManagedResource; No stored data found for /rest/managed
WARN  - 2015-01-31 18:36:35.699; org.apache.solr.rest.ManagedResource; No registered observers for /rest/managed
INFO  - 2015-01-31 18:36:35.700; org.apache.solr.rest.RestManager; Initializing 2 registered ManagedResources
INFO  - 2015-01-31 18:36:35.700; org.apache.solr.rest.ManagedResourceStorage; Reading _schema_analysis_stopwords_english.json using file:dir=/opt/migros/solr/ProductsCoreSecond/conf
INFO  - 2015-01-31 18:36:35.701; org.apache.solr.rest.ManagedResourceStorage; Loaded LinkedHashMap at path _schema_analysis_stopwords_english.json using file:dir=/opt/migros/solr/ProductsCoreSecond/conf
INFO  - 2015-01-31 18:36:35.701; org.apache.solr.rest.ManagedResource; Loaded initArgs {ignoreCase=true} for /schema/analysis/stopwords/english
INFO  - 2015-01-31 18:36:35.701; org.apache.solr.rest.schema.analysis.ManagedWordSetResource; Loaded 35 words for /schema/analysis/stopwords/english
INFO  - 2015-01-31 18:36:35.701; org.apache.solr.rest.ManagedResource; Notified 1 observers of /schema/analysis/stopwords/english
INFO  - 2015-01-31 18:36:35.701; org.apache.solr.rest.ManagedResourceStorage; Reading _schema_analysis_synonyms_english.json using file:dir=/opt/migros/solr/ProductsCoreSecond/conf
INFO  - 2015-01-31 18:36:35.702; org.apache.solr.rest.ManagedResourceStorage; Loaded LinkedHashMap at path _schema_analysis_synonyms_english.json using file:dir=/opt/migros/solr/ProductsCoreSecond/conf
INFO  - 2015-01-31 18:36:35.702; org.apache.solr.rest.ManagedResource; Loaded initArgs {ignoreCase=true,format=solr} for /schema/analysis/synonyms/english
INFO  - 2015-01-31 18:36:35.702; org.apache.solr.rest.schema.analysis.ManagedSynonymFilterFactory$SynonymManager; Loaded 3 synonym mappings for /schema/analysis/synonyms/english
INFO  - 2015-01-31 18:36:35.702; org.apache.solr.rest.ManagedResource; Notified 1 observers of /schema/analysis/synonyms/english
INFO  - 2015-01-31 18:36:35.703; org.apache.solr.handler.component.SpellCheckComponent; Initializing spell checkers
INFO  - 2015-01-31 18:36:35.704; org.apache.solr.spelling.DirectSolrSpellChecker; init: {name=default,field=suggest,classname=solr.DirectSolrSpellChecker,distanceMeasure=internal,accuracy=0.5,maxEdits=2,minPrefix=1,maxInspections=5,minQueryLength=4,maxQueryFrequency=0.01}
INFO  - 2015-01-31 18:36:35.705; org.apache.solr.handler.component.SpellCheckComponent; No queryConverter defined, using default converter
INFO  - 2015-01-31 18:36:35.705; org.apache.solr.handler.component.SpellCheckComponent; Initializing spell checkers
INFO  - 2015-01-31 18:36:35.715; org.apache.solr.spelling.suggest.Suggester; init: {name=suggestDictionary,classname=org.apache.solr.spelling.suggest.Suggester,lookupImpl=org.apache.solr.spelling.suggest.fst.FSTLookupFactory,field=suggest,threshold=0.0,buildOnCommit=true,distanceMeasure=internal,accuracy=0.5,maxEdits=2,minPrefix=1,maxInspections=10,minQueryLength=4,maxQueryFrequency=0.01}
INFO  - 2015-01-31 18:36:35.720; org.apache.solr.handler.component.SpellCheckComponent; Registering newSearcher listener for spellchecker: suggestDictionary
INFO  - 2015-01-31 18:36:35.720; org.apache.solr.handler.component.SpellCheckComponent; No queryConverter defined, using default converter
INFO  - 2015-01-31 18:36:35.720; org.apache.solr.handler.component.QueryElevationComponent; Loading QueryElevation from: /opt/migros/solr/ProductsCoreSecond/conf/elevate.xml
INFO  - 2015-01-31 18:36:35.731; org.apache.solr.handler.ReplicationHandler; Commits will be reserved for  10000
INFO  - 2015-01-31 18:36:35.732; org.apache.solr.core.QuerySenderListener; QuerySenderListener sending requests to Searcher@1382a245[ProductsCoreSecond] main{StandardDirectoryReader(segments_11:11533:nrt _48c(4.9):C20358/11:delGen=1 _4fh(4.9):C7589/20:delGen=1 _4an(4.9):C3510/2:delGen=1 _4ev(4.9):C5 _4f1(4.9):C6 _4f5(4.9):C1 _4fb(4.9):C1 _4fi(4.9):C4 _4fj(4.9):C4 _4fk(4.9):C6 _4fl(4.9):C6)}
INFO  - 2015-01-31 18:36:35.732; org.apache.solr.core.QuerySenderListener; QuerySenderListener done.
INFO  - 2015-01-31 18:36:35.733; org.apache.solr.handler.component.SpellCheckComponent$SpellCheckerListener; Loading spell index for spellchecker: default
INFO  - 2015-01-31 18:36:35.733; org.apache.solr.handler.component.SpellCheckComponent$SpellCheckerListener; Loading spell index for spellchecker: wordbreak
INFO  - 2015-01-31 18:36:35.734; org.apache.solr.handler.component.SpellCheckComponent$SpellCheckerListener; Loading spell index for spellchecker: suggestDictionary
INFO  - 2015-01-31 18:36:35.734; org.apache.solr.spelling.suggest.Suggester; reload()
INFO  - 2015-01-31 18:36:35.734; org.apache.solr.spelling.suggest.Suggester; build()
WARN  - 2015-01-31 18:36:35.756; org.apache.lucene.analysis.tr.TRMorphStemFilter; unexpected stem ?+
WARN  - 2015-01-31 18:36:35.757; org.apache.lucene.analysis.tr.TRMorphStemFilter; unexpected stem ?+
WARN  - 2015-01-31 18:36:35.757; org.apache.lucene.analysis.tr.TRMorphStemFilter; unexpected stem ?+
WARN  - 2015-01-31 18:36:35.759; org.apache.lucene.analysis.tr.TRMorphStemFilter; unexpected stem ?+
INFO  - 2015-01-31 18:36:35.781; org.apache.solr.search.SolrIndexSearcher; Opening Searcher@58190dff[ProductsCoreFirst] main
INFO  - 2015-01-31 18:36:35.786; org.apache.solr.rest.ManagedResourceStorage$FileStorageIO; File-based storage initialized to use dir: /opt/migros/solr/ProductsCoreFirst/conf
INFO  - 2015-01-31 18:36:35.787; org.apache.solr.rest.RestManager; Initializing RestManager with initArgs: {storageDir=/opt/migros/solr/ProductsCoreFirst/conf/}
INFO  - 2015-01-31 18:36:35.787; org.apache.solr.rest.ManagedResourceStorage; Reading _rest_managed.json using file:dir=/opt/migros/solr/ProductsCoreFirst/conf
WARN  - 2015-01-31 18:36:35.787; org.apache.solr.rest.ManagedResource; No stored data found for /rest/managed
WARN  - 2015-01-31 18:36:35.787; org.apache.solr.rest.ManagedResource; No registered observers for /rest/managed
INFO  - 2015-01-31 18:36:35.787; org.apache.solr.rest.RestManager; Initializing 2 registered ManagedResources
INFO  - 2015-01-31 18:36:35.787; org.apache.solr.rest.ManagedResourceStorage; Reading _schema_analysis_stopwords_english.json using file:dir=/opt/migros/solr/ProductsCoreFirst/conf
INFO  - 2015-01-31 18:36:35.787; org.apache.solr.rest.ManagedResourceStorage; Loaded LinkedHashMap at path _schema_analysis_stopwords_english.json using file:dir=/opt/migros/solr/ProductsCoreFirst/conf
INFO  - 2015-01-31 18:36:35.788; org.apache.solr.rest.ManagedResource; Loaded initArgs {ignoreCase=true} for /schema/analysis/stopwords/english
INFO  - 2015-01-31 18:36:35.788; org.apache.solr.rest.schema.analysis.ManagedWordSetResource; Loaded 35 words for /schema/analysis/stopwords/english
INFO  - 2015-01-31 18:36:35.788; org.apache.solr.rest.ManagedResource; Notified 1 observers of /schema/analysis/stopwords/english
INFO  - 2015-01-31 18:36:35.788; org.apache.solr.rest.ManagedResourceStorage; Reading _schema_analysis_synonyms_english.json using file:dir=/opt/migros/solr/ProductsCoreFirst/conf
INFO  - 2015-01-31 18:36:35.788; org.apache.solr.rest.ManagedResourceStorage; Loaded LinkedHashMap at path _schema_analysis_synonyms_english.json using file:dir=/opt/migros/solr/ProductsCoreFirst/conf
INFO  - 2015-01-31 18:36:35.788; org.apache.solr.rest.ManagedResource; Loaded initArgs {ignoreCase=true,format=solr} for /schema/analysis/synonyms/english
INFO  - 2015-01-31 18:36:35.789; org.apache.solr.rest.schema.analysis.ManagedSynonymFilterFactory$SynonymManager; Loaded 3 synonym mappings for /schema/analysis/synonyms/english
INFO  - 2015-01-31 18:36:35.789; org.apache.solr.rest.ManagedResource; Notified 1 observers of /schema/analysis/synonyms/english
INFO  - 2015-01-31 18:36:35.789; org.apache.solr.handler.component.SpellCheckComponent; Initializing spell checkers
INFO  - 2015-01-31 18:36:35.789; org.apache.solr.spelling.DirectSolrSpellChecker; init: {name=default,field=suggest,classname=solr.DirectSolrSpellChecker,distanceMeasure=internal,accuracy=0.5,maxEdits=2,minPrefix=1,maxInspections=5,minQueryLength=4,maxQueryFrequency=0.01}
INFO  - 2015-01-31 18:36:35.789; org.apache.solr.handler.component.SpellCheckComponent; No queryConverter defined, using default converter
INFO  - 2015-01-31 18:36:35.790; org.apache.solr.handler.component.SpellCheckComponent; Initializing spell checkers
INFO  - 2015-01-31 18:36:35.790; org.apache.solr.spelling.suggest.Suggester; init: {name=suggestDictionary,classname=org.apache.solr.spelling.suggest.Suggester,lookupImpl=org.apache.solr.spelling.suggest.fst.FSTLookupFactory,field=suggest,threshold=0.0,buildOnCommit=true,distanceMeasure=internal,accuracy=0.5,maxEdits=2,minPrefix=1,maxInspections=10,minQueryLength=4,maxQueryFrequency=0.01}
INFO  - 2015-01-31 18:36:35.791; org.apache.solr.handler.component.SpellCheckComponent; Registering newSearcher listener for spellchecker: suggestDictionary
INFO  - 2015-01-31 18:36:35.791; org.apache.solr.handler.component.SpellCheckComponent; No queryConverter defined, using default converter
INFO  - 2015-01-31 18:36:35.791; org.apache.solr.handler.component.QueryElevationComponent; Loading QueryElevation from: /opt/migros/solr/ProductsCoreFirst/conf/elevate.xml
INFO  - 2015-01-31 18:36:35.793; org.apache.solr.core.SolrCore; [Products] webapp=null path=null params={q=static+firstSearcher+warming+in+solrconfig.xml&distrib=false&event=firstSearcher} hits=162 status=0 QTime=104 
INFO  - 2015-01-31 18:36:35.798; org.apache.solr.handler.ReplicationHandler; Commits will be reserved for  10000
INFO  - 2015-01-31 18:36:35.799; org.apache.solr.core.QuerySenderListener; QuerySenderListener sending requests to Searcher@58190dff[ProductsCoreFirst] main{StandardDirectoryReader(segments_2:839:nrt _3l(4.9):C3553 _4o(4.9):C3881 _6y(4.9):C6383 _5r(4.9):C3214 _7z(4.9):C4088 _8y(4.9):C3361 _a8(4.9):C2654 _ak(4.9):C3055 _be(4.9):C1180 _bc(4.9):C7 _bd(4.9):C2 _bf(4.9):C4 _bg(4.9):C3 _bi(4.9):C21 _bh(4.9):C13 _bk(4.9):C6 _bj(4.9):C19 _bl(4.9):C12 _bm(4.9):C1)}
INFO  - 2015-01-31 18:36:35.799; org.apache.solr.core.QuerySenderListener; QuerySenderListener done.
INFO  - 2015-01-31 18:36:35.799; org.apache.solr.handler.component.SpellCheckComponent$SpellCheckerListener; Loading spell index for spellchecker: default
INFO  - 2015-01-31 18:36:35.799; org.apache.solr.handler.component.SpellCheckComponent$SpellCheckerListener; Loading spell index for spellchecker: wordbreak
INFO  - 2015-01-31 18:36:35.799; org.apache.solr.handler.component.SpellCheckComponent$SpellCheckerListener; Loading spell index for spellchecker: suggestDictionary
INFO  - 2015-01-31 18:36:35.800; org.apache.solr.spelling.suggest.Suggester; reload()
INFO  - 2015-01-31 18:36:35.800; org.apache.solr.spelling.suggest.Suggester; build()
INFO  - 2015-01-31 18:36:35.815; org.apache.solr.core.QuerySenderListener; QuerySenderListener done.
INFO  - 2015-01-31 18:36:35.816; org.apache.solr.handler.component.SpellCheckComponent$SpellCheckerListener; Loading spell index for spellchecker: default
INFO  - 2015-01-31 18:36:35.816; org.apache.solr.handler.component.SpellCheckComponent$SpellCheckerListener; Loading spell index for spellchecker: wordbreak
INFO  - 2015-01-31 18:36:35.816; org.apache.solr.handler.component.SuggestComponent$SuggesterListener; Loading suggester index for: mySuggester
INFO  - 2015-01-31 18:36:35.816; org.apache.solr.spelling.suggest.SolrSuggester; reload()
INFO  - 2015-01-31 18:36:35.817; org.apache.solr.spelling.suggest.SolrSuggester; build()
INFO  - 2015-01-31 18:36:35.975; org.apache.solr.core.SolrCore; [ProductsCoreSecond] Registered new searcher Searcher@1382a245[ProductsCoreSecond] main{StandardDirectoryReader(segments_11:11533:nrt _48c(4.9):C20358/11:delGen=1 _4fh(4.9):C7589/20:delGen=1 _4an(4.9):C3510/2:delGen=1 _4ev(4.9):C5 _4f1(4.9):C6 _4f5(4.9):C1 _4fb(4.9):C1 _4fi(4.9):C4 _4fj(4.9):C4 _4fk(4.9):C6 _4fl(4.9):C6)}
INFO  - 2015-01-31 18:36:35.976; org.apache.solr.core.SolrCore; [ProductsCoreFirst] Registered new searcher Searcher@58190dff[ProductsCoreFirst] main{StandardDirectoryReader(segments_2:839:nrt _3l(4.9):C3553 _4o(4.9):C3881 _6y(4.9):C6383 _5r(4.9):C3214 _7z(4.9):C4088 _8y(4.9):C3361 _a8(4.9):C2654 _ak(4.9):C3055 _be(4.9):C1180 _bc(4.9):C7 _bd(4.9):C2 _bf(4.9):C4 _bg(4.9):C3 _bi(4.9):C21 _bh(4.9):C13 _bk(4.9):C6 _bj(4.9):C19 _bl(4.9):C12 _bm(4.9):C1)}
INFO  - 2015-01-31 18:36:35.980; org.apache.solr.core.CoreContainer; registering core: ProductsCoreFirst
INFO  - 2015-01-31 18:36:35.980; org.apache.solr.core.CoreContainer; registering core: ProductsCoreSecond
INFO  - 2015-01-31 18:36:35.980; org.apache.solr.core.SolrResourceLoader; new SolrResourceLoader for directory: '/opt/migros/solr/ClickstreamClick/'
INFO  - 2015-01-31 18:36:35.980; org.apache.solr.core.SolrResourceLoader; new SolrResourceLoader for directory: '/opt/migros/solr/ClickstreamCart/'
INFO  - 2015-01-31 18:36:35.980; org.apache.solr.core.SolrResourceLoader; Adding 'file:/opt/migros/solr/ClickstreamClick/lib/zemberek-core-0.9.1.jar' to classloader
INFO  - 2015-01-31 18:36:35.981; org.apache.solr.core.SolrResourceLoader; Adding 'file:/opt/migros/solr/ClickstreamCart/lib/zemberek-core-0.9.1.jar' to classloader
INFO  - 2015-01-31 18:36:35.981; org.apache.solr.core.SolrResourceLoader; Adding 'file:/opt/migros/solr/ClickstreamClick/lib/commons-beanutils-1.8.3.jar' to classloader
INFO  - 2015-01-31 18:36:35.981; org.apache.solr.core.SolrResourceLoader; Adding 'file:/opt/migros/solr/ClickstreamCart/lib/commons-beanutils-1.8.3.jar' to classloader
INFO  - 2015-01-31 18:36:35.981; org.apache.solr.core.SolrResourceLoader; Adding 'file:/opt/migros/solr/ClickstreamClick/lib/commons-collections-3.2.1.jar' to classloader
INFO  - 2015-01-31 18:36:35.981; org.apache.solr.core.SolrResourceLoader; Adding 'file:/opt/migros/solr/ClickstreamCart/lib/commons-collections-3.2.1.jar' to classloader
INFO  - 2015-01-31 18:36:35.981; org.apache.solr.core.SolrResourceLoader; Adding 'file:/opt/migros/solr/ClickstreamClick/lib/solr-velocity-4.9.0.jar' to classloader
INFO  - 2015-01-31 18:36:35.981; org.apache.solr.core.SolrResourceLoader; Adding 'file:/opt/migros/solr/ClickstreamClick/lib/TurkishAnalysis-4.8.0.jar' to classloader
INFO  - 2015-01-31 18:36:35.982; org.apache.solr.core.SolrResourceLoader; Adding 'file:/opt/migros/solr/ClickstreamClick/lib/velocity-1.7.jar' to classloader
INFO  - 2015-01-31 18:36:35.982; org.apache.solr.core.SolrResourceLoader; Adding 'file:/opt/migros/solr/ClickstreamClick/lib/zemberek-morphology-0.9.1.jar' to classloader
INFO  - 2015-01-31 18:36:35.982; org.apache.solr.core.SolrResourceLoader; Adding 'file:/opt/migros/solr/ClickstreamClick/lib/velocity-tools-2.0.jar' to classloader
INFO  - 2015-01-31 18:36:35.982; org.apache.solr.core.SolrResourceLoader; Adding 'file:/opt/migros/solr/ClickstreamClick/lib/solr-dataimporthandler-4.9.0.jar' to classloader
INFO  - 2015-01-31 18:36:35.982; org.apache.solr.core.SolrResourceLoader; Adding 'file:/opt/migros/solr/ClickstreamClick/lib/solr-dataimporthandler-extras-4.9.0.jar' to classloader
INFO  - 2015-01-31 18:36:35.981; org.apache.solr.core.SolrResourceLoader; Adding 'file:/opt/migros/solr/ClickstreamCart/lib/solr-velocity-4.9.0.jar' to classloader
INFO  - 2015-01-31 18:36:35.982; org.apache.solr.core.SolrResourceLoader; Adding 'file:/opt/migros/solr/ClickstreamCart/lib/TurkishAnalysis-4.8.0.jar' to classloader
INFO  - 2015-01-31 18:36:35.983; org.apache.solr.core.SolrResourceLoader; Adding 'file:/opt/migros/solr/ClickstreamCart/lib/velocity-1.7.jar' to classloader
INFO  - 2015-01-31 18:36:35.983; org.apache.solr.core.SolrResourceLoader; Adding 'file:/opt/migros/solr/ClickstreamCart/lib/zemberek-morphology-0.9.1.jar' to classloader
INFO  - 2015-01-31 18:36:35.983; org.apache.solr.core.SolrResourceLoader; Adding 'file:/opt/migros/solr/ClickstreamCart/lib/velocity-tools-2.0.jar' to classloader
INFO  - 2015-01-31 18:36:35.983; org.apache.solr.core.SolrResourceLoader; Adding 'file:/opt/migros/solr/ClickstreamCart/lib/solr-dataimporthandler-4.9.0.jar' to classloader
INFO  - 2015-01-31 18:36:35.983; org.apache.solr.core.SolrResourceLoader; Adding 'file:/opt/migros/solr/ClickstreamCart/lib/solr-dataimporthandler-extras-4.9.0.jar' to classloader
INFO  - 2015-01-31 18:36:35.999; org.apache.solr.core.SolrConfig; Adding specified lib dirs to ClassLoader
WARN  - 2015-01-31 18:36:35.999; org.apache.solr.core.SolrResourceLoader; Can't find (or read) directory to add to classloader: ../../../contrib/extraction/lib (resolved as: /opt/migros/solr/ClickstreamClick/../../../contrib/extraction/lib).
WARN  - 2015-01-31 18:36:35.999; org.apache.solr.core.SolrResourceLoader; Can't find (or read) directory to add to classloader: ../../../dist/ (resolved as: /opt/migros/solr/ClickstreamClick/../../../dist).
WARN  - 2015-01-31 18:36:35.999; org.apache.solr.core.SolrResourceLoader; Can't find (or read) directory to add to classloader: ../../../contrib/clustering/lib/ (resolved as: /opt/migros/solr/ClickstreamClick/../../../contrib/clustering/lib).
WARN  - 2015-01-31 18:36:36.000; org.apache.solr.core.SolrResourceLoader; Can't find (or read) directory to add to classloader: ../../../dist/ (resolved as: /opt/migros/solr/ClickstreamClick/../../../dist).
WARN  - 2015-01-31 18:36:36.000; org.apache.solr.core.SolrResourceLoader; Can't find (or read) directory to add to classloader: ../../../contrib/langid/lib/ (resolved as: /opt/migros/solr/ClickstreamClick/../../../contrib/langid/lib).
WARN  - 2015-01-31 18:36:36.000; org.apache.solr.core.SolrResourceLoader; Can't find (or read) directory to add to classloader: ../../../dist/ (resolved as: /opt/migros/solr/ClickstreamClick/../../../dist).
WARN  - 2015-01-31 18:36:36.000; org.apache.solr.core.SolrResourceLoader; Can't find (or read) directory to add to classloader: ../../../contrib/velocity/lib (resolved as: /opt/migros/solr/ClickstreamClick/../../../contrib/velocity/lib).
WARN  - 2015-01-31 18:36:36.000; org.apache.solr.core.SolrResourceLoader; Can't find (or read) directory to add to classloader: ../../../dist/ (resolved as: /opt/migros/solr/ClickstreamClick/../../../dist).
INFO  - 2015-01-31 18:36:36.008; org.apache.solr.core.SolrConfig; Adding specified lib dirs to ClassLoader
WARN  - 2015-01-31 18:36:36.009; org.apache.solr.core.SolrResourceLoader; Can't find (or read) directory to add to classloader: ../../../contrib/extraction/lib (resolved as: /opt/migros/solr/ClickstreamCart/../../../contrib/extraction/lib).
WARN  - 2015-01-31 18:36:36.009; org.apache.solr.core.SolrResourceLoader; Can't find (or read) directory to add to classloader: ../../../dist/ (resolved as: /opt/migros/solr/ClickstreamCart/../../../dist).
WARN  - 2015-01-31 18:36:36.009; org.apache.solr.core.SolrResourceLoader; Can't find (or read) directory to add to classloader: ../../../contrib/clustering/lib/ (resolved as: /opt/migros/solr/ClickstreamCart/../../../contrib/clustering/lib).
WARN  - 2015-01-31 18:36:36.009; org.apache.solr.core.SolrResourceLoader; Can't find (or read) directory to add to classloader: ../../../dist/ (resolved as: /opt/migros/solr/ClickstreamCart/../../../dist).
WARN  - 2015-01-31 18:36:36.009; org.apache.solr.core.SolrResourceLoader; Can't find (or read) directory to add to classloader: ../../../contrib/langid/lib/ (resolved as: /opt/migros/solr/ClickstreamCart/../../../contrib/langid/lib).
WARN  - 2015-01-31 18:36:36.009; org.apache.solr.core.SolrResourceLoader; Can't find (or read) directory to add to classloader: ../../../dist/ (resolved as: /opt/migros/solr/ClickstreamCart/../../../dist).
WARN  - 2015-01-31 18:36:36.009; org.apache.solr.core.SolrResourceLoader; Can't find (or read) directory to add to classloader: ../../../contrib/velocity/lib (resolved as: /opt/migros/solr/ClickstreamCart/../../../contrib/velocity/lib).
WARN  - 2015-01-31 18:36:36.009; org.apache.solr.core.SolrResourceLoader; Can't find (or read) directory to add to classloader: ../../../dist/ (resolved as: /opt/migros/solr/ClickstreamCart/../../../dist).
INFO  - 2015-01-31 18:36:36.019; org.apache.solr.update.SolrIndexConfig; IndexWriter infoStream solr logging is enabled
INFO  - 2015-01-31 18:36:36.022; org.apache.solr.core.SolrConfig; Using Lucene MatchVersion: LUCENE_4_9
INFO  - 2015-01-31 18:36:36.030; org.apache.solr.update.SolrIndexConfig; IndexWriter infoStream solr logging is enabled
INFO  - 2015-01-31 18:36:36.032; org.apache.solr.core.SolrConfig; Using Lucene MatchVersion: LUCENE_4_9
INFO  - 2015-01-31 18:36:36.058; org.apache.solr.core.SolrConfig; Loaded SolrConfig: solrconfig.xml
INFO  - 2015-01-31 18:36:36.059; org.apache.solr.schema.IndexSchema; Reading Solr Schema from schema.xml
INFO  - 2015-01-31 18:36:36.070; org.apache.solr.schema.IndexSchema; [ClickstreamClick] Schema name=example
INFO  - 2015-01-31 18:36:36.071; org.apache.solr.core.SolrConfig; Loaded SolrConfig: solrconfig.xml
INFO  - 2015-01-31 18:36:36.072; org.apache.solr.schema.IndexSchema; Reading Solr Schema from schema.xml
INFO  - 2015-01-31 18:36:36.084; org.apache.solr.schema.IndexSchema; [ClickstreamCart] Schema name=example
INFO  - 2015-01-31 18:36:36.360; org.apache.solr.core.SolrCore; [Products] Registered new searcher Searcher@12bebc9b[Products] main{StandardDirectoryReader(segments_1b:197:nrt _2p(4.9):C13338)}
INFO  - 2015-01-31 18:36:36.361; org.apache.solr.core.CoreContainer; registering core: Products
INFO  - 2015-01-31 18:36:36.361; org.apache.solr.core.SolrResourceLoader; new SolrResourceLoader for directory: '/opt/migros/solr/ProductsCoreTest/'
INFO  - 2015-01-31 18:36:36.362; org.apache.solr.core.SolrResourceLoader; Adding 'file:/opt/migros/solr/ProductsCoreTest/lib/zemberek-core-0.9.1.jar' to classloader
INFO  - 2015-01-31 18:36:36.362; org.apache.solr.core.SolrResourceLoader; Adding 'file:/opt/migros/solr/ProductsCoreTest/lib/commons-beanutils-1.8.3.jar' to classloader
INFO  - 2015-01-31 18:36:36.362; org.apache.solr.core.SolrResourceLoader; Adding 'file:/opt/migros/solr/ProductsCoreTest/lib/commons-collections-3.2.1.jar' to classloader
INFO  - 2015-01-31 18:36:36.362; org.apache.solr.core.SolrResourceLoader; Adding 'file:/opt/migros/solr/ProductsCoreTest/lib/solr-velocity-4.9.0.jar' to classloader
INFO  - 2015-01-31 18:36:36.362; org.apache.solr.core.SolrResourceLoader; Adding 'file:/opt/migros/solr/ProductsCoreTest/lib/TurkishAnalysis-4.8.0.jar' to classloader
INFO  - 2015-01-31 18:36:36.363; org.apache.solr.core.SolrResourceLoader; Adding 'file:/opt/migros/solr/ProductsCoreTest/lib/velocity-1.7.jar' to classloader
INFO  - 2015-01-31 18:36:36.363; org.apache.solr.core.SolrResourceLoader; Adding 'file:/opt/migros/solr/ProductsCoreTest/lib/zemberek-morphology-0.9.1.jar' to classloader
INFO  - 2015-01-31 18:36:36.363; org.apache.solr.core.SolrResourceLoader; Adding 'file:/opt/migros/solr/ProductsCoreTest/lib/velocity-tools-2.0.jar' to classloader
INFO  - 2015-01-31 18:36:36.379; org.apache.solr.core.SolrConfig; Adding specified lib dirs to ClassLoader
WARN  - 2015-01-31 18:36:36.379; org.apache.solr.core.SolrResourceLoader; Can't find (or read) directory to add to classloader: ../../../contrib/extraction/lib (resolved as: /opt/migros/solr/ProductsCoreTest/../../../contrib/extraction/lib).
WARN  - 2015-01-31 18:36:36.379; org.apache.solr.core.SolrResourceLoader; Can't find (or read) directory to add to classloader: ../../../dist/ (resolved as: /opt/migros/solr/ProductsCoreTest/../../../dist).
WARN  - 2015-01-31 18:36:36.379; org.apache.solr.core.SolrResourceLoader; Can't find (or read) directory to add to classloader: ../../../contrib/clustering/lib/ (resolved as: /opt/migros/solr/ProductsCoreTest/../../../contrib/clustering/lib).
WARN  - 2015-01-31 18:36:36.379; org.apache.solr.core.SolrResourceLoader; Can't find (or read) directory to add to classloader: ../../../dist/ (resolved as: /opt/migros/solr/ProductsCoreTest/../../../dist).
WARN  - 2015-01-31 18:36:36.380; org.apache.solr.core.SolrResourceLoader; Can't find (or read) directory to add to classloader: ../../../contrib/langid/lib/ (resolved as: /opt/migros/solr/ProductsCoreTest/../../../contrib/langid/lib).
WARN  - 2015-01-31 18:36:36.380; org.apache.solr.core.SolrResourceLoader; Can't find (or read) directory to add to classloader: ../../../dist/ (resolved as: /opt/migros/solr/ProductsCoreTest/../../../dist).
WARN  - 2015-01-31 18:36:36.380; org.apache.solr.core.SolrResourceLoader; Can't find (or read) directory to add to classloader: ../../../contrib/velocity/lib (resolved as: /opt/migros/solr/ProductsCoreTest/../../../contrib/velocity/lib).
WARN  - 2015-01-31 18:36:36.380; org.apache.solr.core.SolrResourceLoader; Can't find (or read) directory to add to classloader: ../../../dist/ (resolved as: /opt/migros/solr/ProductsCoreTest/../../../dist).
INFO  - 2015-01-31 18:36:36.386; org.apache.solr.schema.IndexSchema; unique key field: CStreamID
INFO  - 2015-01-31 18:36:36.388; org.apache.solr.rest.RestManager$Registry; Registered ManagedResource impl org.apache.solr.rest.schema.analysis.ManagedWordSetResource for path /schema/analysis/stopwords/english
INFO  - 2015-01-31 18:36:36.388; org.apache.solr.rest.RestManager$Registry; Registered ManagedResource impl org.apache.solr.rest.schema.analysis.ManagedSynonymFilterFactory$SynonymManager for path /schema/analysis/synonyms/english
INFO  - 2015-01-31 18:36:36.395; org.apache.solr.schema.FileExchangeRateProvider; Reloading exchange rates from file currency.xml
INFO  - 2015-01-31 18:36:36.397; org.apache.solr.schema.FileExchangeRateProvider; Reloading exchange rates from file currency.xml
INFO  - 2015-01-31 18:36:36.398; org.apache.solr.update.SolrIndexConfig; IndexWriter infoStream solr logging is enabled
INFO  - 2015-01-31 18:36:36.400; org.apache.solr.schema.IndexSchema; unique key field: CStreamID
INFO  - 2015-01-31 18:36:36.401; org.apache.solr.core.SolrConfig; Using Lucene MatchVersion: LUCENE_4_9
INFO  - 2015-01-31 18:36:36.402; org.apache.solr.rest.RestManager$Registry; Registered ManagedResource impl org.apache.solr.rest.schema.analysis.ManagedWordSetResource for path /schema/analysis/stopwords/english
INFO  - 2015-01-31 18:36:36.402; org.apache.solr.rest.RestManager$Registry; Registered ManagedResource impl org.apache.solr.rest.schema.analysis.ManagedSynonymFilterFactory$SynonymManager for path /schema/analysis/synonyms/english
INFO  - 2015-01-31 18:36:36.407; org.apache.solr.schema.FileExchangeRateProvider; Reloading exchange rates from file currency.xml
INFO  - 2015-01-31 18:36:36.409; org.apache.solr.schema.FileExchangeRateProvider; Reloading exchange rates from file currency.xml
INFO  - 2015-01-31 18:36:36.417; org.apache.solr.core.CoreContainer; Creating SolrCore 'ClickstreamClick' using configuration from instancedir /opt/migros/solr/ClickstreamClick/
INFO  - 2015-01-31 18:36:36.417; org.apache.solr.core.SolrCore; solr.NRTCachingDirectoryFactory
INFO  - 2015-01-31 18:36:36.417; org.apache.solr.core.SolrCore; [ClickstreamClick] Opening new SolrCore at /opt/migros/solr/ClickstreamClick/, dataDir=/opt/migros/data/ClickstreamClick/
INFO  - 2015-01-31 18:36:36.418; org.apache.solr.core.JmxMonitoredMap; JMX monitoring is enabled. Adding Solr mbeans to JMX Server: com.sun.jmx.mbeanserver.JmxMBeanServer@200a570f
INFO  - 2015-01-31 18:36:36.418; org.apache.solr.core.SolrCore; [ClickstreamClick] Added SolrEventListener for newSearcher: org.apache.solr.core.QuerySenderListener{queries=[]}
INFO  - 2015-01-31 18:36:36.418; org.apache.solr.core.SolrCore; [ClickstreamClick] Added SolrEventListener for firstSearcher: org.apache.solr.core.QuerySenderListener{queries=[]}
INFO  - 2015-01-31 18:36:36.418; org.apache.solr.core.CachingDirectoryFactory; return new directory for /opt/migros/data/ClickstreamClick
INFO  - 2015-01-31 18:36:36.419; org.apache.solr.core.SolrCore; New index directory detected: old=null new=/opt/migros/data/ClickstreamClick/index/
INFO  - 2015-01-31 18:36:36.419; org.apache.solr.core.CachingDirectoryFactory; return new directory for /opt/migros/data/ClickstreamClick/index
INFO  - 2015-01-31 18:36:36.419; org.apache.solr.core.SolrCore; created json: solr.JSONResponseWriter
INFO  - 2015-01-31 18:36:36.419; org.apache.solr.core.SolrCore; adding lazy queryResponseWriter: solr.VelocityResponseWriter
INFO  - 2015-01-31 18:36:36.419; org.apache.solr.core.SolrCore; created velocity: solr.VelocityResponseWriter
INFO  - 2015-01-31 18:36:36.419; org.apache.solr.core.SolrCore; created xslt: solr.XSLTResponseWriter
INFO  - 2015-01-31 18:36:36.420; org.apache.solr.response.XSLTResponseWriter; xsltCacheLifetimeSeconds=5
INFO  - 2015-01-31 18:36:36.421; org.apache.solr.core.SolrCore; no updateRequestProcessorChain defined as default, creating implicit default
INFO  - 2015-01-31 18:36:36.426; org.apache.solr.core.RequestHandlers; created /dataimport: org.apache.solr.handler.dataimport.DataImportHandler
INFO  - 2015-01-31 18:36:36.426; org.apache.solr.core.RequestHandlers; created /myselect2: solr.SearchHandler
INFO  - 2015-01-31 18:36:36.426; org.apache.solr.core.RequestHandlers; created /myselect: solr.SearchHandler
INFO  - 2015-01-31 18:36:36.427; org.apache.solr.core.RequestHandlers; created /select: solr.SearchHandler
INFO  - 2015-01-31 18:36:36.427; org.apache.solr.core.RequestHandlers; created /query: solr.SearchHandler
INFO  - 2015-01-31 18:36:36.427; org.apache.solr.core.RequestHandlers; created /get: solr.RealTimeGetHandler
INFO  - 2015-01-31 18:36:36.428; org.apache.solr.core.RequestHandlers; created /browse: solr.SearchHandler
INFO  - 2015-01-31 18:36:36.428; org.apache.solr.core.RequestHandlers; created /update: solr.UpdateRequestHandler
INFO  - 2015-01-31 18:36:36.428; org.apache.solr.core.RequestHandlers; created /update/json: solr.UpdateRequestHandler
INFO  - 2015-01-31 18:36:36.429; org.apache.solr.core.CoreContainer; Creating SolrCore 'ClickstreamCart' using configuration from instancedir /opt/migros/solr/ClickstreamCart/
INFO  - 2015-01-31 18:36:36.429; org.apache.solr.core.RequestHandlers; created /update/csv: solr.UpdateRequestHandler
INFO  - 2015-01-31 18:36:36.429; org.apache.solr.core.SolrCore; solr.NRTCachingDirectoryFactory
INFO  - 2015-01-31 18:36:36.429; org.apache.solr.core.RequestHandlers; adding lazy requestHandler: solr.extraction.ExtractingRequestHandler
INFO  - 2015-01-31 18:36:36.429; org.apache.solr.core.SolrCore; [ClickstreamCart] Opening new SolrCore at /opt/migros/solr/ClickstreamCart/, dataDir=/opt/migros/data/ClickstreamCart/
INFO  - 2015-01-31 18:36:36.429; org.apache.solr.core.RequestHandlers; created /update/extract: solr.extraction.ExtractingRequestHandler
INFO  - 2015-01-31 18:36:36.429; org.apache.solr.core.JmxMonitoredMap; JMX monitoring is enabled. Adding Solr mbeans to JMX Server: com.sun.jmx.mbeanserver.JmxMBeanServer@200a570f
INFO  - 2015-01-31 18:36:36.429; org.apache.solr.core.RequestHandlers; adding lazy requestHandler: solr.FieldAnalysisRequestHandler
INFO  - 2015-01-31 18:36:36.430; org.apache.solr.core.RequestHandlers; created /analysis/field: solr.FieldAnalysisRequestHandler
INFO  - 2015-01-31 18:36:36.430; org.apache.solr.core.SolrCore; [ClickstreamCart] Added SolrEventListener for newSearcher: org.apache.solr.core.QuerySenderListener{queries=[]}
INFO  - 2015-01-31 18:36:36.430; org.apache.solr.core.RequestHandlers; adding lazy requestHandler: solr.DocumentAnalysisRequestHandler
INFO  - 2015-01-31 18:36:36.430; org.apache.solr.core.SolrCore; [ClickstreamCart] Added SolrEventListener for firstSearcher: org.apache.solr.core.QuerySenderListener{queries=[]}
INFO  - 2015-01-31 18:36:36.430; org.apache.solr.core.RequestHandlers; created /analysis/document: solr.DocumentAnalysisRequestHandler
INFO  - 2015-01-31 18:36:36.430; org.apache.solr.core.RequestHandlers; created /admin/: solr.admin.AdminHandlers
INFO  - 2015-01-31 18:36:36.430; org.apache.solr.core.CachingDirectoryFactory; return new directory for /opt/migros/data/ClickstreamCart
INFO  - 2015-01-31 18:36:36.431; org.apache.solr.core.RequestHandlers; created /admin/ping: solr.PingRequestHandler
INFO  - 2015-01-31 18:36:36.431; org.apache.solr.core.SolrCore; New index directory detected: old=null new=/opt/migros/data/ClickstreamCart/index/
INFO  - 2015-01-31 18:36:36.431; org.apache.solr.core.RequestHandlers; created /debug/dump: solr.DumpRequestHandler
INFO  - 2015-01-31 18:36:36.431; org.apache.solr.core.RequestHandlers; created /replication: solr.ReplicationHandler
INFO  - 2015-01-31 18:36:36.431; org.apache.solr.core.RequestHandlers; adding lazy requestHandler: solr.SearchHandler
INFO  - 2015-01-31 18:36:36.431; org.apache.solr.core.RequestHandlers; created /spell: solr.SearchHandler
INFO  - 2015-01-31 18:36:36.432; org.apache.solr.core.RequestHandlers; created /suggest_topic: org.apache.solr.handler.component.SearchHandler
INFO  - 2015-01-31 18:36:36.432; org.apache.solr.core.CachingDirectoryFactory; return new directory for /opt/migros/data/ClickstreamCart/index
INFO  - 2015-01-31 18:36:36.432; org.apache.solr.core.RequestHandlers; created /suggest: org.apache.solr.handler.component.SearchHandler
INFO  - 2015-01-31 18:36:36.432; org.apache.solr.core.RequestHandlers; adding lazy requestHandler: solr.SearchHandler
INFO  - 2015-01-31 18:36:36.432; org.apache.solr.core.SolrCore; created json: solr.JSONResponseWriter
INFO  - 2015-01-31 18:36:36.432; org.apache.solr.core.RequestHandlers; created /tvrh: solr.SearchHandler
INFO  - 2015-01-31 18:36:36.432; org.apache.solr.core.SolrCore; adding lazy queryResponseWriter: solr.VelocityResponseWriter
INFO  - 2015-01-31 18:36:36.432; org.apache.solr.core.RequestHandlers; adding lazy requestHandler: solr.SearchHandler
INFO  - 2015-01-31 18:36:36.433; org.apache.solr.core.SolrCore; created velocity: solr.VelocityResponseWriter
INFO  - 2015-01-31 18:36:36.433; org.apache.solr.core.RequestHandlers; created /terms: solr.SearchHandler
INFO  - 2015-01-31 18:36:36.433; org.apache.solr.core.SolrCore; created xslt: solr.XSLTResponseWriter
INFO  - 2015-01-31 18:36:36.433; org.apache.solr.core.RequestHandlers; adding lazy requestHandler: solr.SearchHandler
INFO  - 2015-01-31 18:36:36.433; org.apache.solr.response.XSLTResponseWriter; xsltCacheLifetimeSeconds=5
INFO  - 2015-01-31 18:36:36.433; org.apache.solr.core.RequestHandlers; created /elevate: solr.SearchHandler
INFO  - 2015-01-31 18:36:36.435; org.apache.solr.handler.loader.XMLLoader; xsltCacheLifetimeSeconds=60
INFO  - 2015-01-31 18:36:36.435; org.apache.solr.core.SolrCore; no updateRequestProcessorChain defined as default, creating implicit default
INFO  - 2015-01-31 18:36:36.436; org.apache.solr.handler.loader.XMLLoader; xsltCacheLifetimeSeconds=60
INFO  - 2015-01-31 18:36:36.436; org.apache.solr.handler.loader.XMLLoader; xsltCacheLifetimeSeconds=60
INFO  - 2015-01-31 18:36:36.440; org.apache.solr.core.RequestHandlers; created /dataimport: org.apache.solr.handler.dataimport.DataImportHandler
INFO  - 2015-01-31 18:36:36.440; org.apache.solr.core.RequestHandlers; created /myselect2: solr.SearchHandler
INFO  - 2015-01-31 18:36:36.441; org.apache.solr.update.CommitTracker; Hard AutoCommit: disabled
INFO  - 2015-01-31 18:36:36.441; org.apache.solr.core.RequestHandlers; created /myselect: solr.SearchHandler
INFO  - 2015-01-31 18:36:36.441; org.apache.solr.update.CommitTracker; Soft AutoCommit: if uncommited for 1000ms; 
INFO  - 2015-01-31 18:36:36.441; org.apache.solr.core.RequestHandlers; created /select: solr.SearchHandler
INFO  - 2015-01-31 18:36:36.441; org.apache.solr.core.RequestHandlers; created /query: solr.SearchHandler
INFO  - 2015-01-31 18:36:36.442; org.apache.solr.core.RequestHandlers; created /get: solr.RealTimeGetHandler
INFO  - 2015-01-31 18:36:36.442; org.apache.solr.core.RequestHandlers; created /browse: solr.SearchHandler
INFO  - 2015-01-31 18:36:36.443; org.apache.solr.core.RequestHandlers; created /update: solr.UpdateRequestHandler
INFO  - 2015-01-31 18:36:36.443; org.apache.solr.core.SolrConfig; Loaded SolrConfig: solrconfig.xml
INFO  - 2015-01-31 18:36:36.443; org.apache.solr.core.RequestHandlers; created /update/json: solr.UpdateRequestHandler
INFO  - 2015-01-31 18:36:36.443; org.apache.solr.schema.IndexSchema; Reading Solr Schema from schema.xml
INFO  - 2015-01-31 18:36:36.443; org.apache.solr.core.RequestHandlers; created /update/csv: solr.UpdateRequestHandler
INFO  - 2015-01-31 18:36:36.444; org.apache.solr.core.RequestHandlers; adding lazy requestHandler: solr.extraction.ExtractingRequestHandler
INFO  - 2015-01-31 18:36:36.444; org.apache.solr.core.RequestHandlers; created /update/extract: solr.extraction.ExtractingRequestHandler
INFO  - 2015-01-31 18:36:36.444; org.apache.solr.core.RequestHandlers; adding lazy requestHandler: solr.FieldAnalysisRequestHandler
INFO  - 2015-01-31 18:36:36.444; org.apache.solr.core.RequestHandlers; created /analysis/field: solr.FieldAnalysisRequestHandler
INFO  - 2015-01-31 18:36:36.444; org.apache.solr.core.RequestHandlers; adding lazy requestHandler: solr.DocumentAnalysisRequestHandler
INFO  - 2015-01-31 18:36:36.444; org.apache.solr.core.RequestHandlers; created /analysis/document: solr.DocumentAnalysisRequestHandler
INFO  - 2015-01-31 18:36:36.445; org.apache.solr.core.RequestHandlers; created /admin/: solr.admin.AdminHandlers
INFO  - 2015-01-31 18:36:36.445; org.apache.solr.core.RequestHandlers; created /admin/ping: solr.PingRequestHandler
INFO  - 2015-01-31 18:36:36.445; org.apache.solr.core.RequestHandlers; created /debug/dump: solr.DumpRequestHandler
INFO  - 2015-01-31 18:36:36.446; org.apache.solr.core.RequestHandlers; created /replication: solr.ReplicationHandler
INFO  - 2015-01-31 18:36:36.446; org.apache.solr.core.RequestHandlers; adding lazy requestHandler: solr.SearchHandler
INFO  - 2015-01-31 18:36:36.446; org.apache.solr.core.RequestHandlers; created /spell: solr.SearchHandler
INFO  - 2015-01-31 18:36:36.446; org.apache.solr.core.RequestHandlers; created /suggest_topic: org.apache.solr.handler.component.SearchHandler
INFO  - 2015-01-31 18:36:36.447; org.apache.solr.core.RequestHandlers; created /suggest: org.apache.solr.handler.component.SearchHandler
INFO  - 2015-01-31 18:36:36.447; org.apache.solr.core.RequestHandlers; adding lazy requestHandler: solr.SearchHandler
INFO  - 2015-01-31 18:36:36.447; org.apache.solr.core.RequestHandlers; created /tvrh: solr.SearchHandler
INFO  - 2015-01-31 18:36:36.447; org.apache.solr.core.RequestHandlers; adding lazy requestHandler: solr.SearchHandler
INFO  - 2015-01-31 18:36:36.447; org.apache.solr.core.RequestHandlers; created /terms: solr.SearchHandler
INFO  - 2015-01-31 18:36:36.448; org.apache.solr.core.RequestHandlers; adding lazy requestHandler: solr.SearchHandler
INFO  - 2015-01-31 18:36:36.448; org.apache.solr.core.RequestHandlers; created /elevate: solr.SearchHandler
INFO  - 2015-01-31 18:36:36.449; org.apache.solr.handler.loader.XMLLoader; xsltCacheLifetimeSeconds=60
INFO  - 2015-01-31 18:36:36.449; org.apache.solr.core.SolrDeletionPolicy; SolrDeletionPolicy.onInit: commits: num=1
	commit{dir=NRTCachingDirectory(MMapDirectory@/opt/migros/data/ClickstreamClick/index lockFactory=NativeFSLockFactory@/opt/migros/data/ClickstreamClick/index; maxCacheMB=48.0 maxMergeSizeMB=4.0),segFN=segments_4,generation=4}
INFO  - 2015-01-31 18:36:36.449; org.apache.solr.core.SolrDeletionPolicy; newest commit generation = 4
INFO  - 2015-01-31 18:36:36.449; org.apache.solr.handler.loader.XMLLoader; xsltCacheLifetimeSeconds=60
INFO  - 2015-01-31 18:36:36.450; org.apache.solr.handler.loader.XMLLoader; xsltCacheLifetimeSeconds=60
INFO  - 2015-01-31 18:36:36.452; org.apache.solr.schema.IndexSchema; [ProductsCoreTest] Schema name=example
INFO  - 2015-01-31 18:36:36.453; org.apache.solr.update.CommitTracker; Hard AutoCommit: disabled
INFO  - 2015-01-31 18:36:36.453; org.apache.solr.update.CommitTracker; Soft AutoCommit: if uncommited for 1000ms; 
INFO  - 2015-01-31 18:36:36.462; org.apache.solr.search.SolrIndexSearcher; Opening Searcher@51d5df4e[ClickstreamClick] main
INFO  - 2015-01-31 18:36:36.462; org.apache.solr.rest.ManagedResourceStorage$FileStorageIO; File-based storage initialized to use dir: /opt/migros/solr/ClickstreamClick/conf
INFO  - 2015-01-31 18:36:36.462; org.apache.solr.rest.RestManager; Initializing RestManager with initArgs: {storageDir=/opt/migros/solr/ClickstreamClick/conf/}
INFO  - 2015-01-31 18:36:36.462; org.apache.solr.rest.ManagedResourceStorage; Reading _rest_managed.json using file:dir=/opt/migros/solr/ClickstreamClick/conf
WARN  - 2015-01-31 18:36:36.463; org.apache.solr.rest.ManagedResource; No stored data found for /rest/managed
WARN  - 2015-01-31 18:36:36.463; org.apache.solr.rest.ManagedResource; No registered observers for /rest/managed
INFO  - 2015-01-31 18:36:36.463; org.apache.solr.rest.RestManager; Initializing 2 registered ManagedResources
INFO  - 2015-01-31 18:36:36.463; org.apache.solr.rest.ManagedResourceStorage; Reading _schema_analysis_stopwords_english.json using file:dir=/opt/migros/solr/ClickstreamClick/conf
INFO  - 2015-01-31 18:36:36.463; org.apache.solr.rest.ManagedResourceStorage; Loaded LinkedHashMap at path _schema_analysis_stopwords_english.json using file:dir=/opt/migros/solr/ClickstreamClick/conf
INFO  - 2015-01-31 18:36:36.463; org.apache.solr.rest.ManagedResource; Loaded initArgs {ignoreCase=true} for /schema/analysis/stopwords/english
INFO  - 2015-01-31 18:36:36.463; org.apache.solr.rest.schema.analysis.ManagedWordSetResource; Loaded 35 words for /schema/analysis/stopwords/english
INFO  - 2015-01-31 18:36:36.464; org.apache.solr.rest.ManagedResource; Notified 1 observers of /schema/analysis/stopwords/english
INFO  - 2015-01-31 18:36:36.464; org.apache.solr.rest.ManagedResourceStorage; Reading _schema_analysis_synonyms_english.json using file:dir=/opt/migros/solr/ClickstreamClick/conf
INFO  - 2015-01-31 18:36:36.464; org.apache.solr.rest.ManagedResourceStorage; Loaded LinkedHashMap at path _schema_analysis_synonyms_english.json using file:dir=/opt/migros/solr/ClickstreamClick/conf
INFO  - 2015-01-31 18:36:36.464; org.apache.solr.rest.ManagedResource; Loaded initArgs {ignoreCase=true,format=solr} for /schema/analysis/synonyms/english
INFO  - 2015-01-31 18:36:36.464; org.apache.solr.rest.schema.analysis.ManagedSynonymFilterFactory$SynonymManager; Loaded 3 synonym mappings for /schema/analysis/synonyms/english
INFO  - 2015-01-31 18:36:36.465; org.apache.solr.rest.ManagedResource; Notified 1 observers of /schema/analysis/synonyms/english
INFO  - 2015-01-31 18:36:36.465; org.apache.solr.handler.component.SpellCheckComponent; Initializing spell checkers
INFO  - 2015-01-31 18:36:36.465; org.apache.solr.spelling.DirectSolrSpellChecker; init: {name=default,field=suggest,classname=solr.DirectSolrSpellChecker,distanceMeasure=internal,accuracy=0.5,maxEdits=2,minPrefix=1,maxInspections=5,minQueryLength=4,maxQueryFrequency=0.01}
INFO  - 2015-01-31 18:36:36.465; org.apache.solr.handler.component.SpellCheckComponent; No queryConverter defined, using default converter
INFO  - 2015-01-31 18:36:36.465; org.apache.solr.handler.component.SpellCheckComponent; Initializing spell checkers
INFO  - 2015-01-31 18:36:36.465; org.apache.solr.spelling.suggest.Suggester; init: {name=suggestDictionary,classname=org.apache.solr.spelling.suggest.Suggester,lookupImpl=org.apache.solr.spelling.suggest.fst.FSTLookupFactory,field=suggest,threshold=0.0,buildOnCommit=true,distanceMeasure=internal,accuracy=0.5,maxEdits=2,minPrefix=1,maxInspections=10,minQueryLength=4,maxQueryFrequency=0.01}
INFO  - 2015-01-31 18:36:36.466; org.apache.solr.handler.component.SpellCheckComponent; Registering newSearcher listener for spellchecker: suggestDictionary
INFO  - 2015-01-31 18:36:36.466; org.apache.solr.handler.component.SpellCheckComponent; No queryConverter defined, using default converter
INFO  - 2015-01-31 18:36:36.466; org.apache.solr.handler.component.QueryElevationComponent; Loading QueryElevation from: /opt/migros/solr/ClickstreamClick/conf/elevate.xml
INFO  - 2015-01-31 18:36:36.467; org.apache.solr.core.SolrDeletionPolicy; SolrDeletionPolicy.onInit: commits: num=1
	commit{dir=NRTCachingDirectory(MMapDirectory@/opt/migros/data/ClickstreamCart/index lockFactory=NativeFSLockFactory@/opt/migros/data/ClickstreamCart/index; maxCacheMB=48.0 maxMergeSizeMB=4.0),segFN=segments_3,generation=3}
INFO  - 2015-01-31 18:36:36.467; org.apache.solr.core.SolrDeletionPolicy; newest commit generation = 3
INFO  - 2015-01-31 18:36:36.475; org.apache.solr.handler.ReplicationHandler; Commits will be reserved for  10000
INFO  - 2015-01-31 18:36:36.476; org.apache.solr.core.QuerySenderListener; QuerySenderListener sending requests to Searcher@51d5df4e[ClickstreamClick] main{StandardDirectoryReader(segments_4:2103:nrt _b6(4.9):C1048073 _j0(4.9):C742690 _t1(4.9):C967566 _sl(4.9):C2447 _t0(4.9):C2817 _t2(4.9):C2409 _t3(4.9):C2743 _t4(4.9):C2856 _t5(4.9):C731)}
INFO  - 2015-01-31 18:36:36.476; org.apache.solr.core.QuerySenderListener; QuerySenderListener done.
INFO  - 2015-01-31 18:36:36.476; org.apache.solr.handler.component.SpellCheckComponent$SpellCheckerListener; Loading spell index for spellchecker: default
INFO  - 2015-01-31 18:36:36.476; org.apache.solr.handler.component.SpellCheckComponent$SpellCheckerListener; Loading spell index for spellchecker: wordbreak
INFO  - 2015-01-31 18:36:36.477; org.apache.solr.handler.component.SpellCheckComponent$SpellCheckerListener; Loading spell index for spellchecker: suggestDictionary
INFO  - 2015-01-31 18:36:36.477; org.apache.solr.spelling.suggest.Suggester; reload()
INFO  - 2015-01-31 18:36:36.477; org.apache.solr.spelling.suggest.Suggester; build()
INFO  - 2015-01-31 18:36:36.479; org.apache.solr.core.SolrCore; [ClickstreamClick] Registered new searcher Searcher@51d5df4e[ClickstreamClick] main{StandardDirectoryReader(segments_4:2103:nrt _b6(4.9):C1048073 _j0(4.9):C742690 _t1(4.9):C967566 _sl(4.9):C2447 _t0(4.9):C2817 _t2(4.9):C2409 _t3(4.9):C2743 _t4(4.9):C2856 _t5(4.9):C731)}
INFO  - 2015-01-31 18:36:36.480; org.apache.solr.core.CoreContainer; registering core: ClickstreamClick
INFO  - 2015-01-31 18:36:36.480; org.apache.solr.core.SolrResourceLoader; new SolrResourceLoader for directory: '/opt/migros/solr/ProductsCoreThird/'
INFO  - 2015-01-31 18:36:36.480; org.apache.solr.core.SolrResourceLoader; Adding 'file:/opt/migros/solr/ProductsCoreThird/lib/zemberek-core-0.9.1.jar' to classloader
INFO  - 2015-01-31 18:36:36.481; org.apache.solr.core.SolrResourceLoader; Adding 'file:/opt/migros/solr/ProductsCoreThird/lib/commons-beanutils-1.8.3.jar' to classloader
INFO  - 2015-01-31 18:36:36.481; org.apache.solr.core.SolrResourceLoader; Adding 'file:/opt/migros/solr/ProductsCoreThird/lib/commons-collections-3.2.1.jar' to classloader
INFO  - 2015-01-31 18:36:36.481; org.apache.solr.core.SolrResourceLoader; Adding 'file:/opt/migros/solr/ProductsCoreThird/lib/solr-velocity-4.9.0.jar' to classloader
INFO  - 2015-01-31 18:36:36.481; org.apache.solr.core.SolrResourceLoader; Adding 'file:/opt/migros/solr/ProductsCoreThird/lib/TurkishAnalysis-4.8.0.jar' to classloader
INFO  - 2015-01-31 18:36:36.481; org.apache.solr.core.SolrResourceLoader; Adding 'file:/opt/migros/solr/ProductsCoreThird/lib/velocity-1.7.jar' to classloader
INFO  - 2015-01-31 18:36:36.481; org.apache.solr.core.SolrResourceLoader; Adding 'file:/opt/migros/solr/ProductsCoreThird/lib/zemberek-morphology-0.9.1.jar' to classloader
INFO  - 2015-01-31 18:36:36.481; org.apache.solr.core.SolrResourceLoader; Adding 'file:/opt/migros/solr/ProductsCoreThird/lib/velocity-tools-2.0.jar' to classloader
INFO  - 2015-01-31 18:36:36.481; org.apache.solr.core.SolrResourceLoader; Adding 'file:/opt/migros/solr/ProductsCoreThird/lib/solr-dataimporthandler-4.9.0.jar' to classloader
INFO  - 2015-01-31 18:36:36.482; org.apache.solr.core.SolrResourceLoader; Adding 'file:/opt/migros/solr/ProductsCoreThird/lib/solr-dataimporthandler-extras-4.9.0.jar' to classloader
INFO  - 2015-01-31 18:36:36.490; org.apache.solr.search.SolrIndexSearcher; Opening Searcher@37094883[ClickstreamCart] main
INFO  - 2015-01-31 18:36:36.491; org.apache.solr.rest.ManagedResourceStorage$FileStorageIO; File-based storage initialized to use dir: /opt/migros/solr/ClickstreamCart/conf
INFO  - 2015-01-31 18:36:36.491; org.apache.solr.rest.RestManager; Initializing RestManager with initArgs: {storageDir=/opt/migros/solr/ClickstreamCart/conf/}
INFO  - 2015-01-31 18:36:36.491; org.apache.solr.rest.ManagedResourceStorage; Reading _rest_managed.json using file:dir=/opt/migros/solr/ClickstreamCart/conf
WARN  - 2015-01-31 18:36:36.491; org.apache.solr.rest.ManagedResource; No stored data found for /rest/managed
WARN  - 2015-01-31 18:36:36.491; org.apache.solr.rest.ManagedResource; No registered observers for /rest/managed
INFO  - 2015-01-31 18:36:36.491; org.apache.solr.rest.RestManager; Initializing 2 registered ManagedResources
INFO  - 2015-01-31 18:36:36.491; org.apache.solr.rest.ManagedResourceStorage; Reading _schema_analysis_stopwords_english.json using file:dir=/opt/migros/solr/ClickstreamCart/conf
INFO  - 2015-01-31 18:36:36.492; org.apache.solr.rest.ManagedResourceStorage; Loaded LinkedHashMap at path _schema_analysis_stopwords_english.json using file:dir=/opt/migros/solr/ClickstreamCart/conf
INFO  - 2015-01-31 18:36:36.492; org.apache.solr.rest.ManagedResource; Loaded initArgs {ignoreCase=true} for /schema/analysis/stopwords/english
INFO  - 2015-01-31 18:36:36.492; org.apache.solr.rest.schema.analysis.ManagedWordSetResource; Loaded 35 words for /schema/analysis/stopwords/english
INFO  - 2015-01-31 18:36:36.492; org.apache.solr.rest.ManagedResource; Notified 1 observers of /schema/analysis/stopwords/english
INFO  - 2015-01-31 18:36:36.493; org.apache.solr.rest.ManagedResourceStorage; Reading _schema_analysis_synonyms_english.json using file:dir=/opt/migros/solr/ClickstreamCart/conf
INFO  - 2015-01-31 18:36:36.493; org.apache.solr.rest.ManagedResourceStorage; Loaded LinkedHashMap at path _schema_analysis_synonyms_english.json using file:dir=/opt/migros/solr/ClickstreamCart/conf
INFO  - 2015-01-31 18:36:36.493; org.apache.solr.rest.ManagedResource; Loaded initArgs {ignoreCase=true,format=solr} for /schema/analysis/synonyms/english
INFO  - 2015-01-31 18:36:36.493; org.apache.solr.rest.schema.analysis.ManagedSynonymFilterFactory$SynonymManager; Loaded 3 synonym mappings for /schema/analysis/synonyms/english
INFO  - 2015-01-31 18:36:36.493; org.apache.solr.rest.ManagedResource; Notified 1 observers of /schema/analysis/synonyms/english
INFO  - 2015-01-31 18:36:36.493; org.apache.solr.handler.component.SpellCheckComponent; Initializing spell checkers
INFO  - 2015-01-31 18:36:36.494; org.apache.solr.spelling.DirectSolrSpellChecker; init: {name=default,field=suggest,classname=solr.DirectSolrSpellChecker,distanceMeasure=internal,accuracy=0.5,maxEdits=2,minPrefix=1,maxInspections=5,minQueryLength=4,maxQueryFrequency=0.01}
INFO  - 2015-01-31 18:36:36.494; org.apache.solr.handler.component.SpellCheckComponent; No queryConverter defined, using default converter
INFO  - 2015-01-31 18:36:36.494; org.apache.solr.handler.component.SpellCheckComponent; Initializing spell checkers
INFO  - 2015-01-31 18:36:36.494; org.apache.solr.spelling.suggest.Suggester; init: {name=suggestDictionary,classname=org.apache.solr.spelling.suggest.Suggester,lookupImpl=org.apache.solr.spelling.suggest.fst.FSTLookupFactory,field=suggest,threshold=0.0,buildOnCommit=true,distanceMeasure=internal,accuracy=0.5,maxEdits=2,minPrefix=1,maxInspections=10,minQueryLength=4,maxQueryFrequency=0.01}
INFO  - 2015-01-31 18:36:36.494; org.apache.solr.handler.component.SpellCheckComponent; Registering newSearcher listener for spellchecker: suggestDictionary
INFO  - 2015-01-31 18:36:36.494; org.apache.solr.handler.component.SpellCheckComponent; No queryConverter defined, using default converter
INFO  - 2015-01-31 18:36:36.495; org.apache.solr.handler.component.QueryElevationComponent; Loading QueryElevation from: /opt/migros/solr/ClickstreamCart/conf/elevate.xml
INFO  - 2015-01-31 18:36:36.497; org.apache.solr.core.SolrConfig; Adding specified lib dirs to ClassLoader
WARN  - 2015-01-31 18:36:36.497; org.apache.solr.core.SolrResourceLoader; Can't find (or read) directory to add to classloader: ../../../contrib/extraction/lib (resolved as: /opt/migros/solr/ProductsCoreThird/../../../contrib/extraction/lib).
WARN  - 2015-01-31 18:36:36.497; org.apache.solr.core.SolrResourceLoader; Can't find (or read) directory to add to classloader: ../../../dist/ (resolved as: /opt/migros/solr/ProductsCoreThird/../../../dist).
WARN  - 2015-01-31 18:36:36.497; org.apache.solr.core.SolrResourceLoader; Can't find (or read) directory to add to classloader: ../../../contrib/clustering/lib/ (resolved as: /opt/migros/solr/ProductsCoreThird/../../../contrib/clustering/lib).
WARN  - 2015-01-31 18:36:36.497; org.apache.solr.core.SolrResourceLoader; Can't find (or read) directory to add to classloader: ../../../dist/ (resolved as: /opt/migros/solr/ProductsCoreThird/../../../dist).
WARN  - 2015-01-31 18:36:36.497; org.apache.solr.core.SolrResourceLoader; Can't find (or read) directory to add to classloader: ../../../contrib/langid/lib/ (resolved as: /opt/migros/solr/ProductsCoreThird/../../../contrib/langid/lib).
WARN  - 2015-01-31 18:36:36.498; org.apache.solr.core.SolrResourceLoader; Can't find (or read) directory to add to classloader: ../../../dist/ (resolved as: /opt/migros/solr/ProductsCoreThird/../../../dist).
WARN  - 2015-01-31 18:36:36.498; org.apache.solr.core.SolrResourceLoader; Can't find (or read) directory to add to classloader: ../../../contrib/velocity/lib (resolved as: /opt/migros/solr/ProductsCoreThird/../../../contrib/velocity/lib).
WARN  - 2015-01-31 18:36:36.498; org.apache.solr.core.SolrResourceLoader; Can't find (or read) directory to add to classloader: ../../../dist/ (resolved as: /opt/migros/solr/ProductsCoreThird/../../../dist).
INFO  - 2015-01-31 18:36:36.504; org.apache.solr.handler.ReplicationHandler; Commits will be reserved for  10000
INFO  - 2015-01-31 18:36:36.504; org.apache.solr.core.QuerySenderListener; QuerySenderListener sending requests to Searcher@37094883[ClickstreamCart] main{StandardDirectoryReader(segments_3:3817:nrt _fm(4.9):C1066795 _v8(4.9):C1081730 _17h(4.9):C816469 _1f9(4.9):C470987 _1ge(4.9):C68753 _1gd(4.9):C2044 _1gf(4.9):C1717 _1gg(4.9):C1753 _1gh(4.9):C1664 _1gi(4.9):C1660 _1gj(4.9):C1683 _1gk(4.9):C1680 _1gl(4.9):C1422 _1gm(4.9):C1728 _1gn(4.9):C2109 _1go(4.9):C2094 _1gp(4.9):C1986 _1gq(4.9):C1806 _1gr(4.9):C1814 _1gs(4.9):C2047 _1gt(4.9):C1883 _1gu(4.9):C1874 _1gv(4.9):C1707 _1gw(4.9):C1973 _1gx(4.9):C1938 _1gy(4.9):C84)}
INFO  - 2015-01-31 18:36:36.505; org.apache.solr.core.QuerySenderListener; QuerySenderListener done.
INFO  - 2015-01-31 18:36:36.505; org.apache.solr.handler.component.SpellCheckComponent$SpellCheckerListener; Loading spell index for spellchecker: default
INFO  - 2015-01-31 18:36:36.505; org.apache.solr.handler.component.SpellCheckComponent$SpellCheckerListener; Loading spell index for spellchecker: wordbreak
INFO  - 2015-01-31 18:36:36.505; org.apache.solr.handler.component.SpellCheckComponent$SpellCheckerListener; Loading spell index for spellchecker: suggestDictionary
INFO  - 2015-01-31 18:36:36.505; org.apache.solr.spelling.suggest.Suggester; reload()
INFO  - 2015-01-31 18:36:36.505; org.apache.solr.spelling.suggest.Suggester; build()
INFO  - 2015-01-31 18:36:36.508; org.apache.solr.core.SolrCore; [ClickstreamCart] Registered new searcher Searcher@37094883[ClickstreamCart] main{StandardDirectoryReader(segments_3:3817:nrt _fm(4.9):C1066795 _v8(4.9):C1081730 _17h(4.9):C816469 _1f9(4.9):C470987 _1ge(4.9):C68753 _1gd(4.9):C2044 _1gf(4.9):C1717 _1gg(4.9):C1753 _1gh(4.9):C1664 _1gi(4.9):C1660 _1gj(4.9):C1683 _1gk(4.9):C1680 _1gl(4.9):C1422 _1gm(4.9):C1728 _1gn(4.9):C2109 _1go(4.9):C2094 _1gp(4.9):C1986 _1gq(4.9):C1806 _1gr(4.9):C1814 _1gs(4.9):C2047 _1gt(4.9):C1883 _1gu(4.9):C1874 _1gv(4.9):C1707 _1gw(4.9):C1973 _1gx(4.9):C1938 _1gy(4.9):C84)}
INFO  - 2015-01-31 18:36:36.509; org.apache.solr.core.CoreContainer; registering core: ClickstreamCart
INFO  - 2015-01-31 18:36:36.521; org.apache.solr.update.SolrIndexConfig; IndexWriter infoStream solr logging is enabled
INFO  - 2015-01-31 18:36:36.524; org.apache.solr.core.SolrConfig; Using Lucene MatchVersion: LUCENE_4_9
INFO  - 2015-01-31 18:36:36.559; org.apache.solr.core.SolrConfig; Loaded SolrConfig: solrconfig.xml
INFO  - 2015-01-31 18:36:36.560; org.apache.solr.schema.IndexSchema; Reading Solr Schema from schema.xml
INFO  - 2015-01-31 18:36:36.565; org.apache.solr.schema.IndexSchema; [ProductsCoreThird] Schema name=example
INFO  - 2015-01-31 18:36:36.672; org.apache.solr.schema.IndexSchema; unique key field: ProductID
INFO  - 2015-01-31 18:36:36.673; org.apache.solr.rest.RestManager$Registry; Registered ManagedResource impl org.apache.solr.rest.schema.analysis.ManagedWordSetResource for path /schema/analysis/stopwords/english
INFO  - 2015-01-31 18:36:36.674; org.apache.solr.rest.RestManager$Registry; Registered ManagedResource impl org.apache.solr.rest.schema.analysis.ManagedSynonymFilterFactory$SynonymManager for path /schema/analysis/synonyms/english
INFO  - 2015-01-31 18:36:36.679; org.apache.solr.schema.FileExchangeRateProvider; Reloading exchange rates from file currency.xml
INFO  - 2015-01-31 18:36:36.680; org.apache.solr.schema.FileExchangeRateProvider; Reloading exchange rates from file currency.xml
INFO  - 2015-01-31 18:36:36.693; org.apache.solr.core.CoreContainer; Creating SolrCore 'ProductsCoreTest' using configuration from instancedir /opt/migros/solr/ProductsCoreTest/
INFO  - 2015-01-31 18:36:36.693; org.apache.solr.core.SolrCore; solr.NRTCachingDirectoryFactory
INFO  - 2015-01-31 18:36:36.693; org.apache.solr.core.SolrCore; [ProductsCoreTest] Opening new SolrCore at /opt/migros/solr/ProductsCoreTest/, dataDir=/opt/migros/data/ProductsCoreTest/
INFO  - 2015-01-31 18:36:36.693; org.apache.solr.core.JmxMonitoredMap; JMX monitoring is enabled. Adding Solr mbeans to JMX Server: com.sun.jmx.mbeanserver.JmxMBeanServer@200a570f
INFO  - 2015-01-31 18:36:36.694; org.apache.solr.core.SolrCore; [ProductsCoreTest] Added SolrEventListener for newSearcher: org.apache.solr.core.QuerySenderListener{queries=[]}
INFO  - 2015-01-31 18:36:36.694; org.apache.solr.core.SolrCore; [ProductsCoreTest] Added SolrEventListener for firstSearcher: org.apache.solr.core.QuerySenderListener{queries=[]}
INFO  - 2015-01-31 18:36:36.694; org.apache.solr.core.CachingDirectoryFactory; return new directory for /opt/migros/data/ProductsCoreTest
INFO  - 2015-01-31 18:36:36.695; org.apache.solr.core.SolrCore; New index directory detected: old=null new=/opt/migros/data/ProductsCoreTest/index/
INFO  - 2015-01-31 18:36:36.695; org.apache.solr.core.CachingDirectoryFactory; return new directory for /opt/migros/data/ProductsCoreTest/index
INFO  - 2015-01-31 18:36:36.696; org.apache.solr.core.SolrCore; created json: solr.JSONResponseWriter
INFO  - 2015-01-31 18:36:36.696; org.apache.solr.core.SolrCore; adding lazy queryResponseWriter: solr.VelocityResponseWriter
INFO  - 2015-01-31 18:36:36.696; org.apache.solr.core.SolrCore; created velocity: solr.VelocityResponseWriter
INFO  - 2015-01-31 18:36:36.696; org.apache.solr.core.SolrCore; created xslt: solr.XSLTResponseWriter
INFO  - 2015-01-31 18:36:36.696; org.apache.solr.response.XSLTResponseWriter; xsltCacheLifetimeSeconds=5
INFO  - 2015-01-31 18:36:36.698; org.apache.solr.core.SolrCore; no updateRequestProcessorChain defined as default, creating implicit default
INFO  - 2015-01-31 18:36:36.698; org.apache.solr.core.RequestHandlers; created /myselect2: solr.SearchHandler
INFO  - 2015-01-31 18:36:36.698; org.apache.solr.core.RequestHandlers; created /myselect: solr.SearchHandler
INFO  - 2015-01-31 18:36:36.698; org.apache.solr.core.RequestHandlers; created /select: solr.SearchHandler
INFO  - 2015-01-31 18:36:36.699; org.apache.solr.core.RequestHandlers; created /query: solr.SearchHandler
INFO  - 2015-01-31 18:36:36.699; org.apache.solr.core.RequestHandlers; created /get: solr.RealTimeGetHandler
INFO  - 2015-01-31 18:36:36.699; org.apache.solr.core.RequestHandlers; created /browse: solr.SearchHandler
INFO  - 2015-01-31 18:36:36.700; org.apache.solr.core.RequestHandlers; created /update: solr.UpdateRequestHandler
INFO  - 2015-01-31 18:36:36.700; org.apache.solr.core.RequestHandlers; created /update/json: solr.UpdateRequestHandler
INFO  - 2015-01-31 18:36:36.700; org.apache.solr.core.RequestHandlers; created /update/csv: solr.UpdateRequestHandler
INFO  - 2015-01-31 18:36:36.700; org.apache.solr.core.RequestHandlers; adding lazy requestHandler: solr.extraction.ExtractingRequestHandler
INFO  - 2015-01-31 18:36:36.700; org.apache.solr.core.RequestHandlers; created /update/extract: solr.extraction.ExtractingRequestHandler
INFO  - 2015-01-31 18:36:36.700; org.apache.solr.core.RequestHandlers; adding lazy requestHandler: solr.FieldAnalysisRequestHandler
INFO  - 2015-01-31 18:36:36.701; org.apache.solr.core.RequestHandlers; created /analysis/field: solr.FieldAnalysisRequestHandler
INFO  - 2015-01-31 18:36:36.701; org.apache.solr.core.RequestHandlers; adding lazy requestHandler: solr.DocumentAnalysisRequestHandler
INFO  - 2015-01-31 18:36:36.701; org.apache.solr.core.RequestHandlers; created /analysis/document: solr.DocumentAnalysisRequestHandler
INFO  - 2015-01-31 18:36:36.701; org.apache.solr.core.RequestHandlers; created /admin/: solr.admin.AdminHandlers
INFO  - 2015-01-31 18:36:36.701; org.apache.solr.core.RequestHandlers; created /admin/ping: solr.PingRequestHandler
INFO  - 2015-01-31 18:36:36.702; org.apache.solr.core.RequestHandlers; created /debug/dump: solr.DumpRequestHandler
INFO  - 2015-01-31 18:36:36.702; org.apache.solr.core.RequestHandlers; created /replication: solr.ReplicationHandler
INFO  - 2015-01-31 18:36:36.702; org.apache.solr.core.RequestHandlers; adding lazy requestHandler: solr.SearchHandler
INFO  - 2015-01-31 18:36:36.702; org.apache.solr.core.RequestHandlers; created /spell: solr.SearchHandler
INFO  - 2015-01-31 18:36:36.702; org.apache.solr.core.RequestHandlers; created /suggest_topic: org.apache.solr.handler.component.SearchHandler
INFO  - 2015-01-31 18:36:36.703; org.apache.solr.core.RequestHandlers; created /suggest: org.apache.solr.handler.component.SearchHandler
INFO  - 2015-01-31 18:36:36.703; org.apache.solr.core.RequestHandlers; adding lazy requestHandler: solr.SearchHandler
INFO  - 2015-01-31 18:36:36.703; org.apache.solr.core.RequestHandlers; created /tvrh: solr.SearchHandler
INFO  - 2015-01-31 18:36:36.703; org.apache.solr.core.RequestHandlers; adding lazy requestHandler: solr.SearchHandler
INFO  - 2015-01-31 18:36:36.703; org.apache.solr.core.RequestHandlers; created /terms: solr.SearchHandler
INFO  - 2015-01-31 18:36:36.703; org.apache.solr.core.RequestHandlers; adding lazy requestHandler: solr.SearchHandler
INFO  - 2015-01-31 18:36:36.703; org.apache.solr.core.RequestHandlers; created /elevate: solr.SearchHandler
INFO  - 2015-01-31 18:36:36.704; org.apache.solr.handler.loader.XMLLoader; xsltCacheLifetimeSeconds=60
INFO  - 2015-01-31 18:36:36.705; org.apache.solr.handler.loader.XMLLoader; xsltCacheLifetimeSeconds=60
INFO  - 2015-01-31 18:36:36.705; org.apache.solr.handler.loader.XMLLoader; xsltCacheLifetimeSeconds=60
INFO  - 2015-01-31 18:36:36.709; org.apache.solr.update.CommitTracker; Hard AutoCommit: disabled
INFO  - 2015-01-31 18:36:36.709; org.apache.solr.update.CommitTracker; Soft AutoCommit: if uncommited for 1000ms; 
INFO  - 2015-01-31 18:36:36.760; org.apache.solr.core.SolrDeletionPolicy; SolrDeletionPolicy.onInit: commits: num=1
	commit{dir=NRTCachingDirectory(MMapDirectory@/opt/migros/data/ProductsCoreTest/index lockFactory=NativeFSLockFactory@/opt/migros/data/ProductsCoreTest/index; maxCacheMB=48.0 maxMergeSizeMB=4.0),segFN=segments_2,generation=2}
INFO  - 2015-01-31 18:36:36.760; org.apache.solr.core.SolrDeletionPolicy; newest commit generation = 2
INFO  - 2015-01-31 18:36:36.780; org.apache.solr.schema.IndexSchema; unique key field: ProductID
INFO  - 2015-01-31 18:36:36.782; org.apache.solr.rest.RestManager$Registry; Registered ManagedResource impl org.apache.solr.rest.schema.analysis.ManagedWordSetResource for path /schema/analysis/stopwords/english
INFO  - 2015-01-31 18:36:36.782; org.apache.solr.rest.RestManager$Registry; Registered ManagedResource impl org.apache.solr.rest.schema.analysis.ManagedSynonymFilterFactory$SynonymManager for path /schema/analysis/synonyms/english
INFO  - 2015-01-31 18:36:36.787; org.apache.solr.schema.FileExchangeRateProvider; Reloading exchange rates from file currency.xml
INFO  - 2015-01-31 18:36:36.789; org.apache.solr.schema.FileExchangeRateProvider; Reloading exchange rates from file currency.xml
INFO  - 2015-01-31 18:36:36.801; org.apache.solr.core.CoreContainer; Creating SolrCore 'ProductsCoreThird' using configuration from instancedir /opt/migros/solr/ProductsCoreThird/
INFO  - 2015-01-31 18:36:36.802; org.apache.solr.core.SolrCore; solr.NRTCachingDirectoryFactory
INFO  - 2015-01-31 18:36:36.802; org.apache.solr.core.SolrCore; [ProductsCoreThird] Opening new SolrCore at /opt/migros/solr/ProductsCoreThird/, dataDir=/opt/migros/data/ProductsCoreThird/
INFO  - 2015-01-31 18:36:36.802; org.apache.solr.core.JmxMonitoredMap; JMX monitoring is enabled. Adding Solr mbeans to JMX Server: com.sun.jmx.mbeanserver.JmxMBeanServer@200a570f
INFO  - 2015-01-31 18:36:36.802; org.apache.solr.core.SolrCore; [ProductsCoreThird] Added SolrEventListener for newSearcher: org.apache.solr.core.QuerySenderListener{queries=[]}
INFO  - 2015-01-31 18:36:36.802; org.apache.solr.core.SolrCore; [ProductsCoreThird] Added SolrEventListener for firstSearcher: org.apache.solr.core.QuerySenderListener{queries=[]}
INFO  - 2015-01-31 18:36:36.803; org.apache.solr.core.CachingDirectoryFactory; return new directory for /opt/migros/data/ProductsCoreThird
INFO  - 2015-01-31 18:36:36.803; org.apache.solr.core.SolrCore; New index directory detected: old=null new=/opt/migros/data/ProductsCoreThird/index/
WARN  - 2015-01-31 18:36:36.803; org.apache.solr.core.SolrCore; [ProductsCoreThird] Solr index directory '/opt/migros/data/ProductsCoreThird/index' doesn't exist. Creating new index...
INFO  - 2015-01-31 18:36:36.803; org.apache.solr.core.CachingDirectoryFactory; return new directory for /opt/migros/data/ProductsCoreThird/index
INFO  - 2015-01-31 18:36:36.936; org.apache.solr.core.SolrDeletionPolicy; SolrDeletionPolicy.onCommit: commits: num=1
	commit{dir=NRTCachingDirectory(MMapDirectory@/opt/migros/data/ProductsCoreThird/index lockFactory=NativeFSLockFactory@/opt/migros/data/ProductsCoreThird/index; maxCacheMB=48.0 maxMergeSizeMB=4.0),segFN=segments_1,generation=1}
INFO  - 2015-01-31 18:36:36.937; org.apache.solr.core.SolrDeletionPolicy; newest commit generation = 1
INFO  - 2015-01-31 18:36:36.938; org.apache.solr.core.SolrCore; created json: solr.JSONResponseWriter
INFO  - 2015-01-31 18:36:36.938; org.apache.solr.core.SolrCore; adding lazy queryResponseWriter: solr.VelocityResponseWriter
INFO  - 2015-01-31 18:36:36.939; org.apache.solr.core.SolrCore; created velocity: solr.VelocityResponseWriter
INFO  - 2015-01-31 18:36:36.939; org.apache.solr.core.SolrCore; created xslt: solr.XSLTResponseWriter
INFO  - 2015-01-31 18:36:36.939; org.apache.solr.response.XSLTResponseWriter; xsltCacheLifetimeSeconds=5
INFO  - 2015-01-31 18:36:36.941; org.apache.solr.core.SolrCore; no updateRequestProcessorChain defined as default, creating implicit default
INFO  - 2015-01-31 18:36:36.943; org.apache.solr.core.RequestHandlers; created /dataimport0: org.apache.solr.handler.dataimport.DataImportHandler
INFO  - 2015-01-31 18:36:36.944; org.apache.solr.core.RequestHandlers; created /dataimport1: org.apache.solr.handler.dataimport.DataImportHandler
INFO  - 2015-01-31 18:36:36.944; org.apache.solr.core.RequestHandlers; created /dataimport2: org.apache.solr.handler.dataimport.DataImportHandler
INFO  - 2015-01-31 18:36:36.944; org.apache.solr.core.RequestHandlers; created /dataimport3: org.apache.solr.handler.dataimport.DataImportHandler
INFO  - 2015-01-31 18:36:36.944; org.apache.solr.core.RequestHandlers; created /dataimport4: org.apache.solr.handler.dataimport.DataImportHandler
INFO  - 2015-01-31 18:36:36.945; org.apache.solr.core.RequestHandlers; created /dataimport5: org.apache.solr.handler.dataimport.DataImportHandler
INFO  - 2015-01-31 18:36:36.945; org.apache.solr.core.RequestHandlers; created /dataimport6: org.apache.solr.handler.dataimport.DataImportHandler
INFO  - 2015-01-31 18:36:36.945; org.apache.solr.core.RequestHandlers; created /dataimport7: org.apache.solr.handler.dataimport.DataImportHandler
INFO  - 2015-01-31 18:36:36.945; org.apache.solr.core.RequestHandlers; created /dataimport8: org.apache.solr.handler.dataimport.DataImportHandler
INFO  - 2015-01-31 18:36:36.945; org.apache.solr.core.RequestHandlers; created /dataimport9: org.apache.solr.handler.dataimport.DataImportHandler
INFO  - 2015-01-31 18:36:36.946; org.apache.solr.core.RequestHandlers; created /dataimport10: org.apache.solr.handler.dataimport.DataImportHandler
INFO  - 2015-01-31 18:36:36.946; org.apache.solr.core.RequestHandlers; created /dataimport11: org.apache.solr.handler.dataimport.DataImportHandler
INFO  - 2015-01-31 18:36:36.946; org.apache.solr.core.RequestHandlers; created /dataimport12: org.apache.solr.handler.dataimport.DataImportHandler
INFO  - 2015-01-31 18:36:36.946; org.apache.solr.core.RequestHandlers; created /dataimport13: org.apache.solr.handler.dataimport.DataImportHandler
INFO  - 2015-01-31 18:36:36.946; org.apache.solr.core.RequestHandlers; created /dataimport14: org.apache.solr.handler.dataimport.DataImportHandler
INFO  - 2015-01-31 18:36:36.947; org.apache.solr.core.RequestHandlers; created /dataimport15: org.apache.solr.handler.dataimport.DataImportHandler
INFO  - 2015-01-31 18:36:36.947; org.apache.solr.core.RequestHandlers; created /dataimport16: org.apache.solr.handler.dataimport.DataImportHandler
INFO  - 2015-01-31 18:36:36.947; org.apache.solr.core.RequestHandlers; created /dataimport17: org.apache.solr.handler.dataimport.DataImportHandler
INFO  - 2015-01-31 18:36:36.947; org.apache.solr.core.RequestHandlers; created /dataimport18: org.apache.solr.handler.dataimport.DataImportHandler
INFO  - 2015-01-31 18:36:36.948; org.apache.solr.core.RequestHandlers; created /dataimport19: org.apache.solr.handler.dataimport.DataImportHandler
INFO  - 2015-01-31 18:36:36.948; org.apache.solr.core.RequestHandlers; created /dataimport20: org.apache.solr.handler.dataimport.DataImportHandler
INFO  - 2015-01-31 18:36:36.948; org.apache.solr.core.RequestHandlers; created /dataimport21: org.apache.solr.handler.dataimport.DataImportHandler
INFO  - 2015-01-31 18:36:36.948; org.apache.solr.core.RequestHandlers; created /dataimport22: org.apache.solr.handler.dataimport.DataImportHandler
INFO  - 2015-01-31 18:36:36.948; org.apache.solr.core.RequestHandlers; created /dataimport23: org.apache.solr.handler.dataimport.DataImportHandler
INFO  - 2015-01-31 18:36:36.949; org.apache.solr.core.RequestHandlers; created /myselect2: solr.SearchHandler
INFO  - 2015-01-31 18:36:36.949; org.apache.solr.core.RequestHandlers; created /myselect: solr.SearchHandler
INFO  - 2015-01-31 18:36:36.949; org.apache.solr.core.RequestHandlers; created /select: solr.SearchHandler
INFO  - 2015-01-31 18:36:36.949; org.apache.solr.core.RequestHandlers; created /query: solr.SearchHandler
INFO  - 2015-01-31 18:36:36.949; org.apache.solr.core.RequestHandlers; created /get: solr.RealTimeGetHandler
INFO  - 2015-01-31 18:36:36.950; org.apache.solr.core.RequestHandlers; created /browse: solr.SearchHandler
INFO  - 2015-01-31 18:36:36.950; org.apache.solr.core.RequestHandlers; created /update: solr.UpdateRequestHandler
INFO  - 2015-01-31 18:36:36.950; org.apache.solr.core.RequestHandlers; created /update/json: solr.UpdateRequestHandler
INFO  - 2015-01-31 18:36:36.950; org.apache.solr.core.RequestHandlers; created /update/csv: solr.UpdateRequestHandler
INFO  - 2015-01-31 18:36:36.950; org.apache.solr.core.RequestHandlers; adding lazy requestHandler: solr.extraction.ExtractingRequestHandler
INFO  - 2015-01-31 18:36:36.950; org.apache.solr.core.RequestHandlers; created /update/extract: solr.extraction.ExtractingRequestHandler
INFO  - 2015-01-31 18:36:36.950; org.apache.solr.core.RequestHandlers; adding lazy requestHandler: solr.FieldAnalysisRequestHandler
INFO  - 2015-01-31 18:36:36.951; org.apache.solr.core.RequestHandlers; created /analysis/field: solr.FieldAnalysisRequestHandler
INFO  - 2015-01-31 18:36:36.951; org.apache.solr.core.RequestHandlers; adding lazy requestHandler: solr.DocumentAnalysisRequestHandler
INFO  - 2015-01-31 18:36:36.951; org.apache.solr.core.RequestHandlers; created /analysis/document: solr.DocumentAnalysisRequestHandler
INFO  - 2015-01-31 18:36:36.951; org.apache.solr.core.RequestHandlers; created /admin/: solr.admin.AdminHandlers
INFO  - 2015-01-31 18:36:36.951; org.apache.solr.core.RequestHandlers; created /admin/ping: solr.PingRequestHandler
INFO  - 2015-01-31 18:36:36.951; org.apache.solr.core.RequestHandlers; created /debug/dump: solr.DumpRequestHandler
INFO  - 2015-01-31 18:36:36.952; org.apache.solr.core.RequestHandlers; created /replication: solr.ReplicationHandler
INFO  - 2015-01-31 18:36:36.952; org.apache.solr.core.RequestHandlers; adding lazy requestHandler: solr.SearchHandler
INFO  - 2015-01-31 18:36:36.952; org.apache.solr.core.RequestHandlers; created /spell: solr.SearchHandler
INFO  - 2015-01-31 18:36:36.952; org.apache.solr.core.RequestHandlers; created /suggest_topic: org.apache.solr.handler.component.SearchHandler
INFO  - 2015-01-31 18:36:36.952; org.apache.solr.core.RequestHandlers; created /suggest: org.apache.solr.handler.component.SearchHandler
INFO  - 2015-01-31 18:36:36.952; org.apache.solr.core.RequestHandlers; adding lazy requestHandler: solr.SearchHandler
INFO  - 2015-01-31 18:36:36.953; org.apache.solr.core.RequestHandlers; created /tvrh: solr.SearchHandler
INFO  - 2015-01-31 18:36:36.953; org.apache.solr.core.RequestHandlers; adding lazy requestHandler: solr.SearchHandler
INFO  - 2015-01-31 18:36:36.953; org.apache.solr.core.RequestHandlers; created /terms: solr.SearchHandler
INFO  - 2015-01-31 18:36:36.953; org.apache.solr.core.RequestHandlers; adding lazy requestHandler: solr.SearchHandler
INFO  - 2015-01-31 18:36:36.953; org.apache.solr.core.RequestHandlers; created /elevate: solr.SearchHandler
INFO  - 2015-01-31 18:36:36.954; org.apache.solr.handler.loader.XMLLoader; xsltCacheLifetimeSeconds=60
INFO  - 2015-01-31 18:36:36.954; org.apache.solr.handler.loader.XMLLoader; xsltCacheLifetimeSeconds=60
INFO  - 2015-01-31 18:36:36.955; org.apache.solr.handler.loader.XMLLoader; xsltCacheLifetimeSeconds=60
INFO  - 2015-01-31 18:36:36.957; org.apache.solr.update.CommitTracker; Hard AutoCommit: disabled
INFO  - 2015-01-31 18:36:36.957; org.apache.solr.update.CommitTracker; Soft AutoCommit: if uncommited for 1000ms; 
INFO  - 2015-01-31 18:36:36.958; org.apache.solr.core.SolrDeletionPolicy; SolrDeletionPolicy.onInit: commits: num=1
	commit{dir=NRTCachingDirectory(MMapDirectory@/opt/migros/data/ProductsCoreThird/index lockFactory=NativeFSLockFactory@/opt/migros/data/ProductsCoreThird/index; maxCacheMB=48.0 maxMergeSizeMB=4.0),segFN=segments_1,generation=1}
INFO  - 2015-01-31 18:36:36.958; org.apache.solr.core.SolrDeletionPolicy; newest commit generation = 1
INFO  - 2015-01-31 18:36:36.959; org.apache.solr.search.SolrIndexSearcher; Opening Searcher@6972138d[ProductsCoreThird] main
INFO  - 2015-01-31 18:36:36.959; org.apache.solr.rest.ManagedResourceStorage$FileStorageIO; File-based storage initialized to use dir: /opt/migros/solr/ProductsCoreThird/conf
INFO  - 2015-01-31 18:36:36.959; org.apache.solr.rest.RestManager; Initializing RestManager with initArgs: {storageDir=/opt/migros/solr/ProductsCoreThird/conf/}
INFO  - 2015-01-31 18:36:36.959; org.apache.solr.rest.ManagedResourceStorage; Reading _rest_managed.json using file:dir=/opt/migros/solr/ProductsCoreThird/conf
WARN  - 2015-01-31 18:36:36.960; org.apache.solr.rest.ManagedResource; No stored data found for /rest/managed
WARN  - 2015-01-31 18:36:36.960; org.apache.solr.rest.ManagedResource; No registered observers for /rest/managed
INFO  - 2015-01-31 18:36:36.960; org.apache.solr.rest.RestManager; Initializing 2 registered ManagedResources
INFO  - 2015-01-31 18:36:36.960; org.apache.solr.rest.ManagedResourceStorage; Reading _schema_analysis_stopwords_english.json using file:dir=/opt/migros/solr/ProductsCoreThird/conf
INFO  - 2015-01-31 18:36:36.960; org.apache.solr.rest.ManagedResourceStorage; Loaded LinkedHashMap at path _schema_analysis_stopwords_english.json using file:dir=/opt/migros/solr/ProductsCoreThird/conf
INFO  - 2015-01-31 18:36:36.960; org.apache.solr.rest.ManagedResource; Loaded initArgs {ignoreCase=true} for /schema/analysis/stopwords/english
INFO  - 2015-01-31 18:36:36.960; org.apache.solr.rest.schema.analysis.ManagedWordSetResource; Loaded 35 words for /schema/analysis/stopwords/english
INFO  - 2015-01-31 18:36:36.961; org.apache.solr.rest.ManagedResource; Notified 1 observers of /schema/analysis/stopwords/english
INFO  - 2015-01-31 18:36:36.961; org.apache.solr.rest.ManagedResourceStorage; Reading _schema_analysis_synonyms_english.json using file:dir=/opt/migros/solr/ProductsCoreThird/conf
INFO  - 2015-01-31 18:36:36.961; org.apache.solr.rest.ManagedResourceStorage; Loaded LinkedHashMap at path _schema_analysis_synonyms_english.json using file:dir=/opt/migros/solr/ProductsCoreThird/conf
INFO  - 2015-01-31 18:36:36.961; org.apache.solr.rest.ManagedResource; Loaded initArgs {ignoreCase=true,format=solr} for /schema/analysis/synonyms/english
INFO  - 2015-01-31 18:36:36.961; org.apache.solr.rest.schema.analysis.ManagedSynonymFilterFactory$SynonymManager; Loaded 3 synonym mappings for /schema/analysis/synonyms/english
INFO  - 2015-01-31 18:36:36.961; org.apache.solr.rest.ManagedResource; Notified 1 observers of /schema/analysis/synonyms/english
INFO  - 2015-01-31 18:36:36.961; org.apache.solr.handler.component.SpellCheckComponent; Initializing spell checkers
INFO  - 2015-01-31 18:36:36.962; org.apache.solr.spelling.DirectSolrSpellChecker; init: {name=default,field=suggest,classname=solr.DirectSolrSpellChecker,distanceMeasure=internal,accuracy=0.5,maxEdits=2,minPrefix=1,maxInspections=5,minQueryLength=4,maxQueryFrequency=0.01}
INFO  - 2015-01-31 18:36:36.962; org.apache.solr.handler.component.SpellCheckComponent; No queryConverter defined, using default converter
INFO  - 2015-01-31 18:36:36.962; org.apache.solr.handler.component.SpellCheckComponent; Initializing spell checkers
INFO  - 2015-01-31 18:36:36.962; org.apache.solr.spelling.suggest.Suggester; init: {name=suggestDictionary,classname=org.apache.solr.spelling.suggest.Suggester,lookupImpl=org.apache.solr.spelling.suggest.fst.FSTLookupFactory,field=suggest,threshold=0.0,buildOnCommit=true,distanceMeasure=internal,accuracy=0.5,maxEdits=2,minPrefix=1,maxInspections=10,minQueryLength=4,maxQueryFrequency=0.01}
INFO  - 2015-01-31 18:36:36.962; org.apache.solr.handler.component.SpellCheckComponent; Registering newSearcher listener for spellchecker: suggestDictionary
INFO  - 2015-01-31 18:36:36.962; org.apache.solr.handler.component.SpellCheckComponent; No queryConverter defined, using default converter
INFO  - 2015-01-31 18:36:36.963; org.apache.solr.handler.component.QueryElevationComponent; Loading QueryElevation from: /opt/migros/solr/ProductsCoreThird/conf/elevate.xml
INFO  - 2015-01-31 18:36:36.972; org.apache.solr.handler.ReplicationHandler; Commits will be reserved for  10000
INFO  - 2015-01-31 18:36:36.972; org.apache.solr.core.QuerySenderListener; QuerySenderListener sending requests to Searcher@6972138d[ProductsCoreThird] main{StandardDirectoryReader(segments_1:1:nrt)}
INFO  - 2015-01-31 18:36:36.973; org.apache.solr.core.QuerySenderListener; QuerySenderListener done.
INFO  - 2015-01-31 18:36:36.973; org.apache.solr.handler.component.SpellCheckComponent$SpellCheckerListener; Loading spell index for spellchecker: default
INFO  - 2015-01-31 18:36:36.973; org.apache.solr.handler.component.SpellCheckComponent$SpellCheckerListener; Loading spell index for spellchecker: wordbreak
INFO  - 2015-01-31 18:36:36.973; org.apache.solr.handler.component.SpellCheckComponent$SpellCheckerListener; Loading spell index for spellchecker: suggestDictionary
INFO  - 2015-01-31 18:36:36.973; org.apache.solr.spelling.suggest.Suggester; reload()
INFO  - 2015-01-31 18:36:36.973; org.apache.solr.spelling.suggest.Suggester; build()
INFO  - 2015-01-31 18:36:36.975; org.apache.solr.core.SolrCore; [ProductsCoreThird] Registered new searcher Searcher@6972138d[ProductsCoreThird] main{StandardDirectoryReader(segments_1:1:nrt)}
INFO  - 2015-01-31 18:36:36.977; org.apache.solr.core.CoreContainer; registering core: ProductsCoreThird
INFO  - 2015-01-31 18:36:37.059; org.apache.solr.search.SolrIndexSearcher; Opening Searcher@a674b6c[ProductsCoreTest] main
INFO  - 2015-01-31 18:36:37.069; org.apache.solr.rest.ManagedResourceStorage$FileStorageIO; File-based storage initialized to use dir: /opt/migros/solr/ProductsCoreTest/conf
INFO  - 2015-01-31 18:36:37.069; org.apache.solr.rest.RestManager; Initializing RestManager with initArgs: {storageDir=/opt/migros/solr/ProductsCoreTest/conf/}
INFO  - 2015-01-31 18:36:37.069; org.apache.solr.rest.ManagedResourceStorage; Reading _rest_managed.json using file:dir=/opt/migros/solr/ProductsCoreTest/conf
WARN  - 2015-01-31 18:36:37.070; org.apache.solr.rest.ManagedResource; No stored data found for /rest/managed
WARN  - 2015-01-31 18:36:37.070; org.apache.solr.rest.ManagedResource; No registered observers for /rest/managed
INFO  - 2015-01-31 18:36:37.070; org.apache.solr.rest.RestManager; Initializing 2 registered ManagedResources
INFO  - 2015-01-31 18:36:37.070; org.apache.solr.rest.ManagedResourceStorage; Reading _schema_analysis_stopwords_english.json using file:dir=/opt/migros/solr/ProductsCoreTest/conf
INFO  - 2015-01-31 18:36:37.070; org.apache.solr.rest.ManagedResourceStorage; Loaded LinkedHashMap at path _schema_analysis_stopwords_english.json using file:dir=/opt/migros/solr/ProductsCoreTest/conf
INFO  - 2015-01-31 18:36:37.070; org.apache.solr.rest.ManagedResource; Loaded initArgs {ignoreCase=true} for /schema/analysis/stopwords/english
INFO  - 2015-01-31 18:36:37.070; org.apache.solr.rest.schema.analysis.ManagedWordSetResource; Loaded 35 words for /schema/analysis/stopwords/english
INFO  - 2015-01-31 18:36:37.070; org.apache.solr.rest.ManagedResource; Notified 1 observers of /schema/analysis/stopwords/english
INFO  - 2015-01-31 18:36:37.071; org.apache.solr.rest.ManagedResourceStorage; Reading _schema_analysis_synonyms_english.json using file:dir=/opt/migros/solr/ProductsCoreTest/conf
INFO  - 2015-01-31 18:36:37.071; org.apache.solr.rest.ManagedResourceStorage; Loaded LinkedHashMap at path _schema_analysis_synonyms_english.json using file:dir=/opt/migros/solr/ProductsCoreTest/conf
INFO  - 2015-01-31 18:36:37.071; org.apache.solr.rest.ManagedResource; Loaded initArgs {ignoreCase=true,format=solr} for /schema/analysis/synonyms/english
INFO  - 2015-01-31 18:36:37.071; org.apache.solr.rest.schema.analysis.ManagedSynonymFilterFactory$SynonymManager; Loaded 3 synonym mappings for /schema/analysis/synonyms/english
INFO  - 2015-01-31 18:36:37.071; org.apache.solr.rest.ManagedResource; Notified 1 observers of /schema/analysis/synonyms/english
INFO  - 2015-01-31 18:36:37.071; org.apache.solr.handler.component.SpellCheckComponent; Initializing spell checkers
INFO  - 2015-01-31 18:36:37.071; org.apache.solr.spelling.DirectSolrSpellChecker; init: {name=default,field=suggest,classname=solr.DirectSolrSpellChecker,distanceMeasure=internal,accuracy=0.5,maxEdits=2,minPrefix=1,maxInspections=5,minQueryLength=4,maxQueryFrequency=0.01}
INFO  - 2015-01-31 18:36:37.072; org.apache.solr.handler.component.SpellCheckComponent; No queryConverter defined, using default converter
INFO  - 2015-01-31 18:36:37.072; org.apache.solr.handler.component.SpellCheckComponent; Initializing spell checkers
INFO  - 2015-01-31 18:36:37.072; org.apache.solr.spelling.suggest.Suggester; init: {name=suggestDictionary,classname=org.apache.solr.spelling.suggest.Suggester,lookupImpl=org.apache.solr.spelling.suggest.fst.FSTLookupFactory,field=suggest,threshold=0.0,buildOnCommit=true,distanceMeasure=internal,accuracy=0.5,maxEdits=2,minPrefix=1,maxInspections=10,minQueryLength=4,maxQueryFrequency=0.01}
INFO  - 2015-01-31 18:36:37.072; org.apache.solr.handler.component.SpellCheckComponent; Registering newSearcher listener for spellchecker: suggestDictionary
INFO  - 2015-01-31 18:36:37.072; org.apache.solr.handler.component.SpellCheckComponent; No queryConverter defined, using default converter
INFO  - 2015-01-31 18:36:37.072; org.apache.solr.handler.component.QueryElevationComponent; Loading QueryElevation from: /opt/migros/solr/ProductsCoreTest/conf/elevate.xml
INFO  - 2015-01-31 18:36:37.076; org.apache.solr.handler.ReplicationHandler; Commits will be reserved for  10000
INFO  - 2015-01-31 18:36:37.076; org.apache.solr.core.QuerySenderListener; QuerySenderListener sending requests to Searcher@a674b6c[ProductsCoreTest] main{StandardDirectoryReader(segments_2:1165:nrt _b1(4.9):C26781 _c8(4.9):C1321 _ad(4.9):C116 _d5(4.9):C1743 _e2(4.9):C777 _cd(4.9):C95 _dt(4.9):C43 _dw(4.9):C18 _f7(4.9):C278 _f6(4.9):C3 _f4(4.9):C6 _f5(4.9):C7 _f3(4.9):C17 _fa(4.9):C5 _fb(4.9):C1 _f9(4.9):C8 _f8(4.9):C10 _fd(4.9):C4 _ff(4.9):C8 _fe(4.9):C11 _fc(4.9):C15 _fg(4.9):C5 _fh(4.9):C7 _fi(4.9):C2 _fk(4.9):C11 _fj(4.9):C28 _fl(4.9):C2 _fm(4.9):C2 _fo(4.9):C2 _fn(4.9):C2 _fq(4.9):C1 _fp(4.9):C47 _fr(4.9):C14 _fs(4.9):C4 _ft(4.9):C4 _fu(4.9):C5 _fv(4.9):C5 _fw(4.9):C5 _fx(4.9):C11 _fy(4.9):C8 _fz(4.9):C4 _g0(4.9):C11 _g1(4.9):C2 _g2(4.9):C7 _g3(4.9):C1)}
INFO  - 2015-01-31 18:36:37.076; org.apache.solr.core.QuerySenderListener; QuerySenderListener done.
INFO  - 2015-01-31 18:36:37.077; org.apache.solr.handler.component.SpellCheckComponent$SpellCheckerListener; Loading spell index for spellchecker: default
INFO  - 2015-01-31 18:36:37.077; org.apache.solr.handler.component.SpellCheckComponent$SpellCheckerListener; Loading spell index for spellchecker: wordbreak
INFO  - 2015-01-31 18:36:37.077; org.apache.solr.handler.component.SpellCheckComponent$SpellCheckerListener; Loading spell index for spellchecker: suggestDictionary
INFO  - 2015-01-31 18:36:37.077; org.apache.solr.spelling.suggest.Suggester; reload()
INFO  - 2015-01-31 18:36:37.077; org.apache.solr.spelling.suggest.Suggester; build()
INFO  - 2015-01-31 18:36:37.178; org.apache.solr.core.SolrCore; [ProductsCoreTest] Registered new searcher Searcher@a674b6c[ProductsCoreTest] main{StandardDirectoryReader(segments_2:1165:nrt _b1(4.9):C26781 _c8(4.9):C1321 _ad(4.9):C116 _d5(4.9):C1743 _e2(4.9):C777 _cd(4.9):C95 _dt(4.9):C43 _dw(4.9):C18 _f7(4.9):C278 _f6(4.9):C3 _f4(4.9):C6 _f5(4.9):C7 _f3(4.9):C17 _fa(4.9):C5 _fb(4.9):C1 _f9(4.9):C8 _f8(4.9):C10 _fd(4.9):C4 _ff(4.9):C8 _fe(4.9):C11 _fc(4.9):C15 _fg(4.9):C5 _fh(4.9):C7 _fi(4.9):C2 _fk(4.9):C11 _fj(4.9):C28 _fl(4.9):C2 _fm(4.9):C2 _fo(4.9):C2 _fn(4.9):C2 _fq(4.9):C1 _fp(4.9):C47 _fr(4.9):C14 _fs(4.9):C4 _ft(4.9):C4 _fu(4.9):C5 _fv(4.9):C5 _fw(4.9):C5 _fx(4.9):C11 _fy(4.9):C8 _fz(4.9):C4 _g0(4.9):C11 _g1(4.9):C2 _g2(4.9):C7 _g3(4.9):C1)}
INFO  - 2015-01-31 18:36:37.179; org.apache.solr.core.CoreContainer; registering core: ProductsCoreTest
INFO  - 2015-01-31 18:36:37.182; org.apache.solr.servlet.SolrDispatchFilter; user.dir=/opt/migros/solr/ProductsCoreThird/conf/dataconfigs
INFO  - 2015-01-31 18:36:37.182; org.apache.solr.servlet.SolrDispatchFilter; SolrDispatchFilter.init() done
INFO  - 2015-01-31 18:36:38.131; org.apache.solr.servlet.SolrDispatchFilter; [admin] webapp=null path=/admin/cores params={indexInfo=false&wt=json&_=1422729396939} status=0 QTime=3 
INFO  - 2015-01-31 18:36:38.383; org.apache.solr.servlet.SolrDispatchFilter; [admin] webapp=null path=/admin/info/system params={wt=json&_=1422729397179} status=0 QTime=7 
INFO  - 2015-01-31 18:36:41.948; org.apache.solr.core.SolrCore; [ProductsCoreThird] webapp=/migrossolr path=/admin/file/ params={file=admin-extra.menu-top.html&contentType=text/html;charset%3Dutf-8&_=1422729400722} status=0 QTime=4 
INFO  - 2015-01-31 18:36:42.151; org.apache.solr.core.SolrCore; [ProductsCoreThird] webapp=/migrossolr path=/admin/file/ params={file=admin-extra.menu-bottom.html&contentType=text/html;charset%3Dutf-8&_=1422729400722} status=0 QTime=1 
INFO  - 2015-01-31 18:36:42.729; org.apache.solr.core.SolrCore; [ProductsCoreThird] webapp=/migrossolr path=/admin/luke params={show=index&numTerms=0&wt=json&_=1422729401515} status=0 QTime=3 
INFO  - 2015-01-31 18:36:42.753; org.apache.solr.core.SolrCore; [ProductsCoreThird] webapp=/migrossolr path=/replication params={wt=json&command=details&_=1422729401518} status=0 QTime=2 
INFO  - 2015-01-31 18:36:42.779; org.apache.solr.core.SolrCore; [ProductsCoreThird] webapp=/migrossolr path=/admin/system params={wt=json&_=1422729401520} status=0 QTime=4 
INFO  - 2015-01-31 18:36:42.920; org.apache.solr.core.SolrCore; [ProductsCoreThird] webapp=/migrossolr path=/admin/file/ params={file=admin-extra.html&_=1422729401520} status=0 QTime=0 
INFO  - 2015-01-31 18:36:42.947; org.apache.solr.core.SolrCore; [ProductsCoreThird] webapp=/migrossolr path=/admin/ping params={action=status&wt=json&_=1422729401523} status=503 QTime=2 
INFO  - 2015-01-31 18:36:44.159; org.apache.solr.core.SolrCore; [ProductsCoreThird] webapp=/migrossolr path=/admin/mbeans params={cat=QUERYHANDLER&wt=json&_=1422729402985} status=0 QTime=2 
INFO  - 2015-01-31 18:36:45.245; org.apache.solr.core.SolrCore; [ProductsCoreThird] webapp=/migrossolr path=/admin/mbeans params={cat=QUERYHANDLER&wt=json&_=1422729404064} status=0 QTime=1 
INFO  - 2015-01-31 18:36:45.254; org.apache.solr.core.SolrCore; [ProductsCoreThird] webapp=/migrossolr path=/dataimport6 params={indent=true&command=show-config&_=1422729404067} status=0 QTime=8 
INFO  - 2015-01-31 18:36:45.275; org.apache.solr.core.SolrCore; [ProductsCoreThird] webapp=/migrossolr path=/dataimport6 params={indent=true&wt=json&command=status&_=1422729404069} status=0 QTime=1 
INFO  - 2015-01-31 18:37:31.127; org.apache.solr.handler.dataimport.DataImporter; Loading DIH Configuration: /opt/migros/solr/ProductsCoreThird/conf/dataconfigs/data-config6.xml
INFO  - 2015-01-31 18:37:31.149; org.apache.solr.handler.dataimport.config.DIHConfiguration; The field :Keyword present in DataConfig does not have a counterpart in Solr Schema
INFO  - 2015-01-31 18:37:31.149; org.apache.solr.handler.dataimport.DataImporter; Data Configuration loaded successfully
INFO  - 2015-01-31 18:37:31.156; org.apache.solr.handler.dataimport.DataImporter; Starting Full Import
INFO  - 2015-01-31 18:37:31.157; org.apache.solr.core.SolrCore; [ProductsCoreThird] webapp=/migrossolr path=/dataimport6 params={debug=false&optimize=false&indent=true&commit=true&clean=true&rows=1500&wt=json&command=full-import&verbose=false} status=0 QTime=30 
WARN  - 2015-01-31 18:37:31.169; org.apache.solr.handler.dataimport.SimplePropertiesWriter; Unable to read: dataimport6.properties
INFO  - 2015-01-31 18:37:31.346; org.apache.solr.core.SolrCore; [ProductsCoreThird] webapp=/migrossolr path=/dataimport6 params={indent=true&wt=json&command=status&_=1422729450175} status=0 QTime=1 
INFO  - 2015-01-31 18:37:32.218; org.apache.solr.update.DirectUpdateHandler2; start commit{,optimize=false,openSearcher=true,waitSearcher=true,expungeDeletes=false,softCommit=true,prepareCommit=false}
INFO  - 2015-01-31 18:37:33.852; org.apache.solr.search.SolrIndexSearcher; Opening Searcher@56b8dee8[ProductsCoreThird] main
INFO  - 2015-01-31 18:37:33.855; org.apache.solr.update.DirectUpdateHandler2; end_commit_flush
INFO  - 2015-01-31 18:37:33.856; org.apache.solr.core.QuerySenderListener; QuerySenderListener sending requests to Searcher@56b8dee8[ProductsCoreThird] main{StandardDirectoryReader(segments_1:4:nrt _0(4.9):C5)}
INFO  - 2015-01-31 18:37:33.856; org.apache.solr.core.QuerySenderListener; QuerySenderListener done.
INFO  - 2015-01-31 18:37:33.856; org.apache.solr.handler.component.SpellCheckComponent$SpellCheckerListener; Building spell index for spell checker: suggestDictionary
INFO  - 2015-01-31 18:37:33.856; org.apache.solr.spelling.suggest.Suggester; build()
INFO  - 2015-01-31 18:37:33.870; org.apache.solr.core.SolrCore; [ProductsCoreThird] Registered new searcher Searcher@56b8dee8[ProductsCoreThird] main{StandardDirectoryReader(segments_1:4:nrt _0(4.9):C5)}
INFO  - 2015-01-31 18:37:33.877; org.apache.solr.core.SolrCore; [ProductsCoreThird] webapp=/migrossolr path=/admin/mbeans params={cat=QUERYHANDLER&wt=json&_=1422729452690} status=0 QTime=0 
INFO  - 2015-01-31 18:37:34.065; org.apache.solr.core.SolrCore; [ProductsCoreThird] webapp=/migrossolr path=/dataimport7 params={indent=true&command=show-config&_=1422729452690} status=0 QTime=1 
INFO  - 2015-01-31 18:37:34.066; org.apache.solr.core.SolrCore; [ProductsCoreThird] webapp=/migrossolr path=/dataimport7 params={indent=true&wt=json&command=status&_=1422729452692} status=0 QTime=0 
INFO  - 2015-01-31 18:37:34.464; org.apache.solr.update.DirectUpdateHandler2; start commit{,optimize=false,openSearcher=true,waitSearcher=true,expungeDeletes=false,softCommit=true,prepareCommit=false}
INFO  - 2015-01-31 18:37:35.682; org.apache.solr.search.SolrIndexSearcher; Opening Searcher@f883392[ProductsCoreThird] main
INFO  - 2015-01-31 18:37:35.683; org.apache.solr.update.DirectUpdateHandler2; end_commit_flush
INFO  - 2015-01-31 18:37:35.683; org.apache.solr.core.QuerySenderListener; QuerySenderListener sending requests to Searcher@f883392[ProductsCoreThird] main{StandardDirectoryReader(segments_1:6:nrt _0(4.9):C5 _1(4.9):C2)}
INFO  - 2015-01-31 18:37:35.683; org.apache.solr.core.QuerySenderListener; QuerySenderListener done.
INFO  - 2015-01-31 18:37:35.683; org.apache.solr.handler.component.SpellCheckComponent$SpellCheckerListener; Building spell index for spell checker: suggestDictionary
INFO  - 2015-01-31 18:37:35.683; org.apache.solr.spelling.suggest.Suggester; build()
INFO  - 2015-01-31 18:37:35.694; org.apache.solr.core.SolrCore; [ProductsCoreThird] Registered new searcher Searcher@f883392[ProductsCoreThird] main{StandardDirectoryReader(segments_1:6:nrt _0(4.9):C5 _1(4.9):C2)}
INFO  - 2015-01-31 18:37:36.622; org.apache.solr.update.DirectUpdateHandler2; start commit{,optimize=false,openSearcher=true,waitSearcher=true,expungeDeletes=false,softCommit=true,prepareCommit=false}
INFO  - 2015-01-31 18:37:36.956; org.apache.solr.search.SolrIndexSearcher; Opening Searcher@363d6b6d[ProductsCoreThird] main
INFO  - 2015-01-31 18:37:36.957; org.apache.solr.update.DirectUpdateHandler2; end_commit_flush
INFO  - 2015-01-31 18:37:36.958; org.apache.solr.core.QuerySenderListener; QuerySenderListener sending requests to Searcher@363d6b6d[ProductsCoreThird] main{StandardDirectoryReader(segments_1:8:nrt _0(4.9):C5 _1(4.9):C2 _2(4.9):C6)}
INFO  - 2015-01-31 18:37:36.958; org.apache.solr.core.QuerySenderListener; QuerySenderListener done.
INFO  - 2015-01-31 18:37:36.958; org.apache.solr.handler.component.SpellCheckComponent$SpellCheckerListener; Building spell index for spell checker: suggestDictionary
INFO  - 2015-01-31 18:37:36.958; org.apache.solr.spelling.suggest.Suggester; build()
INFO  - 2015-01-31 18:37:36.971; org.apache.solr.core.SolrCore; [ProductsCoreThird] Registered new searcher Searcher@363d6b6d[ProductsCoreThird] main{StandardDirectoryReader(segments_1:8:nrt _0(4.9):C5 _1(4.9):C2 _2(4.9):C6)}
INFO  - 2015-01-31 18:37:37.920; org.apache.solr.update.DirectUpdateHandler2; start commit{,optimize=false,openSearcher=true,waitSearcher=true,expungeDeletes=false,softCommit=true,prepareCommit=false}
INFO  - 2015-01-31 18:37:38.635; org.apache.solr.search.SolrIndexSearcher; Opening Searcher@6c4bc5ca[ProductsCoreThird] main
INFO  - 2015-01-31 18:37:38.637; org.apache.solr.update.DirectUpdateHandler2; end_commit_flush
INFO  - 2015-01-31 18:37:38.637; org.apache.solr.core.QuerySenderListener; QuerySenderListener sending requests to Searcher@6c4bc5ca[ProductsCoreThird] main{StandardDirectoryReader(segments_1:10:nrt _0(4.9):C5 _1(4.9):C2 _2(4.9):C6 _3(4.9):C11)}
INFO  - 2015-01-31 18:37:38.637; org.apache.solr.core.QuerySenderListener; QuerySenderListener done.
INFO  - 2015-01-31 18:37:38.637; org.apache.solr.handler.component.SpellCheckComponent$SpellCheckerListener; Building spell index for spell checker: suggestDictionary
INFO  - 2015-01-31 18:37:38.637; org.apache.solr.spelling.suggest.Suggester; build()
INFO  - 2015-01-31 18:37:38.653; org.apache.solr.core.SolrCore; [ProductsCoreThird] Registered new searcher Searcher@6c4bc5ca[ProductsCoreThird] main{StandardDirectoryReader(segments_1:10:nrt _0(4.9):C5 _1(4.9):C2 _2(4.9):C6 _3(4.9):C11)}
INFO  - 2015-01-31 18:37:39.597; org.apache.solr.update.DirectUpdateHandler2; start commit{,optimize=false,openSearcher=true,waitSearcher=true,expungeDeletes=false,softCommit=true,prepareCommit=false}
INFO  - 2015-01-31 18:37:41.108; org.apache.solr.handler.dataimport.DataImporter; Loading DIH Configuration: /opt/migros/solr/ProductsCoreThird/conf/dataconfigs/data-config7.xml
INFO  - 2015-01-31 18:37:41.126; org.apache.solr.handler.dataimport.config.DIHConfiguration; The field :Keyword present in DataConfig does not have a counterpart in Solr Schema
INFO  - 2015-01-31 18:37:41.126; org.apache.solr.handler.dataimport.DataImporter; Data Configuration loaded successfully
INFO  - 2015-01-31 18:37:41.127; org.apache.solr.handler.dataimport.DataImporter; Starting Full Import
INFO  - 2015-01-31 18:37:41.127; org.apache.solr.core.SolrCore; [ProductsCoreThird] webapp=/migrossolr path=/dataimport7 params={debug=false&optimize=false&indent=true&commit=true&clean=true&rows=1500&wt=json&command=full-import&verbose=false} status=0 QTime=20 
WARN  - 2015-01-31 18:37:41.133; org.apache.solr.handler.dataimport.SimplePropertiesWriter; Unable to read: dataimport7.properties
INFO  - 2015-01-31 18:37:41.341; org.apache.solr.core.SolrCore; [ProductsCoreThird] webapp=/migrossolr path=/dataimport7 params={indent=true&wt=json&command=status&_=1422729460152} status=0 QTime=1 
INFO  - 2015-01-31 18:37:41.908; org.apache.solr.search.SolrIndexSearcher; Opening Searcher@90a02a9[ProductsCoreThird] main
INFO  - 2015-01-31 18:37:41.909; org.apache.solr.update.DirectUpdateHandler2; end_commit_flush
INFO  - 2015-01-31 18:37:41.909; org.apache.solr.core.QuerySenderListener; QuerySenderListener sending requests to Searcher@90a02a9[ProductsCoreThird] main{StandardDirectoryReader(segments_1:11:nrt _0(4.9):C5 _1(4.9):C2 _2(4.9):C6 _3(4.9):C11 _4(4.9):C7)}
INFO  - 2015-01-31 18:37:41.910; org.apache.solr.core.QuerySenderListener; QuerySenderListener done.
INFO  - 2015-01-31 18:37:41.910; org.apache.solr.handler.component.SpellCheckComponent$SpellCheckerListener; Building spell index for spell checker: suggestDictionary
INFO  - 2015-01-31 18:37:41.910; org.apache.solr.spelling.suggest.Suggester; build()
INFO  - 2015-01-31 18:37:41.926; org.apache.solr.core.SolrCore; [ProductsCoreThird] Registered new searcher Searcher@90a02a9[ProductsCoreThird] main{StandardDirectoryReader(segments_1:11:nrt _0(4.9):C5 _1(4.9):C2 _2(4.9):C6 _3(4.9):C11 _4(4.9):C7)}
INFO  - 2015-01-31 18:37:41.932; org.apache.solr.search.SolrIndexSearcher; Opening Searcher@fc246ee[ProductsCoreThird] realtime
INFO  - 2015-01-31 18:37:42.858; org.apache.solr.update.DirectUpdateHandler2; start commit{,optimize=false,openSearcher=true,waitSearcher=true,expungeDeletes=false,softCommit=true,prepareCommit=false}
INFO  - 2015-01-31 18:37:43.707; org.apache.solr.core.SolrCore; [ProductsCoreThird] webapp=/migrossolr path=/admin/mbeans params={cat=QUERYHANDLER&wt=json&_=1422729462494} status=0 QTime=1 
INFO  - 2015-01-31 18:37:43.724; org.apache.solr.core.SolrCore; [ProductsCoreThird] webapp=/migrossolr path=/dataimport8 params={indent=true&command=show-config&_=1422729462497} status=0 QTime=0 
INFO  - 2015-01-31 18:37:43.725; org.apache.solr.core.SolrCore; [ProductsCoreThird] webapp=/migrossolr path=/dataimport8 params={indent=true&wt=json&command=status&_=1422729462497} status=0 QTime=0 
INFO  - 2015-01-31 18:37:49.110; org.apache.solr.search.SolrIndexSearcher; Opening Searcher@5d84e902[ProductsCoreThird] main
INFO  - 2015-01-31 18:37:49.112; org.apache.solr.update.DirectUpdateHandler2; end_commit_flush
INFO  - 2015-01-31 18:37:49.112; org.apache.solr.core.QuerySenderListener; QuerySenderListener sending requests to Searcher@5d84e902[ProductsCoreThird] main{StandardDirectoryReader(segments_1:19:nrt _6(4.9):C7 _5(4.9):C6)}
INFO  - 2015-01-31 18:37:49.112; org.apache.solr.core.QuerySenderListener; QuerySenderListener done.
INFO  - 2015-01-31 18:37:49.112; org.apache.solr.handler.component.SpellCheckComponent$SpellCheckerListener; Building spell index for spell checker: suggestDictionary
INFO  - 2015-01-31 18:37:49.112; org.apache.solr.spelling.suggest.Suggester; build()
INFO  - 2015-01-31 18:37:49.131; org.apache.solr.core.SolrCore; [ProductsCoreThird] Registered new searcher Searcher@5d84e902[ProductsCoreThird] main{StandardDirectoryReader(segments_1:19:nrt _6(4.9):C7 _5(4.9):C6)}
INFO  - 2015-01-31 18:37:49.135; org.apache.solr.update.DirectUpdateHandler2; start commit{,optimize=false,openSearcher=true,waitSearcher=true,expungeDeletes=false,softCommit=true,prepareCommit=false}
INFO  - 2015-01-31 18:37:49.684; org.apache.solr.handler.dataimport.DataImporter; Loading DIH Configuration: /opt/migros/solr/ProductsCoreThird/conf/dataconfigs/data-config8.xml
INFO  - 2015-01-31 18:37:49.692; org.apache.solr.handler.dataimport.config.DIHConfiguration; The field :Keyword present in DataConfig does not have a counterpart in Solr Schema
INFO  - 2015-01-31 18:37:49.693; org.apache.solr.handler.dataimport.DataImporter; Data Configuration loaded successfully
INFO  - 2015-01-31 18:37:49.693; org.apache.solr.handler.dataimport.DataImporter; Starting Full Import
INFO  - 2015-01-31 18:37:49.693; org.apache.solr.core.SolrCore; [ProductsCoreThird] webapp=/migrossolr path=/dataimport8 params={debug=false&optimize=false&indent=true&commit=true&clean=true&rows=1500&wt=json&command=full-import&verbose=false} status=0 QTime=9 
WARN  - 2015-01-31 18:37:49.698; org.apache.solr.handler.dataimport.SimplePropertiesWriter; Unable to read: dataimport8.properties
INFO  - 2015-01-31 18:37:49.881; org.apache.solr.core.SolrCore; [ProductsCoreThird] webapp=/migrossolr path=/dataimport8 params={indent=true&wt=json&command=status&_=1422729468712} status=0 QTime=1 
INFO  - 2015-01-31 18:37:50.998; org.apache.solr.search.SolrIndexSearcher; Opening Searcher@d44e5f4[ProductsCoreThird] main
INFO  - 2015-01-31 18:37:51.000; org.apache.solr.update.DirectUpdateHandler2; end_commit_flush
INFO  - 2015-01-31 18:37:51.000; org.apache.solr.core.QuerySenderListener; QuerySenderListener sending requests to Searcher@d44e5f4[ProductsCoreThird] main{StandardDirectoryReader(segments_1:21:nrt _6(4.9):C7 _5(4.9):C6 _8(4.9):C12 _7(4.9):C21)}
INFO  - 2015-01-31 18:37:51.001; org.apache.solr.core.QuerySenderListener; QuerySenderListener done.
INFO  - 2015-01-31 18:37:51.001; org.apache.solr.handler.component.SpellCheckComponent$SpellCheckerListener; Building spell index for spell checker: suggestDictionary
INFO  - 2015-01-31 18:37:51.001; org.apache.solr.spelling.suggest.Suggester; build()
INFO  - 2015-01-31 18:37:51.004; org.apache.solr.search.SolrIndexSearcher; Opening Searcher@19dd55bf[ProductsCoreThird] realtime
INFO  - 2015-01-31 18:37:51.014; org.apache.solr.core.SolrCore; [ProductsCoreThird] Registered new searcher Searcher@d44e5f4[ProductsCoreThird] main{StandardDirectoryReader(segments_1:21:nrt _6(4.9):C7 _5(4.9):C6 _8(4.9):C12 _7(4.9):C21)}
INFO  - 2015-01-31 18:37:51.168; org.apache.solr.update.DirectUpdateHandler2; start commit{,optimize=false,openSearcher=true,waitSearcher=true,expungeDeletes=false,softCommit=true,prepareCommit=false}
INFO  - 2015-01-31 18:37:51.263; org.apache.solr.search.SolrIndexSearcher; Opening Searcher@662146e2[ProductsCoreThird] main
INFO  - 2015-01-31 18:37:51.264; org.apache.solr.update.DirectUpdateHandler2; end_commit_flush
INFO  - 2015-01-31 18:37:51.265; org.apache.solr.core.QuerySenderListener; QuerySenderListener sending requests to Searcher@662146e2[ProductsCoreThird] main{StandardDirectoryReader(segments_1:31:nrt _9(4.9):C6 _a(4.9):C1 _b(4.9):C2)}
INFO  - 2015-01-31 18:37:51.265; org.apache.solr.core.QuerySenderListener; QuerySenderListener done.
INFO  - 2015-01-31 18:37:51.265; org.apache.solr.handler.component.SpellCheckComponent$SpellCheckerListener; Building spell index for spell checker: suggestDictionary
INFO  - 2015-01-31 18:37:51.265; org.apache.solr.spelling.suggest.Suggester; build()
INFO  - 2015-01-31 18:37:51.276; org.apache.solr.core.SolrCore; [ProductsCoreThird] Registered new searcher Searcher@662146e2[ProductsCoreThird] main{StandardDirectoryReader(segments_1:31:nrt _9(4.9):C6 _a(4.9):C1 _b(4.9):C2)}
INFO  - 2015-01-31 18:37:52.184; org.apache.solr.update.DirectUpdateHandler2; start commit{,optimize=false,openSearcher=true,waitSearcher=true,expungeDeletes=false,softCommit=true,prepareCommit=false}
INFO  - 2015-01-31 18:37:52.342; org.apache.solr.core.SolrCore; [ProductsCoreThird] webapp=/migrossolr path=/dataimport9 params={indent=true&command=show-config&_=1422729471173} status=0 QTime=0 
INFO  - 2015-01-31 18:37:52.342; org.apache.solr.core.SolrCore; [ProductsCoreThird] webapp=/migrossolr path=/admin/mbeans params={cat=QUERYHANDLER&wt=json&_=1422729471173} status=0 QTime=1 
INFO  - 2015-01-31 18:37:52.351; org.apache.solr.core.SolrCore; [ProductsCoreThird] webapp=/migrossolr path=/dataimport9 params={indent=true&wt=json&command=status&_=1422729471175} status=0 QTime=0 
INFO  - 2015-01-31 18:37:53.582; org.apache.solr.search.SolrIndexSearcher; Opening Searcher@445d2d22[ProductsCoreThird] main
INFO  - 2015-01-31 18:37:53.584; org.apache.solr.update.DirectUpdateHandler2; end_commit_flush
INFO  - 2015-01-31 18:37:53.584; org.apache.solr.core.QuerySenderListener; QuerySenderListener sending requests to Searcher@445d2d22[ProductsCoreThird] main{StandardDirectoryReader(segments_1:38:nrt _9(4.9):C6 _a(4.9):C1 _b(4.9):C2 _d(4.9):C4 _e(4.9):C13 _c(4.9):C12)}
INFO  - 2015-01-31 18:37:53.584; org.apache.solr.core.QuerySenderListener; QuerySenderListener done.
INFO  - 2015-01-31 18:37:53.584; org.apache.solr.handler.component.SpellCheckComponent$SpellCheckerListener; Building spell index for spell checker: suggestDictionary
INFO  - 2015-01-31 18:37:53.585; org.apache.solr.spelling.suggest.Suggester; build()
INFO  - 2015-01-31 18:37:53.599; org.apache.solr.core.SolrCore; [ProductsCoreThird] Registered new searcher Searcher@445d2d22[ProductsCoreThird] main{StandardDirectoryReader(segments_1:38:nrt _9(4.9):C6 _a(4.9):C1 _b(4.9):C2 _d(4.9):C4 _e(4.9):C13 _c(4.9):C12)}
INFO  - 2015-01-31 18:37:53.600; org.apache.solr.update.DirectUpdateHandler2; start commit{,optimize=false,openSearcher=true,waitSearcher=true,expungeDeletes=false,softCommit=true,prepareCommit=false}
INFO  - 2015-01-31 18:37:55.120; org.apache.solr.search.SolrIndexSearcher; Opening Searcher@269c948[ProductsCoreThird] main
INFO  - 2015-01-31 18:37:55.122; org.apache.solr.update.DirectUpdateHandler2; end_commit_flush
INFO  - 2015-01-31 18:37:55.122; org.apache.solr.core.QuerySenderListener; QuerySenderListener sending requests to Searcher@269c948[ProductsCoreThird] main{StandardDirectoryReader(segments_1:44:nrt _9(4.9):C6 _a(4.9):C1 _b(4.9):C2 _d(4.9):C4 _e(4.9):C13 _c(4.9):C12 _f(4.9):C5 _g(4.9):C9 _h(4.9):C4)}
INFO  - 2015-01-31 18:37:55.123; org.apache.solr.core.QuerySenderListener; QuerySenderListener done.
INFO  - 2015-01-31 18:37:55.123; org.apache.solr.handler.component.SpellCheckComponent$SpellCheckerListener; Building spell index for spell checker: suggestDictionary
INFO  - 2015-01-31 18:37:55.123; org.apache.solr.spelling.suggest.Suggester; build()
INFO  - 2015-01-31 18:37:55.137; org.apache.solr.core.SolrCore; [ProductsCoreThird] Registered new searcher Searcher@269c948[ProductsCoreThird] main{StandardDirectoryReader(segments_1:44:nrt _9(4.9):C6 _a(4.9):C1 _b(4.9):C2 _d(4.9):C4 _e(4.9):C13 _c(4.9):C12 _f(4.9):C5 _g(4.9):C9 _h(4.9):C4)}
INFO  - 2015-01-31 18:37:55.138; org.apache.solr.update.DirectUpdateHandler2; start commit{,optimize=false,openSearcher=true,waitSearcher=true,expungeDeletes=false,softCommit=true,prepareCommit=false}
INFO  - 2015-01-31 18:37:55.458; org.apache.solr.search.SolrIndexSearcher; Opening Searcher@622c397b[ProductsCoreThird] main
INFO  - 2015-01-31 18:37:55.460; org.apache.solr.update.DirectUpdateHandler2; end_commit_flush
INFO  - 2015-01-31 18:37:55.460; org.apache.solr.core.QuerySenderListener; QuerySenderListener sending requests to Searcher@622c397b[ProductsCoreThird] main{StandardDirectoryReader(segments_1:50:nrt _9(4.9):C6 _a(4.9):C1 _b(4.9):C2 _d(4.9):C4 _e(4.9):C13 _c(4.9):C12 _f(4.9):C5 _g(4.9):C9 _h(4.9):C4 _k(4.9):C9 _j(4.9):C15 _i(4.9):C6)}
INFO  - 2015-01-31 18:37:55.460; org.apache.solr.core.QuerySenderListener; QuerySenderListener done.
INFO  - 2015-01-31 18:37:55.460; org.apache.solr.handler.component.SpellCheckComponent$SpellCheckerListener; Building spell index for spell checker: suggestDictionary
INFO  - 2015-01-31 18:37:55.461; org.apache.solr.spelling.suggest.Suggester; build()
INFO  - 2015-01-31 18:37:55.472; org.apache.solr.core.SolrCore; [ProductsCoreThird] Registered new searcher Searcher@622c397b[ProductsCoreThird] main{StandardDirectoryReader(segments_1:50:nrt _9(4.9):C6 _a(4.9):C1 _b(4.9):C2 _d(4.9):C4 _e(4.9):C13 _c(4.9):C12 _f(4.9):C5 _g(4.9):C9 _h(4.9):C4 _k(4.9):C9 _j(4.9):C15 _i(4.9):C6)}
INFO  - 2015-01-31 18:37:56.163; org.apache.solr.update.DirectUpdateHandler2; start commit{,optimize=false,openSearcher=true,waitSearcher=true,expungeDeletes=false,softCommit=true,prepareCommit=false}
INFO  - 2015-01-31 18:37:58.071; org.apache.solr.search.SolrIndexSearcher; Opening Searcher@78ceff9b[ProductsCoreThird] main
INFO  - 2015-01-31 18:37:58.073; org.apache.solr.update.DirectUpdateHandler2; end_commit_flush
INFO  - 2015-01-31 18:37:58.074; org.apache.solr.core.QuerySenderListener; QuerySenderListener sending requests to Searcher@78ceff9b[ProductsCoreThird] main{StandardDirectoryReader(segments_1:56:nrt _9(4.9):C6 _a(4.9):C1 _b(4.9):C2 _d(4.9):C4 _e(4.9):C13 _c(4.9):C12 _f(4.9):C5 _g(4.9):C9 _h(4.9):C4 _k(4.9):C9 _j(4.9):C15 _i(4.9):C6 _m(4.9):C6 _n(4.9):C3 _l(4.9):C7)}
INFO  - 2015-01-31 18:37:58.074; org.apache.solr.core.QuerySenderListener; QuerySenderListener done.
INFO  - 2015-01-31 18:37:58.074; org.apache.solr.handler.component.SpellCheckComponent$SpellCheckerListener; Building spell index for spell checker: suggestDictionary
INFO  - 2015-01-31 18:37:58.074; org.apache.solr.spelling.suggest.Suggester; build()
INFO  - 2015-01-31 18:37:58.088; org.apache.solr.core.SolrCore; [ProductsCoreThird] Registered new searcher Searcher@78ceff9b[ProductsCoreThird] main{StandardDirectoryReader(segments_1:56:nrt _9(4.9):C6 _a(4.9):C1 _b(4.9):C2 _d(4.9):C4 _e(4.9):C13 _c(4.9):C12 _f(4.9):C5 _g(4.9):C9 _h(4.9):C4 _k(4.9):C9 _j(4.9):C15 _i(4.9):C6 _m(4.9):C6 _n(4.9):C3 _l(4.9):C7)}
INFO  - 2015-01-31 18:37:58.089; org.apache.solr.update.DirectUpdateHandler2; start commit{,optimize=false,openSearcher=true,waitSearcher=true,expungeDeletes=false,softCommit=true,prepareCommit=false}
INFO  - 2015-01-31 18:37:58.442; org.apache.solr.handler.dataimport.DataImporter; Loading DIH Configuration: /opt/migros/solr/ProductsCoreThird/conf/dataconfigs/data-config9.xml
INFO  - 2015-01-31 18:37:58.450; org.apache.solr.handler.dataimport.config.DIHConfiguration; The field :Keyword present in DataConfig does not have a counterpart in Solr Schema
INFO  - 2015-01-31 18:37:58.450; org.apache.solr.handler.dataimport.DataImporter; Data Configuration loaded successfully
INFO  - 2015-01-31 18:37:58.451; org.apache.solr.handler.dataimport.DataImporter; Starting Full Import
INFO  - 2015-01-31 18:37:58.451; org.apache.solr.core.SolrCore; [ProductsCoreThird] webapp=/migrossolr path=/dataimport9 params={debug=false&optimize=false&indent=true&commit=true&clean=true&rows=1500&wt=json&command=full-import&verbose=false} status=0 QTime=9 
WARN  - 2015-01-31 18:37:58.455; org.apache.solr.handler.dataimport.SimplePropertiesWriter; Unable to read: dataimport9.properties
INFO  - 2015-01-31 18:37:58.671; org.apache.solr.core.SolrCore; [ProductsCoreThird] webapp=/migrossolr path=/dataimport9 params={indent=true&wt=json&command=status&_=1422729477466} status=0 QTime=0 
INFO  - 2015-01-31 18:37:58.722; org.apache.solr.search.SolrIndexSearcher; Opening Searcher@24bdc8d[ProductsCoreThird] main
INFO  - 2015-01-31 18:37:58.724; org.apache.solr.update.DirectUpdateHandler2; end_commit_flush
INFO  - 2015-01-31 18:37:58.725; org.apache.solr.core.QuerySenderListener; QuerySenderListener sending requests to Searcher@24bdc8d[ProductsCoreThird] main{StandardDirectoryReader(segments_1:61:nrt _9(4.9):C6 _a(4.9):C1 _b(4.9):C2 _d(4.9):C4 _e(4.9):C13 _c(4.9):C12 _f(4.9):C5 _g(4.9):C9 _h(4.9):C4 _k(4.9):C9 _j(4.9):C15 _i(4.9):C6 _m(4.9):C6 _n(4.9):C3 _l(4.9):C7 _o(4.9):C7 _p(4.9):C11 _q(4.9):C8)}
INFO  - 2015-01-31 18:37:58.725; org.apache.solr.core.QuerySenderListener; QuerySenderListener done.
INFO  - 2015-01-31 18:37:58.725; org.apache.solr.handler.component.SpellCheckComponent$SpellCheckerListener; Building spell index for spell checker: suggestDictionary
INFO  - 2015-01-31 18:37:58.725; org.apache.solr.spelling.suggest.Suggester; build()
INFO  - 2015-01-31 18:37:58.737; org.apache.solr.core.SolrCore; [ProductsCoreThird] Registered new searcher Searcher@24bdc8d[ProductsCoreThird] main{StandardDirectoryReader(segments_1:61:nrt _9(4.9):C6 _a(4.9):C1 _b(4.9):C2 _d(4.9):C4 _e(4.9):C13 _c(4.9):C12 _f(4.9):C5 _g(4.9):C9 _h(4.9):C4 _k(4.9):C9 _j(4.9):C15 _i(4.9):C6 _m(4.9):C6 _n(4.9):C3 _l(4.9):C7 _o(4.9):C7 _p(4.9):C11 _q(4.9):C8)}
INFO  - 2015-01-31 18:37:58.754; org.apache.solr.search.SolrIndexSearcher; Opening Searcher@57494ec8[ProductsCoreThird] realtime
INFO  - 2015-01-31 18:37:59.319; org.apache.solr.update.DirectUpdateHandler2; start commit{,optimize=false,openSearcher=true,waitSearcher=true,expungeDeletes=false,softCommit=true,prepareCommit=false}
INFO  - 2015-01-31 18:38:01.302; org.apache.solr.core.SolrCore; [ProductsCoreThird] webapp=/migrossolr path=/dataimport9 params={indent=true&wt=json&command=status&_=1422729480118} status=0 QTime=0 
INFO  - 2015-01-31 18:38:01.991; org.apache.solr.search.SolrIndexSearcher; Opening Searcher@6684d216[ProductsCoreThird] main
INFO  - 2015-01-31 18:38:01.992; org.apache.solr.update.DirectUpdateHandler2; end_commit_flush
INFO  - 2015-01-31 18:38:01.993; org.apache.solr.core.QuerySenderListener; QuerySenderListener sending requests to Searcher@6684d216[ProductsCoreThird] main{StandardDirectoryReader(segments_1:77:nrt _t(4.9):C4 _v(4.9):C9 _w(4.9):C5 _u(4.9):C6)}
INFO  - 2015-01-31 18:38:01.993; org.apache.solr.core.QuerySenderListener; QuerySenderListener done.
INFO  - 2015-01-31 18:38:01.993; org.apache.solr.handler.component.SpellCheckComponent$SpellCheckerListener; Building spell index for spell checker: suggestDictionary
INFO  - 2015-01-31 18:38:01.993; org.apache.solr.spelling.suggest.Suggester; build()
INFO  - 2015-01-31 18:38:02.010; org.apache.solr.core.SolrCore; [ProductsCoreThird] Registered new searcher Searcher@6684d216[ProductsCoreThird] main{StandardDirectoryReader(segments_1:77:nrt _t(4.9):C4 _v(4.9):C9 _w(4.9):C5 _u(4.9):C6)}
INFO  - 2015-01-31 18:38:02.016; org.apache.solr.update.DirectUpdateHandler2; start commit{,optimize=false,openSearcher=true,waitSearcher=true,expungeDeletes=false,softCommit=true,prepareCommit=false}
INFO  - 2015-01-31 18:38:04.273; org.apache.solr.search.SolrIndexSearcher; Opening Searcher@68392b1[ProductsCoreThird] main
INFO  - 2015-01-31 18:38:04.275; org.apache.solr.update.DirectUpdateHandler2; end_commit_flush
INFO  - 2015-01-31 18:38:04.275; org.apache.solr.core.QuerySenderListener; QuerySenderListener sending requests to Searcher@68392b1[ProductsCoreThird] main{StandardDirectoryReader(segments_1:85:nrt _t(4.9):C4 _v(4.9):C9 _w(4.9):C5 _u(4.9):C6 _x(4.9):C6 _z(4.9):C7 _10(4.9):C7 _y(4.9):C16)}
INFO  - 2015-01-31 18:38:04.275; org.apache.solr.core.QuerySenderListener; QuerySenderListener done.
INFO  - 2015-01-31 18:38:04.275; org.apache.solr.handler.component.SpellCheckComponent$SpellCheckerListener; Building spell index for spell checker: suggestDictionary
INFO  - 2015-01-31 18:38:04.275; org.apache.solr.spelling.suggest.Suggester; build()
INFO  - 2015-01-31 18:38:04.289; org.apache.solr.core.SolrCore; [ProductsCoreThird] Registered new searcher Searcher@68392b1[ProductsCoreThird] main{StandardDirectoryReader(segments_1:85:nrt _t(4.9):C4 _v(4.9):C9 _w(4.9):C5 _u(4.9):C6 _x(4.9):C6 _z(4.9):C7 _10(4.9):C7 _y(4.9):C16)}
INFO  - 2015-01-31 18:38:04.290; org.apache.solr.update.DirectUpdateHandler2; start commit{,optimize=false,openSearcher=true,waitSearcher=true,expungeDeletes=false,softCommit=true,prepareCommit=false}
INFO  - 2015-01-31 18:38:05.039; org.apache.solr.core.SolrCore; [ProductsCoreThird] webapp=/migrossolr path=/dataimport9 params={indent=true&wt=json&command=status&_=1422729483848} status=0 QTime=0 
INFO  - 2015-01-31 18:38:08.238; org.apache.solr.core.SolrCore; [ProductsCoreThird] webapp=/migrossolr path=/admin/mbeans params={cat=QUERYHANDLER&wt=json&_=1422729487045} status=0 QTime=0 
INFO  - 2015-01-31 18:38:08.252; org.apache.solr.core.SolrCore; [ProductsCoreThird] webapp=/migrossolr path=/dataimport0 params={indent=true&command=show-config&_=1422729487045} status=0 QTime=0 
INFO  - 2015-01-31 18:38:08.262; org.apache.solr.core.SolrCore; [ProductsCoreThird] webapp=/migrossolr path=/dataimport0 params={indent=true&wt=json&command=status&_=1422729487047} status=0 QTime=0 
INFO  - 2015-01-31 18:38:09.081; org.apache.solr.search.SolrIndexSearcher; Opening Searcher@6be3cc8e[ProductsCoreThird] main
INFO  - 2015-01-31 18:38:09.083; org.apache.solr.update.DirectUpdateHandler2; end_commit_flush
INFO  - 2015-01-31 18:38:09.083; org.apache.solr.core.QuerySenderListener; QuerySenderListener sending requests to Searcher@6be3cc8e[ProductsCoreThird] main{StandardDirectoryReader(segments_1:93:nrt _t(4.9):C4 _v(4.9):C9 _w(4.9):C5 _u(4.9):C6 _x(4.9):C6 _z(4.9):C7 _10(4.9):C7 _y(4.9):C16 _13(4.9):C8 _12(4.9):C6 _14(4.9):C16 _11(4.9):C12)}
INFO  - 2015-01-31 18:38:09.084; org.apache.solr.core.QuerySenderListener; QuerySenderListener done.
INFO  - 2015-01-31 18:38:09.084; org.apache.solr.handler.component.SpellCheckComponent$SpellCheckerListener; Building spell index for spell checker: suggestDictionary
INFO  - 2015-01-31 18:38:09.084; org.apache.solr.spelling.suggest.Suggester; build()
INFO  - 2015-01-31 18:38:09.108; org.apache.solr.core.SolrCore; [ProductsCoreThird] Registered new searcher Searcher@6be3cc8e[ProductsCoreThird] main{StandardDirectoryReader(segments_1:93:nrt _t(4.9):C4 _v(4.9):C9 _w(4.9):C5 _u(4.9):C6 _x(4.9):C6 _z(4.9):C7 _10(4.9):C7 _y(4.9):C16 _13(4.9):C8 _12(4.9):C6 _14(4.9):C16 _11(4.9):C12)}
INFO  - 2015-01-31 18:38:09.108; org.apache.solr.update.DirectUpdateHandler2; start commit{,optimize=false,openSearcher=true,waitSearcher=true,expungeDeletes=false,softCommit=true,prepareCommit=false}
INFO  - 2015-01-31 18:38:12.043; org.apache.solr.search.SolrIndexSearcher; Opening Searcher@4124ad9a[ProductsCoreThird] main
INFO  - 2015-01-31 18:38:12.045; org.apache.solr.update.DirectUpdateHandler2; end_commit_flush
INFO  - 2015-01-31 18:38:12.045; org.apache.solr.core.QuerySenderListener; QuerySenderListener sending requests to Searcher@4124ad9a[ProductsCoreThird] main{StandardDirectoryReader(segments_1:101:nrt _t(4.9):C4 _v(4.9):C9 _w(4.9):C5 _u(4.9):C6 _x(4.9):C6 _z(4.9):C7 _10(4.9):C7 _y(4.9):C16 _13(4.9):C8 _12(4.9):C6 _14(4.9):C16 _11(4.9):C12 _16(4.9):C31 _18(4.9):C21 _17(4.9):C24 _15(4.9):C16)}
INFO  - 2015-01-31 18:38:12.046; org.apache.solr.core.QuerySenderListener; QuerySenderListener done.
INFO  - 2015-01-31 18:38:12.046; org.apache.solr.handler.component.SpellCheckComponent$SpellCheckerListener; Building spell index for spell checker: suggestDictionary
INFO  - 2015-01-31 18:38:12.046; org.apache.solr.spelling.suggest.Suggester; build()
INFO  - 2015-01-31 18:38:12.064; org.apache.solr.core.SolrCore; [ProductsCoreThird] Registered new searcher Searcher@4124ad9a[ProductsCoreThird] main{StandardDirectoryReader(segments_1:101:nrt _t(4.9):C4 _v(4.9):C9 _w(4.9):C5 _u(4.9):C6 _x(4.9):C6 _z(4.9):C7 _10(4.9):C7 _y(4.9):C16 _13(4.9):C8 _12(4.9):C6 _14(4.9):C16 _11(4.9):C12 _16(4.9):C31 _18(4.9):C21 _17(4.9):C24 _15(4.9):C16)}
INFO  - 2015-01-31 18:38:12.065; org.apache.solr.update.DirectUpdateHandler2; start commit{,optimize=false,openSearcher=true,waitSearcher=true,expungeDeletes=false,softCommit=true,prepareCommit=false}
INFO  - 2015-01-31 18:38:13.908; org.apache.solr.search.SolrIndexSearcher; Opening Searcher@6ba1175e[ProductsCoreThird] main
INFO  - 2015-01-31 18:38:13.910; org.apache.solr.update.DirectUpdateHandler2; end_commit_flush
INFO  - 2015-01-31 18:38:13.911; org.apache.solr.core.QuerySenderListener; QuerySenderListener sending requests to Searcher@6ba1175e[ProductsCoreThird] main{StandardDirectoryReader(segments_1:109:nrt _t(4.9):C4 _v(4.9):C9 _w(4.9):C5 _u(4.9):C6 _x(4.9):C6 _z(4.9):C7 _10(4.9):C7 _y(4.9):C16 _13(4.9):C8 _12(4.9):C6 _14(4.9):C16 _11(4.9):C12 _16(4.9):C31 _18(4.9):C21 _17(4.9):C24 _15(4.9):C16 _1b(4.9):C10 _19(4.9):C2 _1a(4.9):C4 _1c(4.9):C8)}
INFO  - 2015-01-31 18:38:13.911; org.apache.solr.core.QuerySenderListener; QuerySenderListener done.
INFO  - 2015-01-31 18:38:13.911; org.apache.solr.handler.component.SpellCheckComponent$SpellCheckerListener; Building spell index for spell checker: suggestDictionary
INFO  - 2015-01-31 18:38:13.911; org.apache.solr.spelling.suggest.Suggester; build()
INFO  - 2015-01-31 18:38:13.931; org.apache.solr.core.SolrCore; [ProductsCoreThird] Registered new searcher Searcher@6ba1175e[ProductsCoreThird] main{StandardDirectoryReader(segments_1:109:nrt _t(4.9):C4 _v(4.9):C9 _w(4.9):C5 _u(4.9):C6 _x(4.9):C6 _z(4.9):C7 _10(4.9):C7 _y(4.9):C16 _13(4.9):C8 _12(4.9):C6 _14(4.9):C16 _11(4.9):C12 _16(4.9):C31 _18(4.9):C21 _17(4.9):C24 _15(4.9):C16 _1b(4.9):C10 _19(4.9):C2 _1a(4.9):C4 _1c(4.9):C8)}
INFO  - 2015-01-31 18:38:13.931; org.apache.solr.update.DirectUpdateHandler2; start commit{,optimize=false,openSearcher=true,waitSearcher=true,expungeDeletes=false,softCommit=true,prepareCommit=false}
INFO  - 2015-01-31 18:38:14.117; org.apache.solr.handler.dataimport.DataImporter; Loading DIH Configuration: /opt/migros/solr/ProductsCoreThird/conf/dataconfigs/data-config0.xml
INFO  - 2015-01-31 18:38:14.126; org.apache.solr.handler.dataimport.config.DIHConfiguration; The field :Keyword present in DataConfig does not have a counterpart in Solr Schema
INFO  - 2015-01-31 18:38:14.127; org.apache.solr.handler.dataimport.DataImporter; Data Configuration loaded successfully
INFO  - 2015-01-31 18:38:14.128; org.apache.solr.handler.dataimport.DataImporter; Starting Full Import
INFO  - 2015-01-31 18:38:14.128; org.apache.solr.core.SolrCore; [ProductsCoreThird] webapp=/migrossolr path=/dataimport0 params={debug=false&optimize=false&indent=true&commit=true&clean=true&rows=1500&wt=json&command=full-import&verbose=false} status=0 QTime=11 
WARN  - 2015-01-31 18:38:14.133; org.apache.solr.handler.dataimport.SimplePropertiesWriter; Unable to read: dataimport0.properties
INFO  - 2015-01-31 18:38:14.341; org.apache.solr.core.SolrCore; [ProductsCoreThird] webapp=/migrossolr path=/dataimport0 params={indent=true&wt=json&command=status&_=1422729493144} status=0 QTime=0 
INFO  - 2015-01-31 18:38:15.674; org.apache.solr.search.SolrIndexSearcher; Opening Searcher@33670c6d[ProductsCoreThird] main
INFO  - 2015-01-31 18:38:15.678; org.apache.solr.update.DirectUpdateHandler2; end_commit_flush
INFO  - 2015-01-31 18:38:15.679; org.apache.solr.core.QuerySenderListener; QuerySenderListener sending requests to Searcher@33670c6d[ProductsCoreThird] main{StandardDirectoryReader(segments_1:115:nrt _t(4.9):C4 _v(4.9):C9 _w(4.9):C5 _u(4.9):C6 _x(4.9):C6 _z(4.9):C7 _10(4.9):C7 _y(4.9):C16 _13(4.9):C8 _12(4.9):C6 _14(4.9):C16 _11(4.9):C12 _16(4.9):C31 _18(4.9):C21 _17(4.9):C24 _15(4.9):C16 _1b(4.9):C10 _19(4.9):C2 _1a(4.9):C4 _1c(4.9):C8 _1f(4.9):C1 _1d(4.9):C9 _1g(4.9):C1 _1e(4.9):C10)}
INFO  - 2015-01-31 18:38:15.679; org.apache.solr.core.QuerySenderListener; QuerySenderListener done.
INFO  - 2015-01-31 18:38:15.679; org.apache.solr.handler.component.SpellCheckComponent$SpellCheckerListener; Building spell index for spell checker: suggestDictionary
INFO  - 2015-01-31 18:38:15.679; org.apache.solr.spelling.suggest.Suggester; build()
INFO  - 2015-01-31 18:38:15.691; org.apache.solr.core.SolrCore; [ProductsCoreThird] Registered new searcher Searcher@33670c6d[ProductsCoreThird] main{StandardDirectoryReader(segments_1:115:nrt _t(4.9):C4 _v(4.9):C9 _w(4.9):C5 _u(4.9):C6 _x(4.9):C6 _z(4.9):C7 _10(4.9):C7 _y(4.9):C16 _13(4.9):C8 _12(4.9):C6 _14(4.9):C16 _11(4.9):C12 _16(4.9):C31 _18(4.9):C21 _17(4.9):C24 _15(4.9):C16 _1b(4.9):C10 _19(4.9):C2 _1a(4.9):C4 _1c(4.9):C8 _1f(4.9):C1 _1d(4.9):C9 _1g(4.9):C1 _1e(4.9):C10)}
INFO  - 2015-01-31 18:38:15.692; org.apache.solr.update.DirectUpdateHandler2; start commit{,optimize=false,openSearcher=true,waitSearcher=true,expungeDeletes=false,softCommit=true,prepareCommit=false}
INFO  - 2015-01-31 18:38:15.713; org.apache.solr.search.SolrIndexSearcher; Opening Searcher@5b80e232[ProductsCoreThird] realtime
INFO  - 2015-01-31 18:38:15.713; org.apache.solr.search.SolrIndexSearcher; Opening Searcher@6751b8d3[ProductsCoreThird] main
INFO  - 2015-01-31 18:38:15.714; org.apache.solr.update.DirectUpdateHandler2; end_commit_flush
INFO  - 2015-01-31 18:38:15.714; org.apache.solr.core.QuerySenderListener; QuerySenderListener sending requests to Searcher@6751b8d3[ProductsCoreThird] main{StandardDirectoryReader(segments_1:119:nrt)}
INFO  - 2015-01-31 18:38:15.714; org.apache.solr.core.QuerySenderListener; QuerySenderListener done.
INFO  - 2015-01-31 18:38:15.714; org.apache.solr.handler.component.SpellCheckComponent$SpellCheckerListener; Building spell index for spell checker: suggestDictionary
INFO  - 2015-01-31 18:38:15.714; org.apache.solr.spelling.suggest.Suggester; build()
INFO  - 2015-01-31 18:38:15.715; org.apache.solr.core.SolrCore; [ProductsCoreThird] Registered new searcher Searcher@6751b8d3[ProductsCoreThird] main{StandardDirectoryReader(segments_1:119:nrt)}
INFO  - 2015-01-31 18:38:16.713; org.apache.solr.update.DirectUpdateHandler2; start commit{,optimize=false,openSearcher=true,waitSearcher=true,expungeDeletes=false,softCommit=true,prepareCommit=false}
INFO  - 2015-01-31 18:38:16.976; org.apache.solr.core.SolrCore; [ProductsCoreThird] webapp=/migrossolr path=/admin/mbeans params={cat=QUERYHANDLER&wt=json&_=1422729495736} status=0 QTime=0 
INFO  - 2015-01-31 18:38:16.977; org.apache.solr.core.SolrCore; [ProductsCoreThird] webapp=/migrossolr path=/dataimport1 params={indent=true&command=show-config&_=1422729495737} status=0 QTime=0 
INFO  - 2015-01-31 18:38:16.978; org.apache.solr.core.SolrCore; [ProductsCoreThird] webapp=/migrossolr path=/dataimport1 params={indent=true&wt=json&command=status&_=1422729495738} status=0 QTime=0 
INFO  - 2015-01-31 18:38:22.557; org.apache.solr.handler.dataimport.DataImporter; Loading DIH Configuration: /opt/migros/solr/ProductsCoreThird/conf/dataconfigs/data-config1.xml
INFO  - 2015-01-31 18:38:22.569; org.apache.solr.handler.dataimport.config.DIHConfiguration; The field :Keyword present in DataConfig does not have a counterpart in Solr Schema
INFO  - 2015-01-31 18:38:22.569; org.apache.solr.search.SolrIndexSearcher; Opening Searcher@1fb48f52[ProductsCoreThird] main
INFO  - 2015-01-31 18:38:22.569; org.apache.solr.handler.dataimport.DataImporter; Data Configuration loaded successfully
INFO  - 2015-01-31 18:38:22.570; org.apache.solr.handler.dataimport.DataImporter; Starting Full Import
INFO  - 2015-01-31 18:38:22.571; org.apache.solr.update.DirectUpdateHandler2; end_commit_flush
INFO  - 2015-01-31 18:38:22.570; org.apache.solr.core.SolrCore; [ProductsCoreThird] webapp=/migrossolr path=/dataimport1 params={debug=false&optimize=false&indent=true&commit=true&clean=true&rows=1500&wt=json&command=full-import&verbose=false} status=0 QTime=13 
INFO  - 2015-01-31 18:38:22.571; org.apache.solr.core.QuerySenderListener; QuerySenderListener sending requests to Searcher@1fb48f52[ProductsCoreThird] main{StandardDirectoryReader(segments_1:134:nrt _1n(4.9):C6 _1l(4.9):C2 _1k(4.9):C5 _1m(4.9):C1 _1j(4.9):C4)}
INFO  - 2015-01-31 18:38:22.571; org.apache.solr.core.QuerySenderListener; QuerySenderListener done.
INFO  - 2015-01-31 18:38:22.571; org.apache.solr.handler.component.SpellCheckComponent$SpellCheckerListener; Building spell index for spell checker: suggestDictionary
INFO  - 2015-01-31 18:38:22.571; org.apache.solr.spelling.suggest.Suggester; build()
WARN  - 2015-01-31 18:38:22.577; org.apache.solr.handler.dataimport.SimplePropertiesWriter; Unable to read: dataimport1.properties
INFO  - 2015-01-31 18:38:22.588; org.apache.solr.core.SolrCore; [ProductsCoreThird] Registered new searcher Searcher@1fb48f52[ProductsCoreThird] main{StandardDirectoryReader(segments_1:134:nrt _1n(4.9):C6 _1l(4.9):C2 _1k(4.9):C5 _1m(4.9):C1 _1j(4.9):C4)}
INFO  - 2015-01-31 18:38:22.588; org.apache.solr.update.DirectUpdateHandler2; start commit{,optimize=false,openSearcher=true,waitSearcher=true,expungeDeletes=false,softCommit=true,prepareCommit=false}
INFO  - 2015-01-31 18:38:22.791; org.apache.solr.core.SolrCore; [ProductsCoreThird] webapp=/migrossolr path=/dataimport1 params={indent=true&wt=json&command=status&_=1422729501589} status=0 QTime=1 
INFO  - 2015-01-31 18:38:23.561; org.apache.solr.search.SolrIndexSearcher; Opening Searcher@53785208[ProductsCoreThird] main
INFO  - 2015-01-31 18:38:23.562; org.apache.solr.update.DirectUpdateHandler2; end_commit_flush
INFO  - 2015-01-31 18:38:23.563; org.apache.solr.core.QuerySenderListener; QuerySenderListener sending requests to Searcher@53785208[ProductsCoreThird] main{StandardDirectoryReader(segments_1:139:nrt _1n(4.9):C6 _1l(4.9):C2 _1k(4.9):C5 _1m(4.9):C1 _1j(4.9):C4 _1s(4.9):C3 _1q(4.9):C32 _1p(4.9):C30 _1r(4.9):C7 _1o(4.9):C41)}
INFO  - 2015-01-31 18:38:23.563; org.apache.solr.core.QuerySenderListener; QuerySenderListener done.
INFO  - 2015-01-31 18:38:23.563; org.apache.solr.handler.component.SpellCheckComponent$SpellCheckerListener; Building spell index for spell checker: suggestDictionary
INFO  - 2015-01-31 18:38:23.563; org.apache.solr.spelling.suggest.Suggester; build()
INFO  - 2015-01-31 18:38:23.565; org.apache.solr.search.SolrIndexSearcher; Opening Searcher@6a44bd7a[ProductsCoreThird] realtime
INFO  - 2015-01-31 18:38:23.581; org.apache.solr.core.SolrCore; [ProductsCoreThird] Registered new searcher Searcher@53785208[ProductsCoreThird] main{StandardDirectoryReader(segments_1:139:nrt _1n(4.9):C6 _1l(4.9):C2 _1k(4.9):C5 _1m(4.9):C1 _1j(4.9):C4 _1s(4.9):C3 _1q(4.9):C32 _1p(4.9):C30 _1r(4.9):C7 _1o(4.9):C41)}
INFO  - 2015-01-31 18:38:23.633; org.apache.solr.update.DirectUpdateHandler2; start commit{,optimize=false,openSearcher=true,waitSearcher=true,expungeDeletes=false,softCommit=true,prepareCommit=false}
INFO  - 2015-01-31 18:38:25.317; org.apache.solr.core.SolrCore; [ProductsCoreThird] webapp=/migrossolr path=/admin/mbeans params={cat=QUERYHANDLER&wt=json&_=1422729504089} status=0 QTime=1 
INFO  - 2015-01-31 18:38:25.328; org.apache.solr.core.SolrCore; [ProductsCoreThird] webapp=/migrossolr path=/dataimport2 params={indent=true&command=show-config&_=1422729504089} status=0 QTime=1 
INFO  - 2015-01-31 18:38:25.342; org.apache.solr.core.SolrCore; [ProductsCoreThird] webapp=/migrossolr path=/dataimport2 params={indent=true&wt=json&command=status&_=1422729504093} status=0 QTime=0 
INFO  - 2015-01-31 18:38:27.510; org.apache.solr.search.SolrIndexSearcher; Opening Searcher@53caff2a[ProductsCoreThird] main
INFO  - 2015-01-31 18:38:27.512; org.apache.solr.update.DirectUpdateHandler2; end_commit_flush
INFO  - 2015-01-31 18:38:27.512; org.apache.solr.core.QuerySenderListener; QuerySenderListener sending requests to Searcher@53caff2a[ProductsCoreThird] main{StandardDirectoryReader(segments_1:159:nrt _1x(4.9):C1 _1t(4.9):C2 _1u(4.9):C3 _1y(4.9):C1 _1v(4.9):C2 _1w(4.9):C2)}
INFO  - 2015-01-31 18:38:27.512; org.apache.solr.core.QuerySenderListener; QuerySenderListener done.
INFO  - 2015-01-31 18:38:27.512; org.apache.solr.handler.component.SpellCheckComponent$SpellCheckerListener; Building spell index for spell checker: suggestDictionary
INFO  - 2015-01-31 18:38:27.512; org.apache.solr.spelling.suggest.Suggester; build()
INFO  - 2015-01-31 18:38:27.528; org.apache.solr.core.SolrCore; [ProductsCoreThird] Registered new searcher Searcher@53caff2a[ProductsCoreThird] main{StandardDirectoryReader(segments_1:159:nrt _1x(4.9):C1 _1t(4.9):C2 _1u(4.9):C3 _1y(4.9):C1 _1v(4.9):C2 _1w(4.9):C2)}
INFO  - 2015-01-31 18:38:27.529; org.apache.solr.update.DirectUpdateHandler2; start commit{,optimize=false,openSearcher=true,waitSearcher=true,expungeDeletes=false,softCommit=true,prepareCommit=false}
INFO  - 2015-01-31 18:38:32.346; org.apache.solr.handler.dataimport.DataImporter; Loading DIH Configuration: /opt/migros/solr/ProductsCoreThird/conf/dataconfigs/data-config2.xml
INFO  - 2015-01-31 18:38:32.354; org.apache.solr.handler.dataimport.config.DIHConfiguration; The field :Keyword present in DataConfig does not have a counterpart in Solr Schema
INFO  - 2015-01-31 18:38:32.354; org.apache.solr.handler.dataimport.DataImporter; Data Configuration loaded successfully
INFO  - 2015-01-31 18:38:32.355; org.apache.solr.core.SolrCore; [ProductsCoreThird] webapp=/migrossolr path=/dataimport2 params={debug=false&optimize=false&indent=true&commit=true&clean=true&rows=1500&wt=json&command=full-import&verbose=false} status=0 QTime=9 
INFO  - 2015-01-31 18:38:32.355; org.apache.solr.handler.dataimport.DataImporter; Starting Full Import
WARN  - 2015-01-31 18:38:32.360; org.apache.solr.handler.dataimport.SimplePropertiesWriter; Unable to read: dataimport2.properties
INFO  - 2015-01-31 18:38:32.594; org.apache.solr.core.SolrCore; [ProductsCoreThird] webapp=/migrossolr path=/dataimport2 params={indent=true&wt=json&command=status&_=1422729511383} status=0 QTime=1 
INFO  - 2015-01-31 18:38:32.600; org.apache.solr.search.SolrIndexSearcher; Opening Searcher@5dcce6e1[ProductsCoreThird] main
INFO  - 2015-01-31 18:38:32.602; org.apache.solr.update.DirectUpdateHandler2; end_commit_flush
INFO  - 2015-01-31 18:38:32.602; org.apache.solr.core.QuerySenderListener; QuerySenderListener sending requests to Searcher@5dcce6e1[ProductsCoreThird] main{StandardDirectoryReader(segments_1:171:nrt _1x(4.9):C1 _1t(4.9):C2 _1u(4.9):C3 _1y(4.9):C1 _1v(4.9):C2 _1w(4.9):C2 _20(4.9):C19 _22(4.9):C32 _21(4.9):C30 _23(4.9):C14 _24(4.9):C8 _1z(4.9):C6)}
INFO  - 2015-01-31 18:38:32.602; org.apache.solr.core.QuerySenderListener; QuerySenderListener done.
INFO  - 2015-01-31 18:38:32.602; org.apache.solr.handler.component.SpellCheckComponent$SpellCheckerListener; Building spell index for spell checker: suggestDictionary
INFO  - 2015-01-31 18:38:32.602; org.apache.solr.spelling.suggest.Suggester; build()
INFO  - 2015-01-31 18:38:32.619; org.apache.solr.core.SolrCore; [ProductsCoreThird] Registered new searcher Searcher@5dcce6e1[ProductsCoreThird] main{StandardDirectoryReader(segments_1:171:nrt _1x(4.9):C1 _1t(4.9):C2 _1u(4.9):C3 _1y(4.9):C1 _1v(4.9):C2 _1w(4.9):C2 _20(4.9):C19 _22(4.9):C32 _21(4.9):C30 _23(4.9):C14 _24(4.9):C8 _1z(4.9):C6)}
INFO  - 2015-01-31 18:38:32.619; org.apache.solr.update.DirectUpdateHandler2; start commit{,optimize=false,openSearcher=true,waitSearcher=true,expungeDeletes=false,softCommit=true,prepareCommit=false}
INFO  - 2015-01-31 18:38:34.229; org.apache.solr.search.SolrIndexSearcher; Opening Searcher@481da808[ProductsCoreThird] main
INFO  - 2015-01-31 18:38:34.232; org.apache.solr.update.DirectUpdateHandler2; end_commit_flush
INFO  - 2015-01-31 18:38:34.232; org.apache.solr.core.QuerySenderListener; QuerySenderListener sending requests to Searcher@481da808[ProductsCoreThird] main{StandardDirectoryReader(segments_1:177:nrt _1x(4.9):C1 _1t(4.9):C2 _1u(4.9):C3 _1y(4.9):C1 _1v(4.9):C2 _1w(4.9):C2 _20(4.9):C19 _22(4.9):C32 _21(4.9):C30 _23(4.9):C14 _24(4.9):C8 _1z(4.9):C6 _29(4.9):C15 _27(4.9):C9 _25(4.9):C31 _2a(4.9):C4 _28(4.9):C35 _26(4.9):C19)}
INFO  - 2015-01-31 18:38:34.232; org.apache.solr.core.QuerySenderListener; QuerySenderListener done.
INFO  - 2015-01-31 18:38:34.232; org.apache.solr.handler.component.SpellCheckComponent$SpellCheckerListener; Building spell index for spell checker: suggestDictionary
INFO  - 2015-01-31 18:38:34.232; org.apache.solr.spelling.suggest.Suggester; build()
INFO  - 2015-01-31 18:38:34.236; org.apache.solr.search.SolrIndexSearcher; Opening Searcher@f0046a4[ProductsCoreThird] realtime
INFO  - 2015-01-31 18:38:34.248; org.apache.solr.core.SolrCore; [ProductsCoreThird] Registered new searcher Searcher@481da808[ProductsCoreThird] main{StandardDirectoryReader(segments_1:177:nrt _1x(4.9):C1 _1t(4.9):C2 _1u(4.9):C3 _1y(4.9):C1 _1v(4.9):C2 _1w(4.9):C2 _20(4.9):C19 _22(4.9):C32 _21(4.9):C30 _23(4.9):C14 _24(4.9):C8 _1z(4.9):C6 _29(4.9):C15 _27(4.9):C9 _25(4.9):C31 _2a(4.9):C4 _28(4.9):C35 _26(4.9):C19)}
INFO  - 2015-01-31 18:38:34.249; org.apache.solr.update.DirectUpdateHandler2; start commit{,optimize=false,openSearcher=true,waitSearcher=true,expungeDeletes=false,softCommit=true,prepareCommit=false}
INFO  - 2015-01-31 18:38:34.808; org.apache.solr.search.SolrIndexSearcher; Opening Searcher@23f25056[ProductsCoreThird] main
INFO  - 2015-01-31 18:38:34.809; org.apache.solr.update.DirectUpdateHandler2; end_commit_flush
INFO  - 2015-01-31 18:38:34.809; org.apache.solr.core.QuerySenderListener; QuerySenderListener sending requests to Searcher@23f25056[ProductsCoreThird] main{StandardDirectoryReader(segments_1:198:nrt _2g(4.9):C1 _2d(4.9):C1 _2c(4.9):C1 _2b(4.9):C1 _2e(4.9):C1 _2f(4.9):C1)}
INFO  - 2015-01-31 18:38:34.809; org.apache.solr.core.QuerySenderListener; QuerySenderListener done.
INFO  - 2015-01-31 18:38:34.809; org.apache.solr.handler.component.SpellCheckComponent$SpellCheckerListener; Building spell index for spell checker: suggestDictionary
INFO  - 2015-01-31 18:38:34.809; org.apache.solr.spelling.suggest.Suggester; build()
INFO  - 2015-01-31 18:38:34.822; org.apache.solr.core.SolrCore; [ProductsCoreThird] Registered new searcher Searcher@23f25056[ProductsCoreThird] main{StandardDirectoryReader(segments_1:198:nrt _2g(4.9):C1 _2d(4.9):C1 _2c(4.9):C1 _2b(4.9):C1 _2e(4.9):C1 _2f(4.9):C1)}
INFO  - 2015-01-31 18:38:35.253; org.apache.solr.update.DirectUpdateHandler2; start commit{,optimize=false,openSearcher=true,waitSearcher=true,expungeDeletes=false,softCommit=true,prepareCommit=false}
INFO  - 2015-01-31 18:38:35.433; org.apache.solr.core.SolrCore; [ProductsCoreThird] webapp=/migrossolr path=/dataimport3 params={indent=true&command=show-config&_=1422729514156} status=0 QTime=1 
INFO  - 2015-01-31 18:38:35.433; org.apache.solr.core.SolrCore; [ProductsCoreThird] webapp=/migrossolr path=/admin/mbeans params={cat=QUERYHANDLER&wt=json&_=1422729514156} status=0 QTime=1 
INFO  - 2015-01-31 18:38:35.433; org.apache.solr.core.SolrCore; [ProductsCoreThird] webapp=/migrossolr path=/dataimport3 params={indent=true&wt=json&command=status&_=1422729514160} status=0 QTime=0 
INFO  - 2015-01-31 18:38:38.365; org.apache.solr.search.SolrIndexSearcher; Opening Searcher@2d14d8b7[ProductsCoreThird] main
INFO  - 2015-01-31 18:38:38.366; org.apache.solr.update.DirectUpdateHandler2; end_commit_flush
INFO  - 2015-01-31 18:38:38.367; org.apache.solr.core.QuerySenderListener; QuerySenderListener sending requests to Searcher@2d14d8b7[ProductsCoreThird] main{StandardDirectoryReader(segments_1:212:nrt _2g(4.9):C1 _2d(4.9):C1 _2c(4.9):C1 _2b(4.9):C1 _2e(4.9):C1 _2f(4.9):C1 _2k(4.9):C5 _2h(4.9):C7 _2j(4.9):C3 _2n(4.9):C4 _2l(4.9):C9 _2i(4.9):C6 _2m(4.9):C6)}
INFO  - 2015-01-31 18:38:38.367; org.apache.solr.core.QuerySenderListener; QuerySenderListener done.
INFO  - 2015-01-31 18:38:38.367; org.apache.solr.handler.component.SpellCheckComponent$SpellCheckerListener; Building spell index for spell checker: suggestDictionary
INFO  - 2015-01-31 18:38:38.367; org.apache.solr.spelling.suggest.Suggester; build()
INFO  - 2015-01-31 18:38:38.380; org.apache.solr.core.SolrCore; [ProductsCoreThird] Registered new searcher Searcher@2d14d8b7[ProductsCoreThird] main{StandardDirectoryReader(segments_1:212:nrt _2g(4.9):C1 _2d(4.9):C1 _2c(4.9):C1 _2b(4.9):C1 _2e(4.9):C1 _2f(4.9):C1 _2k(4.9):C5 _2h(4.9):C7 _2j(4.9):C3 _2n(4.9):C4 _2l(4.9):C9 _2i(4.9):C6 _2m(4.9):C6)}
INFO  - 2015-01-31 18:38:38.380; org.apache.solr.update.DirectUpdateHandler2; start commit{,optimize=false,openSearcher=true,waitSearcher=true,expungeDeletes=false,softCommit=true,prepareCommit=false}
INFO  - 2015-01-31 18:38:40.597; org.apache.solr.handler.dataimport.DataImporter; Loading DIH Configuration: /opt/migros/solr/ProductsCoreThird/conf/dataconfigs/data-config3.xml
INFO  - 2015-01-31 18:38:40.605; org.apache.solr.handler.dataimport.config.DIHConfiguration; The field :Keyword present in DataConfig does not have a counterpart in Solr Schema
INFO  - 2015-01-31 18:38:40.605; org.apache.solr.handler.dataimport.DataImporter; Data Configuration loaded successfully
INFO  - 2015-01-31 18:38:40.606; org.apache.solr.core.SolrCore; [ProductsCoreThird] webapp=/migrossolr path=/dataimport3 params={debug=false&optimize=false&indent=true&commit=true&clean=true&rows=1500&wt=json&command=full-import&verbose=false} status=0 QTime=9 
INFO  - 2015-01-31 18:38:40.606; org.apache.solr.handler.dataimport.DataImporter; Starting Full Import
WARN  - 2015-01-31 18:38:40.611; org.apache.solr.handler.dataimport.SimplePropertiesWriter; Unable to read: dataimport3.properties
INFO  - 2015-01-31 18:38:40.842; org.apache.solr.core.SolrCore; [ProductsCoreThird] webapp=/migrossolr path=/dataimport3 params={indent=true&wt=json&command=status&_=1422729519629} status=0 QTime=1 
INFO  - 2015-01-31 18:38:41.691; org.apache.solr.search.SolrIndexSearcher; Opening Searcher@346b5f86[ProductsCoreThird] main
INFO  - 2015-01-31 18:38:41.694; org.apache.solr.update.DirectUpdateHandler2; end_commit_flush
INFO  - 2015-01-31 18:38:41.694; org.apache.solr.core.QuerySenderListener; QuerySenderListener sending requests to Searcher@346b5f86[ProductsCoreThird] main{StandardDirectoryReader(segments_1:225:nrt _2g(4.9):C1 _2d(4.9):C1 _2c(4.9):C1 _2b(4.9):C1 _2e(4.9):C1 _2f(4.9):C1 _2k(4.9):C5 _2h(4.9):C7 _2j(4.9):C3 _2n(4.9):C4 _2l(4.9):C9 _2i(4.9):C6 _2m(4.9):C6 _2q(4.9):C24 _2r(4.9):C17 _2o(4.9):C14 _2p(4.9):C20 _2u(4.9):C9 _2s(4.9):C16 _2t(4.9):C17)}
INFO  - 2015-01-31 18:38:41.694; org.apache.solr.core.QuerySenderListener; QuerySenderListener done.
INFO  - 2015-01-31 18:38:41.694; org.apache.solr.handler.component.SpellCheckComponent$SpellCheckerListener; Building spell index for spell checker: suggestDictionary
INFO  - 2015-01-31 18:38:41.694; org.apache.solr.spelling.suggest.Suggester; build()
INFO  - 2015-01-31 18:38:41.708; org.apache.solr.core.SolrCore; [ProductsCoreThird] Registered new searcher Searcher@346b5f86[ProductsCoreThird] main{StandardDirectoryReader(segments_1:225:nrt _2g(4.9):C1 _2d(4.9):C1 _2c(4.9):C1 _2b(4.9):C1 _2e(4.9):C1 _2f(4.9):C1 _2k(4.9):C5 _2h(4.9):C7 _2j(4.9):C3 _2n(4.9):C4 _2l(4.9):C9 _2i(4.9):C6 _2m(4.9):C6 _2q(4.9):C24 _2r(4.9):C17 _2o(4.9):C14 _2p(4.9):C20 _2u(4.9):C9 _2s(4.9):C16 _2t(4.9):C17)}
INFO  - 2015-01-31 18:38:41.708; org.apache.solr.update.DirectUpdateHandler2; start commit{,optimize=false,openSearcher=true,waitSearcher=true,expungeDeletes=false,softCommit=true,prepareCommit=false}
INFO  - 2015-01-31 18:38:41.840; org.apache.solr.search.SolrIndexSearcher; Opening Searcher@7a23b8e4[ProductsCoreThird] realtime
INFO  - 2015-01-31 18:38:42.205; org.apache.solr.search.SolrIndexSearcher; Opening Searcher@78a98ef5[ProductsCoreThird] main
INFO  - 2015-01-31 18:38:42.206; org.apache.solr.update.DirectUpdateHandler2; end_commit_flush
INFO  - 2015-01-31 18:38:42.206; org.apache.solr.core.QuerySenderListener; QuerySenderListener sending requests to Searcher@78a98ef5[ProductsCoreThird] main{StandardDirectoryReader(segments_1:243:nrt _31(4.9):C1)}
INFO  - 2015-01-31 18:38:42.206; org.apache.solr.core.QuerySenderListener; QuerySenderListener done.
INFO  - 2015-01-31 18:38:42.206; org.apache.solr.handler.component.SpellCheckComponent$SpellCheckerListener; Building spell index for spell checker: suggestDictionary
INFO  - 2015-01-31 18:38:42.206; org.apache.solr.spelling.suggest.Suggester; build()
INFO  - 2015-01-31 18:38:42.218; org.apache.solr.core.SolrCore; [ProductsCoreThird] Registered new searcher Searcher@78a98ef5[ProductsCoreThird] main{StandardDirectoryReader(segments_1:243:nrt _31(4.9):C1)}
INFO  - 2015-01-31 18:38:42.841; org.apache.solr.update.DirectUpdateHandler2; start commit{,optimize=false,openSearcher=true,waitSearcher=true,expungeDeletes=false,softCommit=true,prepareCommit=false}
INFO  - 2015-01-31 18:38:43.046; org.apache.solr.core.SolrCore; [ProductsCoreThird] webapp=/migrossolr path=/dataimport4 params={indent=true&command=show-config&_=1422729521813} status=0 QTime=0 
INFO  - 2015-01-31 18:38:43.047; org.apache.solr.core.SolrCore; [ProductsCoreThird] webapp=/migrossolr path=/admin/mbeans params={cat=QUERYHANDLER&wt=json&_=1422729521813} status=0 QTime=1 
INFO  - 2015-01-31 18:38:43.054; org.apache.solr.core.SolrCore; [ProductsCoreThird] webapp=/migrossolr path=/dataimport4 params={indent=true&wt=json&command=status&_=1422729521816} status=0 QTime=0 
INFO  - 2015-01-31 18:38:49.045; org.apache.solr.handler.dataimport.DataImporter; Loading DIH Configuration: /opt/migros/solr/ProductsCoreThird/conf/dataconfigs/data-config4.xml
INFO  - 2015-01-31 18:38:49.054; org.apache.solr.handler.dataimport.config.DIHConfiguration; The field :Keyword present in DataConfig does not have a counterpart in Solr Schema
INFO  - 2015-01-31 18:38:49.055; org.apache.solr.handler.dataimport.DataImporter; Data Configuration loaded successfully
INFO  - 2015-01-31 18:38:49.056; org.apache.solr.core.SolrCore; [ProductsCoreThird] webapp=/migrossolr path=/dataimport4 params={debug=false&optimize=false&indent=true&commit=true&clean=true&rows=1500&wt=json&command=full-import&verbose=false} status=0 QTime=12 
INFO  - 2015-01-31 18:38:49.056; org.apache.solr.handler.dataimport.DataImporter; Starting Full Import
WARN  - 2015-01-31 18:38:49.063; org.apache.solr.handler.dataimport.SimplePropertiesWriter; Unable to read: dataimport4.properties
INFO  - 2015-01-31 18:38:49.285; org.apache.solr.core.SolrCore; [ProductsCoreThird] webapp=/migrossolr path=/dataimport4 params={indent=true&wt=json&command=status&_=1422729528074} status=0 QTime=0 
INFO  - 2015-01-31 18:38:51.898; org.apache.solr.core.SolrCore; [ProductsCoreThird] webapp=/migrossolr path=/admin/mbeans params={cat=QUERYHANDLER&wt=json&_=1422729530664} status=0 QTime=1 
INFO  - 2015-01-31 18:38:51.937; org.apache.solr.core.SolrCore; [ProductsCoreThird] webapp=/migrossolr path=/dataimport5 params={indent=true&wt=json&command=status&_=1422729530669} status=0 QTime=0 
INFO  - 2015-01-31 18:38:51.937; org.apache.solr.core.SolrCore; [ProductsCoreThird] webapp=/migrossolr path=/dataimport5 params={indent=true&command=show-config&_=1422729530664} status=0 QTime=0 
INFO  - 2015-01-31 18:38:52.992; org.apache.solr.search.SolrIndexSearcher; Opening Searcher@29cb2309[ProductsCoreThird] main
INFO  - 2015-01-31 18:38:52.994; org.apache.solr.update.DirectUpdateHandler2; end_commit_flush
INFO  - 2015-01-31 18:38:52.994; org.apache.solr.core.QuerySenderListener; QuerySenderListener sending requests to Searcher@29cb2309[ProductsCoreThird] main{StandardDirectoryReader(segments_1:257:nrt _31(4.9):C1 _34(4.9):C3 _38(4.9):C5 _39(4.9):C1 _35(4.9):C3 _36(4.9):C7 _33(4.9):C7 _37(4.9):C2 _32(4.9):C4)}
INFO  - 2015-01-31 18:38:52.994; org.apache.solr.core.QuerySenderListener; QuerySenderListener done.
INFO  - 2015-01-31 18:38:52.994; org.apache.solr.handler.component.SpellCheckComponent$SpellCheckerListener; Building spell index for spell checker: suggestDictionary
INFO  - 2015-01-31 18:38:52.994; org.apache.solr.spelling.suggest.Suggester; build()
INFO  - 2015-01-31 18:38:53.012; org.apache.solr.core.SolrCore; [ProductsCoreThird] Registered new searcher Searcher@29cb2309[ProductsCoreThird] main{StandardDirectoryReader(segments_1:257:nrt _31(4.9):C1 _34(4.9):C3 _38(4.9):C5 _39(4.9):C1 _35(4.9):C3 _36(4.9):C7 _33(4.9):C7 _37(4.9):C2 _32(4.9):C4)}
INFO  - 2015-01-31 18:38:53.012; org.apache.solr.update.DirectUpdateHandler2; start commit{,optimize=false,openSearcher=true,waitSearcher=true,expungeDeletes=false,softCommit=true,prepareCommit=false}
INFO  - 2015-01-31 18:38:56.800; org.apache.solr.handler.dataimport.DataImporter; Loading DIH Configuration: /opt/migros/solr/ProductsCoreThird/conf/dataconfigs/data-config5.xml
INFO  - 2015-01-31 18:38:56.806; org.apache.solr.handler.dataimport.config.DIHConfiguration; The field :Keyword present in DataConfig does not have a counterpart in Solr Schema
INFO  - 2015-01-31 18:38:56.806; org.apache.solr.handler.dataimport.DataImporter; Data Configuration loaded successfully
INFO  - 2015-01-31 18:38:56.807; org.apache.solr.core.SolrCore; [ProductsCoreThird] webapp=/migrossolr path=/dataimport5 params={debug=false&optimize=false&indent=true&commit=true&clean=true&rows=1500&wt=json&command=full-import&verbose=false} status=0 QTime=8 
INFO  - 2015-01-31 18:38:56.807; org.apache.solr.handler.dataimport.DataImporter; Starting Full Import
WARN  - 2015-01-31 18:38:56.812; org.apache.solr.handler.dataimport.SimplePropertiesWriter; Unable to read: dataimport5.properties
INFO  - 2015-01-31 18:38:57.043; org.apache.solr.core.SolrCore; [ProductsCoreThird] webapp=/migrossolr path=/dataimport5 params={indent=true&wt=json&command=status&_=1422729535823} status=0 QTime=1 
INFO  - 2015-01-31 18:38:57.870; org.apache.solr.search.SolrIndexSearcher; Opening Searcher@36194eae[ProductsCoreThird] main
INFO  - 2015-01-31 18:38:57.873; org.apache.solr.update.DirectUpdateHandler2; end_commit_flush
INFO  - 2015-01-31 18:38:57.873; org.apache.solr.core.QuerySenderListener; QuerySenderListener sending requests to Searcher@36194eae[ProductsCoreThird] main{StandardDirectoryReader(segments_1:263:nrt _31(4.9):C1 _34(4.9):C3 _38(4.9):C5 _39(4.9):C1 _35(4.9):C3 _36(4.9):C7 _33(4.9):C7 _37(4.9):C2 _32(4.9):C4 _3e(4.9):C15 _3a(4.9):C19 _3f(4.9):C7 _3b(4.9):C22 _3d(4.9):C24 _3c(4.9):C10)}
INFO  - 2015-01-31 18:38:57.873; org.apache.solr.core.QuerySenderListener; QuerySenderListener done.
INFO  - 2015-01-31 18:38:57.873; org.apache.solr.handler.component.SpellCheckComponent$SpellCheckerListener; Building spell index for spell checker: suggestDictionary
INFO  - 2015-01-31 18:38:57.873; org.apache.solr.spelling.suggest.Suggester; build()
INFO  - 2015-01-31 18:38:57.875; org.apache.solr.search.SolrIndexSearcher; Opening Searcher@6e96f082[ProductsCoreThird] realtime
INFO  - 2015-01-31 18:38:57.890; org.apache.solr.core.SolrCore; [ProductsCoreThird] Registered new searcher Searcher@36194eae[ProductsCoreThird] main{StandardDirectoryReader(segments_1:263:nrt _31(4.9):C1 _34(4.9):C3 _38(4.9):C5 _39(4.9):C1 _35(4.9):C3 _36(4.9):C7 _33(4.9):C7 _37(4.9):C2 _32(4.9):C4 _3e(4.9):C15 _3a(4.9):C19 _3f(4.9):C7 _3b(4.9):C22 _3d(4.9):C24 _3c(4.9):C10)}
INFO  - 2015-01-31 18:38:57.890; org.apache.solr.update.DirectUpdateHandler2; start commit{,optimize=false,openSearcher=true,waitSearcher=true,expungeDeletes=false,softCommit=true,prepareCommit=false}
INFO  - 2015-01-31 18:38:58.246; org.apache.solr.search.SolrIndexSearcher; Opening Searcher@42618313[ProductsCoreThird] main
INFO  - 2015-01-31 18:38:58.247; org.apache.solr.update.DirectUpdateHandler2; end_commit_flush
INFO  - 2015-01-31 18:38:58.247; org.apache.solr.core.QuerySenderListener; QuerySenderListener sending requests to Searcher@42618313[ProductsCoreThird] main{StandardDirectoryReader(segments_1:279:nrt _3l(4.9):C1 _3j(4.9):C1 _3g(4.9):C1 _3i(4.9):C1 _3m(4.9):C1 _3h(4.9):C1 _3k(4.9):C1)}
INFO  - 2015-01-31 18:38:58.247; org.apache.solr.core.QuerySenderListener; QuerySenderListener done.
INFO  - 2015-01-31 18:38:58.247; org.apache.solr.handler.component.SpellCheckComponent$SpellCheckerListener; Building spell index for spell checker: suggestDictionary
INFO  - 2015-01-31 18:38:58.247; org.apache.solr.spelling.suggest.Suggester; build()
INFO  - 2015-01-31 18:38:58.249; org.apache.solr.search.SolrIndexSearcher; Opening Searcher@7964dd6e[ProductsCoreThird] realtime
INFO  - 2015-01-31 18:38:58.261; org.apache.solr.core.SolrCore; [ProductsCoreThird] Registered new searcher Searcher@42618313[ProductsCoreThird] main{StandardDirectoryReader(segments_1:279:nrt _3l(4.9):C1 _3j(4.9):C1 _3g(4.9):C1 _3i(4.9):C1 _3m(4.9):C1 _3h(4.9):C1 _3k(4.9):C1)}
INFO  - 2015-01-31 18:38:58.898; org.apache.solr.update.DirectUpdateHandler2; start commit{,optimize=false,openSearcher=true,waitSearcher=true,expungeDeletes=false,softCommit=true,prepareCommit=false}
INFO  - 2015-01-31 18:38:59.730; org.apache.solr.core.SolrCore; [ProductsCoreThird] webapp=/migrossolr path=/dataimport15 params={indent=true&command=show-config&_=1422729538497} status=0 QTime=1 
INFO  - 2015-01-31 18:38:59.730; org.apache.solr.core.SolrCore; [ProductsCoreThird] webapp=/migrossolr path=/admin/mbeans params={cat=QUERYHANDLER&wt=json&_=1422729538497} status=0 QTime=1 
INFO  - 2015-01-31 18:38:59.732; org.apache.solr.core.SolrCore; [ProductsCoreThird] webapp=/migrossolr path=/dataimport15 params={indent=true&wt=json&command=status&_=1422729538500} status=0 QTime=0 
INFO  - 2015-01-31 18:39:05.666; org.apache.solr.search.SolrIndexSearcher; Opening Searcher@2b71044f[ProductsCoreThird] main
INFO  - 2015-01-31 18:39:05.668; org.apache.solr.update.DirectUpdateHandler2; end_commit_flush
INFO  - 2015-01-31 18:39:05.668; org.apache.solr.core.QuerySenderListener; QuerySenderListener sending requests to Searcher@2b71044f[ProductsCoreThird] main{StandardDirectoryReader(segments_1:311:nrt _3u(4.9):C3 _3s(4.9):C7 _3w(4.9):C3 _3n(4.9):C7 _3o(4.9):C5 _3r(4.9):C7 _3q(4.9):C5 _3p(4.9):C3 _3t(4.9):C3 _3v(4.9):C1)}
INFO  - 2015-01-31 18:39:05.668; org.apache.solr.core.QuerySenderListener; QuerySenderListener done.
INFO  - 2015-01-31 18:39:05.668; org.apache.solr.handler.component.SpellCheckComponent$SpellCheckerListener; Building spell index for spell checker: suggestDictionary
INFO  - 2015-01-31 18:39:05.668; org.apache.solr.spelling.suggest.Suggester; build()
INFO  - 2015-01-31 18:39:05.688; org.apache.solr.core.SolrCore; [ProductsCoreThird] Registered new searcher Searcher@2b71044f[ProductsCoreThird] main{StandardDirectoryReader(segments_1:311:nrt _3u(4.9):C3 _3s(4.9):C7 _3w(4.9):C3 _3n(4.9):C7 _3o(4.9):C5 _3r(4.9):C7 _3q(4.9):C5 _3p(4.9):C3 _3t(4.9):C3 _3v(4.9):C1)}
INFO  - 2015-01-31 18:39:05.689; org.apache.solr.update.DirectUpdateHandler2; start commit{,optimize=false,openSearcher=true,waitSearcher=true,expungeDeletes=false,softCommit=true,prepareCommit=false}
INFO  - 2015-01-31 18:39:05.996; org.apache.solr.handler.dataimport.DataImporter; Loading DIH Configuration: /opt/migros/solr/ProductsCoreThird/conf/dataconfigs/data-config15.xml
INFO  - 2015-01-31 18:39:06.004; org.apache.solr.handler.dataimport.config.DIHConfiguration; The field :Keyword present in DataConfig does not have a counterpart in Solr Schema
INFO  - 2015-01-31 18:39:06.011; org.apache.solr.handler.dataimport.DataImporter; Data Configuration loaded successfully
INFO  - 2015-01-31 18:39:06.012; org.apache.solr.handler.dataimport.DataImporter; Starting Full Import
INFO  - 2015-01-31 18:39:06.012; org.apache.solr.core.SolrCore; [ProductsCoreThird] webapp=/migrossolr path=/dataimport15 params={debug=false&optimize=false&indent=true&commit=true&clean=true&rows=1500&wt=json&command=full-import&verbose=false} status=0 QTime=16 
WARN  - 2015-01-31 18:39:06.019; org.apache.solr.handler.dataimport.SimplePropertiesWriter; Unable to read: dataimport15.properties
INFO  - 2015-01-31 18:39:06.256; org.apache.solr.core.SolrCore; [ProductsCoreThird] webapp=/migrossolr path=/dataimport15 params={indent=true&wt=json&command=status&_=1422729545027} status=0 QTime=1 
INFO  - 2015-01-31 18:39:08.131; org.apache.solr.search.SolrIndexSearcher; Opening Searcher@53bac057[ProductsCoreThird] main
INFO  - 2015-01-31 18:39:08.134; org.apache.solr.update.DirectUpdateHandler2; end_commit_flush
INFO  - 2015-01-31 18:39:08.134; org.apache.solr.core.QuerySenderListener; QuerySenderListener sending requests to Searcher@53bac057[ProductsCoreThird] main{StandardDirectoryReader(segments_1:326:nrt _3u(4.9):C3 _3s(4.9):C7 _3w(4.9):C3 _3n(4.9):C7 _3o(4.9):C5 _3r(4.9):C7 _3q(4.9):C5 _3p(4.9):C3 _3t(4.9):C3 _3v(4.9):C1 _3z(4.9):C8 _41(4.9):C16 _45(4.9):C11 _46(4.9):C23 _42(4.9):C8 _3x(4.9):C25 _43(4.9):C12 _3y(4.9):C17 _40(4.9):C19 _44(4.9):C24)}
INFO  - 2015-01-31 18:39:08.134; org.apache.solr.core.QuerySenderListener; QuerySenderListener done.
INFO  - 2015-01-31 18:39:08.134; org.apache.solr.handler.component.SpellCheckComponent$SpellCheckerListener; Building spell index for spell checker: suggestDictionary
INFO  - 2015-01-31 18:39:08.134; org.apache.solr.spelling.suggest.Suggester; build()
INFO  - 2015-01-31 18:39:08.148; org.apache.solr.core.SolrCore; [ProductsCoreThird] Registered new searcher Searcher@53bac057[ProductsCoreThird] main{StandardDirectoryReader(segments_1:326:nrt _3u(4.9):C3 _3s(4.9):C7 _3w(4.9):C3 _3n(4.9):C7 _3o(4.9):C5 _3r(4.9):C7 _3q(4.9):C5 _3p(4.9):C3 _3t(4.9):C3 _3v(4.9):C1 _3z(4.9):C8 _41(4.9):C16 _45(4.9):C11 _46(4.9):C23 _42(4.9):C8 _3x(4.9):C25 _43(4.9):C12 _3y(4.9):C17 _40(4.9):C19 _44(4.9):C24)}
INFO  - 2015-01-31 18:39:08.149; org.apache.solr.update.DirectUpdateHandler2; start commit{,optimize=false,openSearcher=true,waitSearcher=true,expungeDeletes=false,softCommit=true,prepareCommit=false}
INFO  - 2015-01-31 18:39:08.195; org.apache.solr.search.SolrIndexSearcher; Opening Searcher@300d3ed3[ProductsCoreThird] realtime
INFO  - 2015-01-31 18:39:08.196; org.apache.solr.search.SolrIndexSearcher; Opening Searcher@37136758[ProductsCoreThird] main
INFO  - 2015-01-31 18:39:08.196; org.apache.solr.update.DirectUpdateHandler2; end_commit_flush
INFO  - 2015-01-31 18:39:08.196; org.apache.solr.core.QuerySenderListener; QuerySenderListener sending requests to Searcher@37136758[ProductsCoreThird] main{StandardDirectoryReader(segments_1:333:nrt)}
INFO  - 2015-01-31 18:39:08.196; org.apache.solr.core.QuerySenderListener; QuerySenderListener done.
INFO  - 2015-01-31 18:39:08.196; org.apache.solr.handler.component.SpellCheckComponent$SpellCheckerListener; Building spell index for spell checker: suggestDictionary
INFO  - 2015-01-31 18:39:08.197; org.apache.solr.spelling.suggest.Suggester; build()
INFO  - 2015-01-31 18:39:08.199; org.apache.solr.core.SolrCore; [ProductsCoreThird] Registered new searcher Searcher@37136758[ProductsCoreThird] main{StandardDirectoryReader(segments_1:333:nrt)}
INFO  - 2015-01-31 18:39:09.071; org.apache.solr.core.SolrCore; [ProductsCoreThird] webapp=/migrossolr path=/admin/mbeans params={cat=QUERYHANDLER&wt=json&_=1422729547864} status=0 QTime=1 
INFO  - 2015-01-31 18:39:09.086; org.apache.solr.core.SolrCore; [ProductsCoreThird] webapp=/migrossolr path=/dataimport16 params={indent=true&command=show-config&_=1422729547864} status=0 QTime=1 
INFO  - 2015-01-31 18:39:09.098; org.apache.solr.core.SolrCore; [ProductsCoreThird] webapp=/migrossolr path=/dataimport16 params={indent=true&wt=json&command=status&_=1422729547868} status=0 QTime=0 
INFO  - 2015-01-31 18:39:09.196; org.apache.solr.update.DirectUpdateHandler2; start commit{,optimize=false,openSearcher=true,waitSearcher=true,expungeDeletes=false,softCommit=true,prepareCommit=false}
INFO  - 2015-01-31 18:39:14.366; org.apache.solr.handler.dataimport.DataImporter; Loading DIH Configuration: /opt/migros/solr/ProductsCoreThird/conf/dataconfigs/data-config16.xml
INFO  - 2015-01-31 18:39:14.374; org.apache.solr.handler.dataimport.config.DIHConfiguration; The field :Keyword present in DataConfig does not have a counterpart in Solr Schema
INFO  - 2015-01-31 18:39:14.375; org.apache.solr.handler.dataimport.DataImporter; Data Configuration loaded successfully
INFO  - 2015-01-31 18:39:14.376; org.apache.solr.core.SolrCore; [ProductsCoreThird] webapp=/migrossolr path=/dataimport16 params={debug=false&optimize=false&indent=true&commit=true&clean=true&rows=1500&wt=json&command=full-import&verbose=false} status=0 QTime=10 
INFO  - 2015-01-31 18:39:14.376; org.apache.solr.handler.dataimport.DataImporter; Starting Full Import
WARN  - 2015-01-31 18:39:14.383; org.apache.solr.handler.dataimport.SimplePropertiesWriter; Unable to read: dataimport16.properties
INFO  - 2015-01-31 18:39:14.600; org.apache.solr.core.SolrCore; [ProductsCoreThird] webapp=/migrossolr path=/dataimport16 params={indent=true&wt=json&command=status&_=1422729553393} status=0 QTime=0 
INFO  - 2015-01-31 18:39:16.157; org.apache.solr.search.SolrIndexSearcher; Opening Searcher@6480b49b[ProductsCoreThird] main
INFO  - 2015-01-31 18:39:16.160; org.apache.solr.update.DirectUpdateHandler2; end_commit_flush
INFO  - 2015-01-31 18:39:16.160; org.apache.solr.core.QuerySenderListener; QuerySenderListener sending requests to Searcher@6480b49b[ProductsCoreThird] main{StandardDirectoryReader(segments_1:365:nrt _4h(4.9):C7 _4g(4.9):C5 _4m(4.9):C5 _4l(4.9):C6 _4d(4.9):C3 _4i(4.9):C6 _4c(4.9):C7 _4j(4.9):C6 _4k(4.9):C4 _4e(4.9):C6 _4f(4.9):C8)}
INFO  - 2015-01-31 18:39:16.160; org.apache.solr.core.QuerySenderListener; QuerySenderListener done.
INFO  - 2015-01-31 18:39:16.160; org.apache.solr.handler.component.SpellCheckComponent$SpellCheckerListener; Building spell index for spell checker: suggestDictionary
INFO  - 2015-01-31 18:39:16.160; org.apache.solr.spelling.suggest.Suggester; build()
INFO  - 2015-01-31 18:39:16.179; org.apache.solr.core.SolrCore; [ProductsCoreThird] Registered new searcher Searcher@6480b49b[ProductsCoreThird] main{StandardDirectoryReader(segments_1:365:nrt _4h(4.9):C7 _4g(4.9):C5 _4m(4.9):C5 _4l(4.9):C6 _4d(4.9):C3 _4i(4.9):C6 _4c(4.9):C7 _4j(4.9):C6 _4k(4.9):C4 _4e(4.9):C6 _4f(4.9):C8)}
INFO  - 2015-01-31 18:39:16.180; org.apache.solr.update.DirectUpdateHandler2; start commit{,optimize=false,openSearcher=true,waitSearcher=true,expungeDeletes=false,softCommit=true,prepareCommit=false}
INFO  - 2015-01-31 18:39:16.468; org.apache.solr.search.SolrIndexSearcher; Opening Searcher@6454e7bc[ProductsCoreThird] realtime
INFO  - 2015-01-31 18:39:16.469; org.apache.solr.search.SolrIndexSearcher; Opening Searcher@7df9a1f0[ProductsCoreThird] main
INFO  - 2015-01-31 18:39:16.477; org.apache.solr.update.DirectUpdateHandler2; end_commit_flush
INFO  - 2015-01-31 18:39:16.477; org.apache.solr.core.QuerySenderListener; QuerySenderListener sending requests to Searcher@7df9a1f0[ProductsCoreThird] main{StandardDirectoryReader(segments_1:377:nrt)}
INFO  - 2015-01-31 18:39:16.477; org.apache.solr.core.QuerySenderListener; QuerySenderListener done.
INFO  - 2015-01-31 18:39:16.477; org.apache.solr.handler.component.SpellCheckComponent$SpellCheckerListener; Building spell index for spell checker: suggestDictionary
INFO  - 2015-01-31 18:39:16.477; org.apache.solr.spelling.suggest.Suggester; build()
INFO  - 2015-01-31 18:39:16.479; org.apache.solr.core.SolrCore; [ProductsCoreThird] Registered new searcher Searcher@7df9a1f0[ProductsCoreThird] main{StandardDirectoryReader(segments_1:377:nrt)}
INFO  - 2015-01-31 18:39:17.418; org.apache.solr.core.SolrCore; [ProductsCoreThird] webapp=/migrossolr path=/admin/mbeans params={cat=QUERYHANDLER&wt=json&_=1422729556190} status=0 QTime=0 
INFO  - 2015-01-31 18:39:17.419; org.apache.solr.core.SolrCore; [ProductsCoreThird] webapp=/migrossolr path=/dataimport13 params={indent=true&command=show-config&_=1422729556190} status=0 QTime=1 
INFO  - 2015-01-31 18:39:17.419; org.apache.solr.core.SolrCore; [ProductsCoreThird] webapp=/migrossolr path=/dataimport13 params={indent=true&wt=json&command=status&_=1422729556193} status=0 QTime=0 
INFO  - 2015-01-31 18:39:17.468; org.apache.solr.update.DirectUpdateHandler2; start commit{,optimize=false,openSearcher=true,waitSearcher=true,expungeDeletes=false,softCommit=true,prepareCommit=false}
INFO  - 2015-01-31 18:39:23.171; org.apache.solr.handler.dataimport.DataImporter; Loading DIH Configuration: /opt/migros/solr/ProductsCoreThird/conf/dataconfigs/data-config13.xml
INFO  - 2015-01-31 18:39:23.182; org.apache.solr.handler.dataimport.config.DIHConfiguration; The field :Keyword present in DataConfig does not have a counterpart in Solr Schema
INFO  - 2015-01-31 18:39:23.182; org.apache.solr.handler.dataimport.DataImporter; Data Configuration loaded successfully
INFO  - 2015-01-31 18:39:23.183; org.apache.solr.core.SolrCore; [ProductsCoreThird] webapp=/migrossolr path=/dataimport13 params={debug=false&optimize=false&indent=true&commit=true&clean=true&rows=1500&wt=json&command=full-import&verbose=false} status=0 QTime=12 
INFO  - 2015-01-31 18:39:23.183; org.apache.solr.handler.dataimport.DataImporter; Starting Full Import
WARN  - 2015-01-31 18:39:23.188; org.apache.solr.handler.dataimport.SimplePropertiesWriter; Unable to read: dataimport13.properties
INFO  - 2015-01-31 18:39:23.421; org.apache.solr.core.SolrCore; [ProductsCoreThird] webapp=/migrossolr path=/dataimport13 params={indent=true&wt=json&command=status&_=1422729562202} status=0 QTime=0 
INFO  - 2015-01-31 18:39:23.609; org.apache.solr.search.SolrIndexSearcher; Opening Searcher@262a6926[ProductsCoreThird] main
INFO  - 2015-01-31 18:39:23.611; org.apache.solr.update.DirectUpdateHandler2; end_commit_flush
INFO  - 2015-01-31 18:39:23.611; org.apache.solr.core.QuerySenderListener; QuerySenderListener sending requests to Searcher@262a6926[ProductsCoreThird] main{StandardDirectoryReader(segments_1:413:nrt _4y(4.9):C4 _4z(4.9):C9 _54(4.9):C2 _52(4.9):C9 _58(4.9):C2 _4x(4.9):C2 _56(4.9):C1 _50(4.9):C2 _55(4.9):C2 _53(4.9):C5 _57(4.9):C1 _51(4.9):C4)}
INFO  - 2015-01-31 18:39:23.611; org.apache.solr.core.QuerySenderListener; QuerySenderListener done.
INFO  - 2015-01-31 18:39:23.611; org.apache.solr.handler.component.SpellCheckComponent$SpellCheckerListener; Building spell index for spell checker: suggestDictionary
INFO  - 2015-01-31 18:39:23.611; org.apache.solr.spelling.suggest.Suggester; build()
INFO  - 2015-01-31 18:39:23.631; org.apache.solr.core.SolrCore; [ProductsCoreThird] Registered new searcher Searcher@262a6926[ProductsCoreThird] main{StandardDirectoryReader(segments_1:413:nrt _4y(4.9):C4 _4z(4.9):C9 _54(4.9):C2 _52(4.9):C9 _58(4.9):C2 _4x(4.9):C2 _56(4.9):C1 _50(4.9):C2 _55(4.9):C2 _53(4.9):C5 _57(4.9):C1 _51(4.9):C4)}
INFO  - 2015-01-31 18:39:23.631; org.apache.solr.update.DirectUpdateHandler2; start commit{,optimize=false,openSearcher=true,waitSearcher=true,expungeDeletes=false,softCommit=true,prepareCommit=false}
INFO  - 2015-01-31 18:39:25.024; org.apache.solr.search.SolrIndexSearcher; Opening Searcher@78faa0c2[ProductsCoreThird] main
INFO  - 2015-01-31 18:39:25.027; org.apache.solr.update.DirectUpdateHandler2; end_commit_flush
INFO  - 2015-01-31 18:39:25.027; org.apache.solr.core.QuerySenderListener; QuerySenderListener sending requests to Searcher@78faa0c2[ProductsCoreThird] main{StandardDirectoryReader(segments_1:425:nrt _4y(4.9):C4 _4z(4.9):C9 _54(4.9):C2 _52(4.9):C9 _58(4.9):C2 _4x(4.9):C2 _56(4.9):C1 _50(4.9):C2 _55(4.9):C2 _53(4.9):C5 _57(4.9):C1 _51(4.9):C4 _5j(4.9):C24 _5k(4.9):C9 _5a(4.9):C14 _5f(4.9):C26 _5c(4.9):C15 _5g(4.9):C27 _59(4.9):C10 _5h(4.9):C12 _5i(4.9):C19 _5b(4.9):C9 _5e(4.9):C11 _5d(4.9):C23)}
INFO  - 2015-01-31 18:39:25.027; org.apache.solr.core.QuerySenderListener; QuerySenderListener done.
INFO  - 2015-01-31 18:39:25.027; org.apache.solr.handler.component.SpellCheckComponent$SpellCheckerListener; Building spell index for spell checker: suggestDictionary
INFO  - 2015-01-31 18:39:25.027; org.apache.solr.spelling.suggest.Suggester; build()
INFO  - 2015-01-31 18:39:25.031; org.apache.solr.search.SolrIndexSearcher; Opening Searcher@16a6f9f7[ProductsCoreThird] realtime
INFO  - 2015-01-31 18:39:25.048; org.apache.solr.core.SolrCore; [ProductsCoreThird] Registered new searcher Searcher@78faa0c2[ProductsCoreThird] main{StandardDirectoryReader(segments_1:425:nrt _4y(4.9):C4 _4z(4.9):C9 _54(4.9):C2 _52(4.9):C9 _58(4.9):C2 _4x(4.9):C2 _56(4.9):C1 _50(4.9):C2 _55(4.9):C2 _53(4.9):C5 _57(4.9):C1 _51(4.9):C4 _5j(4.9):C24 _5k(4.9):C9 _5a(4.9):C14 _5f(4.9):C26 _5c(4.9):C15 _5g(4.9):C27 _59(4.9):C10 _5h(4.9):C12 _5i(4.9):C19 _5b(4.9):C9 _5e(4.9):C11 _5d(4.9):C23)}
INFO  - 2015-01-31 18:39:25.307; org.apache.solr.update.DirectUpdateHandler2; start commit{,optimize=false,openSearcher=true,waitSearcher=true,expungeDeletes=false,softCommit=true,prepareCommit=false}
INFO  - 2015-01-31 18:39:26.249; org.apache.solr.core.SolrCore; [ProductsCoreThird] webapp=/migrossolr path=/admin/mbeans params={cat=QUERYHANDLER&wt=json&_=1422729564993} status=0 QTime=1 
INFO  - 2015-01-31 18:39:26.263; org.apache.solr.core.SolrCore; [ProductsCoreThird] webapp=/migrossolr path=/dataimport14 params={indent=true&command=show-config&_=1422729564993} status=0 QTime=1 
INFO  - 2015-01-31 18:39:26.263; org.apache.solr.core.SolrCore; [ProductsCoreThird] webapp=/migrossolr path=/dataimport14 params={indent=true&wt=json&command=status&_=1422729564997} status=0 QTime=0 
INFO  - 2015-01-31 18:39:30.001; org.apache.solr.search.SolrIndexSearcher; Opening Searcher@65d1065a[ProductsCoreThird] main
INFO  - 2015-01-31 18:39:30.003; org.apache.solr.update.DirectUpdateHandler2; end_commit_flush
INFO  - 2015-01-31 18:39:30.004; org.apache.solr.core.QuerySenderListener; QuerySenderListener sending requests to Searcher@65d1065a[ProductsCoreThird] main{StandardDirectoryReader(segments_1:464:nrt _5s(4.9):C2 _5u(4.9):C1 _5m(4.9):C2 _5l(4.9):C3 _5n(4.9):C4 _5o(4.9):C7 _5q(4.9):C1 _5r(4.9):C2 _5p(4.9):C3 _5t(4.9):C3 _5v(4.9):C1 _5w(4.9):C1)}
INFO  - 2015-01-31 18:39:30.004; org.apache.solr.core.QuerySenderListener; QuerySenderListener done.
INFO  - 2015-01-31 18:39:30.004; org.apache.solr.handler.component.SpellCheckComponent$SpellCheckerListener; Building spell index for spell checker: suggestDictionary
INFO  - 2015-01-31 18:39:30.004; org.apache.solr.spelling.suggest.Suggester; build()
INFO  - 2015-01-31 18:39:30.022; org.apache.solr.core.SolrCore; [ProductsCoreThird] Registered new searcher Searcher@65d1065a[ProductsCoreThird] main{StandardDirectoryReader(segments_1:464:nrt _5s(4.9):C2 _5u(4.9):C1 _5m(4.9):C2 _5l(4.9):C3 _5n(4.9):C4 _5o(4.9):C7 _5q(4.9):C1 _5r(4.9):C2 _5p(4.9):C3 _5t(4.9):C3 _5v(4.9):C1 _5w(4.9):C1)}
INFO  - 2015-01-31 18:39:30.023; org.apache.solr.update.DirectUpdateHandler2; start commit{,optimize=false,openSearcher=true,waitSearcher=true,expungeDeletes=false,softCommit=true,prepareCommit=false}
INFO  - 2015-01-31 18:39:33.936; org.apache.solr.handler.dataimport.DataImporter; Loading DIH Configuration: /opt/migros/solr/ProductsCoreThird/conf/dataconfigs/data-config14.xml
INFO  - 2015-01-31 18:39:33.947; org.apache.solr.handler.dataimport.config.DIHConfiguration; The field :Keyword present in DataConfig does not have a counterpart in Solr Schema
INFO  - 2015-01-31 18:39:33.947; org.apache.solr.handler.dataimport.DataImporter; Data Configuration loaded successfully
INFO  - 2015-01-31 18:39:33.949; org.apache.solr.core.SolrCore; [ProductsCoreThird] webapp=/migrossolr path=/dataimport14 params={debug=false&optimize=false&indent=true&commit=true&clean=true&rows=1500&wt=json&command=full-import&verbose=false} status=0 QTime=14 
INFO  - 2015-01-31 18:39:33.949; org.apache.solr.handler.dataimport.DataImporter; Starting Full Import
WARN  - 2015-01-31 18:39:33.954; org.apache.solr.handler.dataimport.SimplePropertiesWriter; Unable to read: dataimport14.properties
INFO  - 2015-01-31 18:39:34.190; org.apache.solr.core.SolrCore; [ProductsCoreThird] webapp=/migrossolr path=/dataimport14 params={indent=true&wt=json&command=status&_=1422729572982} status=0 QTime=0 
INFO  - 2015-01-31 18:39:36.997; org.apache.solr.core.SolrCore; [ProductsCoreThird] webapp=/migrossolr path=/admin/mbeans params={cat=QUERYHANDLER&wt=json&_=1422729575787} status=0 QTime=0 
INFO  - 2015-01-31 18:39:37.016; org.apache.solr.core.SolrCore; [ProductsCoreThird] webapp=/migrossolr path=/dataimport19 params={indent=true&command=show-config&_=1422729575787} status=0 QTime=0 
INFO  - 2015-01-31 18:39:37.017; org.apache.solr.core.SolrCore; [ProductsCoreThird] webapp=/migrossolr path=/dataimport19 params={indent=true&wt=json&command=status&_=1422729575790} status=0 QTime=0 
INFO  - 2015-01-31 18:39:37.561; org.apache.solr.search.SolrIndexSearcher; Opening Searcher@bf87fdb[ProductsCoreThird] main
INFO  - 2015-01-31 18:39:37.564; org.apache.solr.update.DirectUpdateHandler2; end_commit_flush
INFO  - 2015-01-31 18:39:37.564; org.apache.solr.core.QuerySenderListener; QuerySenderListener sending requests to Searcher@bf87fdb[ProductsCoreThird] main{StandardDirectoryReader(segments_1:488:nrt _5s(4.9):C2 _5u(4.9):C1 _5m(4.9):C2 _5l(4.9):C3 _5n(4.9):C4 _5o(4.9):C7 _5q(4.9):C1 _5r(4.9):C2 _5p(4.9):C3 _5t(4.9):C3 _5v(4.9):C1 _5w(4.9):C1 _5x(4.9):C7 _60(4.9):C3 _68(4.9):C12 _65(4.9):C17 _62(4.9):C9 _66(4.9):C6 _67(4.9):C7 _63(4.9):C4 _5z(4.9):C11 _64(4.9):C1 _5y(4.9):C10 _69(4.9):C3 _61(4.9):C10)}
INFO  - 2015-01-31 18:39:37.570; org.apache.solr.core.QuerySenderListener; QuerySenderListener done.
INFO  - 2015-01-31 18:39:37.570; org.apache.solr.handler.component.SpellCheckComponent$SpellCheckerListener; Building spell index for spell checker: suggestDictionary
INFO  - 2015-01-31 18:39:37.570; org.apache.solr.spelling.suggest.Suggester; build()
INFO  - 2015-01-31 18:39:37.586; org.apache.solr.core.SolrCore; [ProductsCoreThird] Registered new searcher Searcher@bf87fdb[ProductsCoreThird] main{StandardDirectoryReader(segments_1:488:nrt _5s(4.9):C2 _5u(4.9):C1 _5m(4.9):C2 _5l(4.9):C3 _5n(4.9):C4 _5o(4.9):C7 _5q(4.9):C1 _5r(4.9):C2 _5p(4.9):C3 _5t(4.9):C3 _5v(4.9):C1 _5w(4.9):C1 _5x(4.9):C7 _60(4.9):C3 _68(4.9):C12 _65(4.9):C17 _62(4.9):C9 _66(4.9):C6 _67(4.9):C7 _63(4.9):C4 _5z(4.9):C11 _64(4.9):C1 _5y(4.9):C10 _69(4.9):C3 _61(4.9):C10)}
INFO  - 2015-01-31 18:39:37.586; org.apache.solr.update.DirectUpdateHandler2; start commit{,optimize=false,openSearcher=true,waitSearcher=true,expungeDeletes=false,softCommit=true,prepareCommit=false}
INFO  - 2015-01-31 18:39:37.876; org.apache.solr.search.SolrIndexSearcher; Opening Searcher@bcc295[ProductsCoreThird] realtime
INFO  - 2015-01-31 18:39:37.876; org.apache.solr.search.SolrIndexSearcher; Opening Searcher@5c9d865b[ProductsCoreThird] main
INFO  - 2015-01-31 18:39:37.877; org.apache.solr.update.DirectUpdateHandler2; end_commit_flush
INFO  - 2015-01-31 18:39:37.877; org.apache.solr.core.QuerySenderListener; QuerySenderListener sending requests to Searcher@5c9d865b[ProductsCoreThird] main{StandardDirectoryReader(segments_1:501:nrt)}
INFO  - 2015-01-31 18:39:37.877; org.apache.solr.core.QuerySenderListener; QuerySenderListener done.
INFO  - 2015-01-31 18:39:37.877; org.apache.solr.handler.component.SpellCheckComponent$SpellCheckerListener; Building spell index for spell checker: suggestDictionary
INFO  - 2015-01-31 18:39:37.877; org.apache.solr.spelling.suggest.Suggester; build()
INFO  - 2015-01-31 18:39:37.879; org.apache.solr.core.SolrCore; [ProductsCoreThird] Registered new searcher Searcher@5c9d865b[ProductsCoreThird] main{StandardDirectoryReader(segments_1:501:nrt)}
INFO  - 2015-01-31 18:39:38.876; org.apache.solr.update.DirectUpdateHandler2; start commit{,optimize=false,openSearcher=true,waitSearcher=true,expungeDeletes=false,softCommit=true,prepareCommit=false}
INFO  - 2015-01-31 18:39:42.069; org.apache.solr.handler.dataimport.DataImporter; Loading DIH Configuration: /opt/migros/solr/ProductsCoreThird/conf/dataconfigs/data-config19.xml
INFO  - 2015-01-31 18:39:42.076; org.apache.solr.handler.dataimport.config.DIHConfiguration; The field :Keyword present in DataConfig does not have a counterpart in Solr Schema
INFO  - 2015-01-31 18:39:42.077; org.apache.solr.handler.dataimport.DataImporter; Data Configuration loaded successfully
INFO  - 2015-01-31 18:39:42.078; org.apache.solr.core.SolrCore; [ProductsCoreThird] webapp=/migrossolr path=/dataimport19 params={debug=false&optimize=false&indent=true&commit=true&clean=true&rows=1500&wt=json&command=full-import&verbose=false} status=0 QTime=10 
INFO  - 2015-01-31 18:39:42.078; org.apache.solr.handler.dataimport.DataImporter; Starting Full Import
WARN  - 2015-01-31 18:39:42.084; org.apache.solr.handler.dataimport.SimplePropertiesWriter; Unable to read: dataimport19.properties
INFO  - 2015-01-31 18:39:42.305; org.apache.solr.core.SolrCore; [ProductsCoreThird] webapp=/migrossolr path=/dataimport19 params={indent=true&wt=json&command=status&_=1422729581103} status=0 QTime=0 
INFO  - 2015-01-31 18:39:44.733; org.apache.solr.search.SolrIndexSearcher; Opening Searcher@354b6b00[ProductsCoreThird] main
INFO  - 2015-01-31 18:39:44.735; org.apache.solr.update.DirectUpdateHandler2; end_commit_flush
INFO  - 2015-01-31 18:39:44.735; org.apache.solr.core.QuerySenderListener; QuerySenderListener sending requests to Searcher@354b6b00[ProductsCoreThird] main{StandardDirectoryReader(segments_1:543:nrt _6m(4.9):C5 _6w(4.9):C2 _6v(4.9):C1 _6o(4.9):C6 _6y(4.9):C1 _6u(4.9):C1 _6q(4.9):C4 _6p(4.9):C6 _6l(4.9):C6 _6x(4.9):C1 _6s(4.9):C2 _6n(4.9):C2 _6r(4.9):C3 _6t(4.9):C4)}
INFO  - 2015-01-31 18:39:44.735; org.apache.solr.core.QuerySenderListener; QuerySenderListener done.
INFO  - 2015-01-31 18:39:44.735; org.apache.solr.handler.component.SpellCheckComponent$SpellCheckerListener; Building spell index for spell checker: suggestDictionary
INFO  - 2015-01-31 18:39:44.735; org.apache.solr.spelling.suggest.Suggester; build()
INFO  - 2015-01-31 18:39:44.748; org.apache.solr.core.SolrCore; [ProductsCoreThird] Registered new searcher Searcher@354b6b00[ProductsCoreThird] main{StandardDirectoryReader(segments_1:543:nrt _6m(4.9):C5 _6w(4.9):C2 _6v(4.9):C1 _6o(4.9):C6 _6y(4.9):C1 _6u(4.9):C1 _6q(4.9):C4 _6p(4.9):C6 _6l(4.9):C6 _6x(4.9):C1 _6s(4.9):C2 _6n(4.9):C2 _6r(4.9):C3 _6t(4.9):C4)}
INFO  - 2015-01-31 18:39:44.748; org.apache.solr.update.DirectUpdateHandler2; start commit{,optimize=false,openSearcher=true,waitSearcher=true,expungeDeletes=false,softCommit=true,prepareCommit=false}
INFO  - 2015-01-31 18:39:45.074; org.apache.solr.search.SolrIndexSearcher; Opening Searcher@2cbf9e9a[ProductsCoreThird] realtime
INFO  - 2015-01-31 18:39:45.075; org.apache.solr.search.SolrIndexSearcher; Opening Searcher@3f4102d8[ProductsCoreThird] main
INFO  - 2015-01-31 18:39:45.075; org.apache.solr.update.DirectUpdateHandler2; end_commit_flush
INFO  - 2015-01-31 18:39:45.075; org.apache.solr.core.QuerySenderListener; QuerySenderListener sending requests to Searcher@3f4102d8[ProductsCoreThird] main{StandardDirectoryReader(segments_1:559:nrt)}
INFO  - 2015-01-31 18:39:45.076; org.apache.solr.core.QuerySenderListener; QuerySenderListener done.
INFO  - 2015-01-31 18:39:45.076; org.apache.solr.handler.component.SpellCheckComponent$SpellCheckerListener; Building spell index for spell checker: suggestDictionary
INFO  - 2015-01-31 18:39:45.076; org.apache.solr.spelling.suggest.Suggester; build()
INFO  - 2015-01-31 18:39:45.078; org.apache.solr.core.SolrCore; [ProductsCoreThird] Registered new searcher Searcher@3f4102d8[ProductsCoreThird] main{StandardDirectoryReader(segments_1:559:nrt)}
INFO  - 2015-01-31 18:39:45.887; org.apache.solr.core.SolrCore; [ProductsCoreThird] webapp=/migrossolr path=/admin/mbeans params={cat=QUERYHANDLER&wt=json&_=1422729584692} status=0 QTime=0 
INFO  - 2015-01-31 18:39:45.891; org.apache.solr.core.SolrCore; [ProductsCoreThird] webapp=/migrossolr path=/dataimport17 params={indent=true&command=show-config&_=1422729584692} status=0 QTime=0 
INFO  - 2015-01-31 18:39:45.912; org.apache.solr.core.SolrCore; [ProductsCoreThird] webapp=/migrossolr path=/dataimport17 params={indent=true&wt=json&command=status&_=1422729584696} status=0 QTime=0 
INFO  - 2015-01-31 18:39:46.075; org.apache.solr.update.DirectUpdateHandler2; start commit{,optimize=false,openSearcher=true,waitSearcher=true,expungeDeletes=false,softCommit=true,prepareCommit=false}
INFO  - 2015-01-31 18:39:49.818; org.apache.solr.handler.dataimport.DataImporter; Loading DIH Configuration: /opt/migros/solr/ProductsCoreThird/conf/dataconfigs/data-config17.xml
INFO  - 2015-01-31 18:39:49.826; org.apache.solr.handler.dataimport.config.DIHConfiguration; The field :Keyword present in DataConfig does not have a counterpart in Solr Schema
INFO  - 2015-01-31 18:39:49.826; org.apache.solr.handler.dataimport.DataImporter; Data Configuration loaded successfully
INFO  - 2015-01-31 18:39:49.828; org.apache.solr.handler.dataimport.DataImporter; Starting Full Import
INFO  - 2015-01-31 18:39:49.828; org.apache.solr.core.SolrCore; [ProductsCoreThird] webapp=/migrossolr path=/dataimport17 params={debug=false&optimize=false&indent=true&commit=true&clean=true&rows=1500&wt=json&command=full-import&verbose=false} status=0 QTime=10 
WARN  - 2015-01-31 18:39:49.835; org.apache.solr.handler.dataimport.SimplePropertiesWriter; Unable to read: dataimport17.properties
INFO  - 2015-01-31 18:39:50.054; org.apache.solr.core.SolrCore; [ProductsCoreThird] webapp=/migrossolr path=/dataimport17 params={indent=true&wt=json&command=status&_=1422729588845} status=0 QTime=0 
INFO  - 2015-01-31 18:39:50.848; org.apache.solr.search.SolrIndexSearcher; Opening Searcher@6e123c0b[ProductsCoreThird] main
INFO  - 2015-01-31 18:39:50.850; org.apache.solr.update.DirectUpdateHandler2; end_commit_flush
INFO  - 2015-01-31 18:39:50.850; org.apache.solr.core.QuerySenderListener; QuerySenderListener sending requests to Searcher@6e123c0b[ProductsCoreThird] main{StandardDirectoryReader(segments_1:603:nrt _7p(4.9):C6 _7d(4.9):C5 _7f(4.9):C11 _7k(4.9):C3 _7e(4.9):C4 _7g(4.9):C7 _7m(4.9):C1 _7i(4.9):C4 _7j(4.9):C7 _7n(4.9):C10 _7q(4.9):C1 _7h(4.9):C4 _7o(4.9):C3 _7l(4.9):C3 _7r(4.9):C4)}
INFO  - 2015-01-31 18:39:50.850; org.apache.solr.core.QuerySenderListener; QuerySenderListener done.
INFO  - 2015-01-31 18:39:50.850; org.apache.solr.handler.component.SpellCheckComponent$SpellCheckerListener; Building spell index for spell checker: suggestDictionary
INFO  - 2015-01-31 18:39:50.850; org.apache.solr.spelling.suggest.Suggester; build()
INFO  - 2015-01-31 18:39:50.870; org.apache.solr.core.SolrCore; [ProductsCoreThird] Registered new searcher Searcher@6e123c0b[ProductsCoreThird] main{StandardDirectoryReader(segments_1:603:nrt _7p(4.9):C6 _7d(4.9):C5 _7f(4.9):C11 _7k(4.9):C3 _7e(4.9):C4 _7g(4.9):C7 _7m(4.9):C1 _7i(4.9):C4 _7j(4.9):C7 _7n(4.9):C10 _7q(4.9):C1 _7h(4.9):C4 _7o(4.9):C3 _7l(4.9):C3 _7r(4.9):C4)}
INFO  - 2015-01-31 18:39:50.870; org.apache.solr.update.DirectUpdateHandler2; start commit{,optimize=false,openSearcher=true,waitSearcher=true,expungeDeletes=false,softCommit=true,prepareCommit=false}
INFO  - 2015-01-31 18:39:51.157; org.apache.solr.search.SolrIndexSearcher; Opening Searcher@146ba0db[ProductsCoreThird] realtime
INFO  - 2015-01-31 18:39:57.783; org.apache.solr.core.SolrCore; [ProductsCoreThird] webapp=/migrossolr path=/admin/mbeans params={cat=QUERYHANDLER&wt=json&_=1422729596582} status=0 QTime=1 
INFO  - 2015-01-31 18:39:57.785; org.apache.solr.core.SolrCore; [ProductsCoreThird] webapp=/migrossolr path=/dataimport18 params={indent=true&command=show-config&_=1422729596585} status=0 QTime=1 
INFO  - 2015-01-31 18:39:57.787; org.apache.solr.core.SolrCore; [ProductsCoreThird] webapp=/migrossolr path=/dataimport18 params={indent=true&wt=json&command=status&_=1422729596587} status=0 QTime=0 
INFO  - 2015-01-31 18:40:01.057; org.apache.solr.search.SolrIndexSearcher; Opening Searcher@75a41a4[ProductsCoreThird] main
INFO  - 2015-01-31 18:40:01.058; org.apache.solr.update.DirectUpdateHandler2; end_commit_flush
INFO  - 2015-01-31 18:40:01.058; org.apache.solr.core.QuerySenderListener; QuerySenderListener sending requests to Searcher@75a41a4[ProductsCoreThird] main{StandardDirectoryReader(segments_1:637:nrt _86(4.9):C1)}
INFO  - 2015-01-31 18:40:01.058; org.apache.solr.core.QuerySenderListener; QuerySenderListener done.
INFO  - 2015-01-31 18:40:01.058; org.apache.solr.handler.component.SpellCheckComponent$SpellCheckerListener; Building spell index for spell checker: suggestDictionary
INFO  - 2015-01-31 18:40:01.058; org.apache.solr.spelling.suggest.Suggester; build()
INFO  - 2015-01-31 18:40:01.074; org.apache.solr.core.SolrCore; [ProductsCoreThird] Registered new searcher Searcher@75a41a4[ProductsCoreThird] main{StandardDirectoryReader(segments_1:637:nrt _86(4.9):C1)}
INFO  - 2015-01-31 18:40:01.075; org.apache.solr.update.DirectUpdateHandler2; start commit{,optimize=false,openSearcher=true,waitSearcher=true,expungeDeletes=false,softCommit=true,prepareCommit=false}
INFO  - 2015-01-31 18:40:02.543; org.apache.solr.handler.dataimport.DataImporter; Loading DIH Configuration: /opt/migros/solr/ProductsCoreThird/conf/dataconfigs/data-config18.xml
INFO  - 2015-01-31 18:40:02.549; org.apache.solr.handler.dataimport.config.DIHConfiguration; The field :Keyword present in DataConfig does not have a counterpart in Solr Schema
INFO  - 2015-01-31 18:40:02.549; org.apache.solr.handler.dataimport.DataImporter; Data Configuration loaded successfully
INFO  - 2015-01-31 18:40:02.550; org.apache.solr.core.SolrCore; [ProductsCoreThird] webapp=/migrossolr path=/dataimport18 params={debug=false&optimize=false&indent=true&commit=true&clean=true&rows=1500&wt=json&command=full-import&verbose=false} status=0 QTime=8 
INFO  - 2015-01-31 18:40:02.550; org.apache.solr.handler.dataimport.DataImporter; Starting Full Import
WARN  - 2015-01-31 18:40:02.555; org.apache.solr.handler.dataimport.SimplePropertiesWriter; Unable to read: dataimport18.properties
INFO  - 2015-01-31 18:40:02.792; org.apache.solr.core.SolrCore; [ProductsCoreThird] webapp=/migrossolr path=/dataimport18 params={indent=true&wt=json&command=status&_=1422729601568} status=0 QTime=1 
INFO  - 2015-01-31 18:40:04.463; org.apache.solr.core.SolrCore; [ProductsCoreThird] webapp=/migrossolr path=/admin/mbeans params={cat=QUERYHANDLER&wt=json&_=1422729603265} status=0 QTime=1 
INFO  - 2015-01-31 18:40:04.464; org.apache.solr.core.SolrCore; [ProductsCoreThird] webapp=/migrossolr path=/dataimport22 params={indent=true&command=show-config&_=1422729603268} status=0 QTime=0 
INFO  - 2015-01-31 18:40:04.474; org.apache.solr.core.SolrCore; [ProductsCoreThird] webapp=/migrossolr path=/dataimport22 params={indent=true&wt=json&command=status&_=1422729603270} status=0 QTime=0 
INFO  - 2015-01-31 18:40:09.832; org.apache.solr.handler.dataimport.DataImporter; Loading DIH Configuration: /opt/migros/solr/ProductsCoreThird/conf/dataconfigs/data-config22.xml
INFO  - 2015-01-31 18:40:09.838; org.apache.solr.handler.dataimport.config.DIHConfiguration; The field :Keyword present in DataConfig does not have a counterpart in Solr Schema
INFO  - 2015-01-31 18:40:09.839; org.apache.solr.handler.dataimport.DataImporter; Data Configuration loaded successfully
INFO  - 2015-01-31 18:40:09.840; org.apache.solr.core.SolrCore; [ProductsCoreThird] webapp=/migrossolr path=/dataimport22 params={debug=false&optimize=false&indent=true&commit=true&clean=true&rows=1500&wt=json&command=full-import&verbose=false} status=0 QTime=9 
INFO  - 2015-01-31 18:40:09.840; org.apache.solr.handler.dataimport.DataImporter; Starting Full Import
WARN  - 2015-01-31 18:40:09.845; org.apache.solr.handler.dataimport.SimplePropertiesWriter; Unable to read: dataimport22.properties
INFO  - 2015-01-31 18:40:10.044; org.apache.solr.search.SolrIndexSearcher; Opening Searcher@32fa1b43[ProductsCoreThird] main
INFO  - 2015-01-31 18:40:10.045; org.apache.solr.core.SolrCore; [ProductsCoreThird] webapp=/migrossolr path=/dataimport22 params={indent=true&wt=json&command=status&_=1422729608857} status=0 QTime=0 
INFO  - 2015-01-31 18:40:10.047; org.apache.solr.update.DirectUpdateHandler2; end_commit_flush
INFO  - 2015-01-31 18:40:10.047; org.apache.solr.core.QuerySenderListener; QuerySenderListener sending requests to Searcher@32fa1b43[ProductsCoreThird] main{StandardDirectoryReader(segments_1:666:nrt _86(4.9):C1 _8c(4.9):C18 _87(4.9):C36 _8e(4.9):C19 _8g(4.9):C28 _89(4.9):C22 _8a(4.9):C23 _8i(4.9):C9 _8f(4.9):C16 _8h(4.9):C20 _8l(4.9):C21 _8b(4.9):C14 _8m(4.9):C10 _8j(4.9):C3 _8k(4.9):C13 _88(4.9):C26 _8d(4.9):C18)}
INFO  - 2015-01-31 18:40:10.047; org.apache.solr.core.QuerySenderListener; QuerySenderListener done.
INFO  - 2015-01-31 18:40:10.047; org.apache.solr.handler.component.SpellCheckComponent$SpellCheckerListener; Building spell index for spell checker: suggestDictionary
INFO  - 2015-01-31 18:40:10.047; org.apache.solr.spelling.suggest.Suggester; build()
INFO  - 2015-01-31 18:40:10.071; org.apache.solr.core.SolrCore; [ProductsCoreThird] Registered new searcher Searcher@32fa1b43[ProductsCoreThird] main{StandardDirectoryReader(segments_1:666:nrt _86(4.9):C1 _8c(4.9):C18 _87(4.9):C36 _8e(4.9):C19 _8g(4.9):C28 _89(4.9):C22 _8a(4.9):C23 _8i(4.9):C9 _8f(4.9):C16 _8h(4.9):C20 _8l(4.9):C21 _8b(4.9):C14 _8m(4.9):C10 _8j(4.9):C3 _8k(4.9):C13 _88(4.9):C26 _8d(4.9):C18)}
INFO  - 2015-01-31 18:40:10.071; org.apache.solr.update.DirectUpdateHandler2; start commit{,optimize=false,openSearcher=true,waitSearcher=true,expungeDeletes=false,softCommit=true,prepareCommit=false}
INFO  - 2015-01-31 18:40:10.345; org.apache.solr.search.SolrIndexSearcher; Opening Searcher@15202a5a[ProductsCoreThird] realtime
INFO  - 2015-01-31 18:40:10.346; org.apache.solr.search.SolrIndexSearcher; Opening Searcher@4117883c[ProductsCoreThird] main
INFO  - 2015-01-31 18:40:10.346; org.apache.solr.update.DirectUpdateHandler2; end_commit_flush
INFO  - 2015-01-31 18:40:10.346; org.apache.solr.core.QuerySenderListener; QuerySenderListener sending requests to Searcher@4117883c[ProductsCoreThird] main{StandardDirectoryReader(segments_1:681:nrt)}
INFO  - 2015-01-31 18:40:10.346; org.apache.solr.core.QuerySenderListener; QuerySenderListener done.
INFO  - 2015-01-31 18:40:10.346; org.apache.solr.handler.component.SpellCheckComponent$SpellCheckerListener; Building spell index for spell checker: suggestDictionary
INFO  - 2015-01-31 18:40:10.346; org.apache.solr.spelling.suggest.Suggester; build()
INFO  - 2015-01-31 18:40:10.348; org.apache.solr.core.SolrCore; [ProductsCoreThird] Registered new searcher Searcher@4117883c[ProductsCoreThird] main{StandardDirectoryReader(segments_1:681:nrt)}
INFO  - 2015-01-31 18:40:11.346; org.apache.solr.update.DirectUpdateHandler2; start commit{,optimize=false,openSearcher=true,waitSearcher=true,expungeDeletes=false,softCommit=true,prepareCommit=false}
INFO  - 2015-01-31 18:40:11.523; org.apache.solr.search.SolrIndexSearcher; Opening Searcher@6e649953[ProductsCoreThird] main
INFO  - 2015-01-31 18:40:11.524; org.apache.solr.update.DirectUpdateHandler2; end_commit_flush
INFO  - 2015-01-31 18:40:11.525; org.apache.solr.core.QuerySenderListener; QuerySenderListener sending requests to Searcher@6e649953[ProductsCoreThird] main{StandardDirectoryReader(segments_1:713:nrt _92(4.9):C1 _9c(4.9):C1 _9e(4.9):C1 _97(4.9):C1 _9f(4.9):C1 _91(4.9):C1 _90(4.9):C1 _9a(4.9):C1 _94(4.9):C1 _96(4.9):C1 _98(4.9):C1 _9d(4.9):C1 _93(4.9):C1 _99(4.9):C1 _9b(4.9):C1 _95(4.9):C1)}
INFO  - 2015-01-31 18:40:11.525; org.apache.solr.core.QuerySenderListener; QuerySenderListener done.
INFO  - 2015-01-31 18:40:11.525; org.apache.solr.handler.component.SpellCheckComponent$SpellCheckerListener; Building spell index for spell checker: suggestDictionary
INFO  - 2015-01-31 18:40:11.525; org.apache.solr.spelling.suggest.Suggester; build()
INFO  - 2015-01-31 18:40:11.526; org.apache.solr.search.SolrIndexSearcher; Opening Searcher@61dd0f26[ProductsCoreThird] realtime
INFO  - 2015-01-31 18:40:11.537; org.apache.solr.core.SolrCore; [ProductsCoreThird] Registered new searcher Searcher@6e649953[ProductsCoreThird] main{StandardDirectoryReader(segments_1:713:nrt _92(4.9):C1 _9c(4.9):C1 _9e(4.9):C1 _97(4.9):C1 _9f(4.9):C1 _91(4.9):C1 _90(4.9):C1 _9a(4.9):C1 _94(4.9):C1 _96(4.9):C1 _98(4.9):C1 _9d(4.9):C1 _93(4.9):C1 _99(4.9):C1 _9b(4.9):C1 _95(4.9):C1)}
INFO  - 2015-01-31 18:40:12.226; org.apache.solr.core.SolrCore; [ProductsCoreThird] webapp=/migrossolr path=/admin/mbeans params={cat=QUERYHANDLER&wt=json&_=1422729611042} status=0 QTime=0 
INFO  - 2015-01-31 18:40:12.229; org.apache.solr.core.SolrCore; [ProductsCoreThird] webapp=/migrossolr path=/dataimport23 params={indent=true&command=show-config&_=1422729611042} status=0 QTime=1 
INFO  - 2015-01-31 18:40:12.230; org.apache.solr.core.SolrCore; [ProductsCoreThird] webapp=/migrossolr path=/dataimport23 params={indent=true&wt=json&command=status&_=1422729611044} status=0 QTime=0 
INFO  - 2015-01-31 18:40:12.390; org.apache.solr.update.DirectUpdateHandler2; start commit{,optimize=false,openSearcher=true,waitSearcher=true,expungeDeletes=false,softCommit=true,prepareCommit=false}
INFO  - 2015-01-31 18:40:15.936; org.apache.solr.handler.dataimport.DataImporter; Loading DIH Configuration: /opt/migros/solr/ProductsCoreThird/conf/dataconfigs/data-config23.xml
INFO  - 2015-01-31 18:40:15.944; org.apache.solr.handler.dataimport.config.DIHConfiguration; The field :Keyword present in DataConfig does not have a counterpart in Solr Schema
INFO  - 2015-01-31 18:40:15.944; org.apache.solr.handler.dataimport.DataImporter; Data Configuration loaded successfully
INFO  - 2015-01-31 18:40:15.945; org.apache.solr.core.SolrCore; [ProductsCoreThird] webapp=/migrossolr path=/dataimport23 params={debug=false&optimize=false&indent=true&commit=true&clean=true&rows=1500&wt=json&command=full-import&verbose=false} status=0 QTime=10 
INFO  - 2015-01-31 18:40:15.945; org.apache.solr.handler.dataimport.DataImporter; Starting Full Import
WARN  - 2015-01-31 18:40:15.950; org.apache.solr.handler.dataimport.SimplePropertiesWriter; Unable to read: dataimport23.properties
INFO  - 2015-01-31 18:40:16.154; org.apache.solr.core.SolrCore; [ProductsCoreThird] webapp=/migrossolr path=/dataimport23 params={indent=true&wt=json&command=status&_=1422729614972} status=0 QTime=2 
INFO  - 2015-01-31 18:40:18.341; org.apache.solr.core.SolrCore; [ProductsCoreThird] webapp=/migrossolr path=/admin/mbeans params={cat=QUERYHANDLER&wt=json&_=1422729617156} status=0 QTime=1 
INFO  - 2015-01-31 18:40:18.342; org.apache.solr.core.SolrCore; [ProductsCoreThird] webapp=/migrossolr path=/dataimport20 params={indent=true&command=show-config&_=1422729617159} status=0 QTime=1 
INFO  - 2015-01-31 18:40:18.342; org.apache.solr.core.SolrCore; [ProductsCoreThird] webapp=/migrossolr path=/dataimport20 params={indent=true&wt=json&command=status&_=1422729617161} status=0 QTime=0 
INFO  - 2015-01-31 18:40:21.323; org.apache.solr.search.SolrIndexSearcher; Opening Searcher@52ef94d8[ProductsCoreThird] main
INFO  - 2015-01-31 18:40:21.327; org.apache.solr.update.DirectUpdateHandler2; end_commit_flush
INFO  - 2015-01-31 18:40:21.327; org.apache.solr.core.QuerySenderListener; QuerySenderListener sending requests to Searcher@52ef94d8[ProductsCoreThird] main{StandardDirectoryReader(segments_1:768:nrt _9g(4.9):C7 _9x(4.9):C2 _9k(4.9):C1 _9t(4.9):C3 _9m(4.9):C1 _9u(4.9):C2 _9p(4.9):C1 _9o(4.9):C4 _9s(4.9):C1 _9i(4.9):C6 _9n(4.9):C2 _9r(4.9):C10 _9v(4.9):C2 _9q(4.9):C5 _9w(4.9):C1 _9j(4.9):C3 _9l(4.9):C4 _9h(4.9):C3)}
INFO  - 2015-01-31 18:40:21.327; org.apache.solr.core.QuerySenderListener; QuerySenderListener done.
INFO  - 2015-01-31 18:40:21.327; org.apache.solr.handler.component.SpellCheckComponent$SpellCheckerListener; Building spell index for spell checker: suggestDictionary
INFO  - 2015-01-31 18:40:21.327; org.apache.solr.spelling.suggest.Suggester; build()
INFO  - 2015-01-31 18:40:21.348; org.apache.solr.core.SolrCore; [ProductsCoreThird] Registered new searcher Searcher@52ef94d8[ProductsCoreThird] main{StandardDirectoryReader(segments_1:768:nrt _9g(4.9):C7 _9x(4.9):C2 _9k(4.9):C1 _9t(4.9):C3 _9m(4.9):C1 _9u(4.9):C2 _9p(4.9):C1 _9o(4.9):C4 _9s(4.9):C1 _9i(4.9):C6 _9n(4.9):C2 _9r(4.9):C10 _9v(4.9):C2 _9q(4.9):C5 _9w(4.9):C1 _9j(4.9):C3 _9l(4.9):C4 _9h(4.9):C3)}
INFO  - 2015-01-31 18:40:21.349; org.apache.solr.update.DirectUpdateHandler2; start commit{,optimize=false,openSearcher=true,waitSearcher=true,expungeDeletes=false,softCommit=true,prepareCommit=false}
INFO  - 2015-01-31 18:40:21.733; org.apache.solr.search.SolrIndexSearcher; Opening Searcher@7b9c6709[ProductsCoreThird] realtime
INFO  - 2015-01-31 18:40:21.734; org.apache.solr.search.SolrIndexSearcher; Opening Searcher@1ab605a7[ProductsCoreThird] main
INFO  - 2015-01-31 18:40:21.734; org.apache.solr.update.DirectUpdateHandler2; end_commit_flush
INFO  - 2015-01-31 18:40:21.735; org.apache.solr.core.QuerySenderListener; QuerySenderListener sending requests to Searcher@1ab605a7[ProductsCoreThird] main{StandardDirectoryReader(segments_1:787:nrt)}
INFO  - 2015-01-31 18:40:21.735; org.apache.solr.core.QuerySenderListener; QuerySenderListener done.
INFO  - 2015-01-31 18:40:21.735; org.apache.solr.handler.component.SpellCheckComponent$SpellCheckerListener; Building spell index for spell checker: suggestDictionary
INFO  - 2015-01-31 18:40:21.735; org.apache.solr.spelling.suggest.Suggester; build()
INFO  - 2015-01-31 18:40:21.737; org.apache.solr.core.SolrCore; [ProductsCoreThird] Registered new searcher Searcher@1ab605a7[ProductsCoreThird] main{StandardDirectoryReader(segments_1:787:nrt)}
INFO  - 2015-01-31 18:40:22.595; org.apache.solr.handler.dataimport.DataImporter; Loading DIH Configuration: /opt/migros/solr/ProductsCoreThird/conf/dataconfigs/data-config20.xml
INFO  - 2015-01-31 18:40:22.601; org.apache.solr.handler.dataimport.config.DIHConfiguration; The field :Keyword present in DataConfig does not have a counterpart in Solr Schema
INFO  - 2015-01-31 18:40:22.602; org.apache.solr.handler.dataimport.DataImporter; Data Configuration loaded successfully
INFO  - 2015-01-31 18:40:22.603; org.apache.solr.core.SolrCore; [ProductsCoreThird] webapp=/migrossolr path=/dataimport20 params={debug=false&optimize=false&indent=true&commit=true&clean=true&rows=1500&wt=json&command=full-import&verbose=false} status=0 QTime=8 
INFO  - 2015-01-31 18:40:22.603; org.apache.solr.handler.dataimport.DataImporter; Starting Full Import
WARN  - 2015-01-31 18:40:22.609; org.apache.solr.handler.dataimport.SimplePropertiesWriter; Unable to read: dataimport20.properties
INFO  - 2015-01-31 18:40:22.734; org.apache.solr.update.DirectUpdateHandler2; start commit{,optimize=false,openSearcher=true,waitSearcher=true,expungeDeletes=false,softCommit=true,prepareCommit=false}
INFO  - 2015-01-31 18:40:22.800; org.apache.solr.core.SolrCore; [ProductsCoreThird] webapp=/migrossolr path=/dataimport20 params={indent=true&wt=json&command=status&_=1422729621623} status=0 QTime=2 
INFO  - 2015-01-31 18:40:24.631; org.apache.solr.search.SolrIndexSearcher; Opening Searcher@13e456bc[ProductsCoreThird] main
INFO  - 2015-01-31 18:40:24.633; org.apache.solr.update.DirectUpdateHandler2; end_commit_flush
INFO  - 2015-01-31 18:40:24.633; org.apache.solr.core.QuerySenderListener; QuerySenderListener sending requests to Searcher@13e456bc[ProductsCoreThird] main{StandardDirectoryReader(segments_1:825:nrt _aj(4.9):C8 _as(4.9):C9 _at(4.9):C5 _ar(4.9):C2 _aw(4.9):C2 _an(4.9):C3 _ah(4.9):C4 _av(4.9):C3 _al(4.9):C3 _ao(4.9):C2 _ag(4.9):C4 _ap(4.9):C10 _au(4.9):C2 _aq(4.9):C5 _af(4.9):C4 _ak(4.9):C3 _am(4.9):C2 _ai(4.9):C8 _ax(4.9):C1)}
INFO  - 2015-01-31 18:40:24.633; org.apache.solr.core.QuerySenderListener; QuerySenderListener done.
INFO  - 2015-01-31 18:40:24.633; org.apache.solr.handler.component.SpellCheckComponent$SpellCheckerListener; Building spell index for spell checker: suggestDictionary
INFO  - 2015-01-31 18:40:24.633; org.apache.solr.spelling.suggest.Suggester; build()
INFO  - 2015-01-31 18:40:24.635; org.apache.solr.search.SolrIndexSearcher; Opening Searcher@216c3167[ProductsCoreThird] realtime
INFO  - 2015-01-31 18:40:24.652; org.apache.solr.core.SolrCore; [ProductsCoreThird] Registered new searcher Searcher@13e456bc[ProductsCoreThird] main{StandardDirectoryReader(segments_1:825:nrt _aj(4.9):C8 _as(4.9):C9 _at(4.9):C5 _ar(4.9):C2 _aw(4.9):C2 _an(4.9):C3 _ah(4.9):C4 _av(4.9):C3 _al(4.9):C3 _ao(4.9):C2 _ag(4.9):C4 _ap(4.9):C10 _au(4.9):C2 _aq(4.9):C5 _af(4.9):C4 _ak(4.9):C3 _am(4.9):C2 _ai(4.9):C8 _ax(4.9):C1)}
INFO  - 2015-01-31 18:40:24.652; org.apache.solr.update.DirectUpdateHandler2; start commit{,optimize=false,openSearcher=true,waitSearcher=true,expungeDeletes=false,softCommit=true,prepareCommit=false}
INFO  - 2015-01-31 18:40:26.198; org.apache.solr.core.SolrCore; [ProductsCoreThird] webapp=/migrossolr path=/admin/mbeans params={cat=QUERYHANDLER&wt=json&_=1422729625032} status=0 QTime=1 
INFO  - 2015-01-31 18:40:26.200; org.apache.solr.core.SolrCore; [ProductsCoreThird] webapp=/migrossolr path=/dataimport21 params={indent=true&command=show-config&_=1422729625035} status=0 QTime=0 
INFO  - 2015-01-31 18:40:26.201; org.apache.solr.core.SolrCore; [ProductsCoreThird] webapp=/migrossolr path=/dataimport21 params={indent=true&wt=json&command=status&_=1422729625037} status=0 QTime=0 
INFO  - 2015-01-31 18:40:30.298; org.apache.solr.handler.dataimport.DataImporter; Loading DIH Configuration: /opt/migros/solr/ProductsCoreThird/conf/dataconfigs/data-config21.xml
INFO  - 2015-01-31 18:40:30.304; org.apache.solr.handler.dataimport.config.DIHConfiguration; The field :Keyword present in DataConfig does not have a counterpart in Solr Schema
INFO  - 2015-01-31 18:40:30.305; org.apache.solr.handler.dataimport.DataImporter; Data Configuration loaded successfully
INFO  - 2015-01-31 18:40:30.306; org.apache.solr.core.SolrCore; [ProductsCoreThird] webapp=/migrossolr path=/dataimport21 params={debug=false&optimize=false&indent=true&commit=true&clean=true&rows=1500&wt=json&command=full-import&verbose=false} status=0 QTime=8 
INFO  - 2015-01-31 18:40:30.306; org.apache.solr.handler.dataimport.DataImporter; Starting Full Import
WARN  - 2015-01-31 18:40:30.311; org.apache.solr.handler.dataimport.SimplePropertiesWriter; Unable to read: dataimport21.properties
INFO  - 2015-01-31 18:40:30.516; org.apache.solr.core.SolrCore; [ProductsCoreThird] webapp=/migrossolr path=/dataimport21 params={indent=true&wt=json&command=status&_=1422729629335} status=0 QTime=1 
INFO  - 2015-01-31 18:40:32.309; org.apache.solr.core.SolrCore; [ProductsCoreThird] webapp=/migrossolr path=/admin/mbeans params={cat=QUERYHANDLER&wt=json&_=1422729631136} status=0 QTime=0 
INFO  - 2015-01-31 18:40:32.323; org.apache.solr.core.SolrCore; [ProductsCoreThird] webapp=/migrossolr path=/dataimport11 params={indent=true&command=show-config&_=1422729631136} status=0 QTime=0 
INFO  - 2015-01-31 18:40:32.325; org.apache.solr.core.SolrCore; [ProductsCoreThird] webapp=/migrossolr path=/dataimport11 params={indent=true&wt=json&command=status&_=1422729631139} status=0 QTime=0 
INFO  - 2015-01-31 18:40:33.968; org.apache.solr.search.SolrIndexSearcher; Opening Searcher@46071bc1[ProductsCoreThird] main
INFO  - 2015-01-31 18:40:33.970; org.apache.solr.update.DirectUpdateHandler2; end_commit_flush
INFO  - 2015-01-31 18:40:33.970; org.apache.solr.core.QuerySenderListener; QuerySenderListener sending requests to Searcher@46071bc1[ProductsCoreThird] main{StandardDirectoryReader(segments_1:884:nrt _b7(4.9):C1 _b5(4.9):C1 _bb(4.9):C1 _b4(4.9):C1 _b1(4.9):C1 _ba(4.9):C1 _ay(4.9):C1 _b8(4.9):C1 _b6(4.9):C1 _b3(4.9):C1 _b0(4.9):C1 _bc(4.9):C1 _bd(4.9):C1 _b9(4.9):C1 _b2(4.9):C1 _bf(4.9):C1 _az(4.9):C1 _be(4.9):C1 _bg(4.9):C1)}
INFO  - 2015-01-31 18:40:33.970; org.apache.solr.core.QuerySenderListener; QuerySenderListener done.
INFO  - 2015-01-31 18:40:33.970; org.apache.solr.handler.component.SpellCheckComponent$SpellCheckerListener; Building spell index for spell checker: suggestDictionary
INFO  - 2015-01-31 18:40:33.970; org.apache.solr.spelling.suggest.Suggester; build()
INFO  - 2015-01-31 18:40:33.981; org.apache.solr.core.SolrCore; [ProductsCoreThird] Registered new searcher Searcher@46071bc1[ProductsCoreThird] main{StandardDirectoryReader(segments_1:884:nrt _b7(4.9):C1 _b5(4.9):C1 _bb(4.9):C1 _b4(4.9):C1 _b1(4.9):C1 _ba(4.9):C1 _ay(4.9):C1 _b8(4.9):C1 _b6(4.9):C1 _b3(4.9):C1 _b0(4.9):C1 _bc(4.9):C1 _bd(4.9):C1 _b9(4.9):C1 _b2(4.9):C1 _bf(4.9):C1 _az(4.9):C1 _be(4.9):C1 _bg(4.9):C1)}
INFO  - 2015-01-31 18:40:33.982; org.apache.solr.update.DirectUpdateHandler2; start commit{,optimize=false,openSearcher=true,waitSearcher=true,expungeDeletes=false,softCommit=true,prepareCommit=false}
INFO  - 2015-01-31 18:40:34.474; org.apache.solr.search.SolrIndexSearcher; Opening Searcher@941e232[ProductsCoreThird] realtime
INFO  - 2015-01-31 18:40:36.299; org.apache.solr.handler.dataimport.DataImporter; Loading DIH Configuration: /opt/migros/solr/ProductsCoreThird/conf/dataconfigs/data-config11.xml
INFO  - 2015-01-31 18:40:36.305; org.apache.solr.handler.dataimport.config.DIHConfiguration; The field :Keyword present in DataConfig does not have a counterpart in Solr Schema
INFO  - 2015-01-31 18:40:36.305; org.apache.solr.handler.dataimport.DataImporter; Data Configuration loaded successfully
INFO  - 2015-01-31 18:40:36.306; org.apache.solr.core.SolrCore; [ProductsCoreThird] webapp=/migrossolr path=/dataimport11 params={debug=false&optimize=false&indent=true&commit=true&clean=true&rows=1500&wt=json&command=full-import&verbose=false} status=0 QTime=7 
INFO  - 2015-01-31 18:40:36.306; org.apache.solr.handler.dataimport.DataImporter; Starting Full Import
WARN  - 2015-01-31 18:40:36.311; org.apache.solr.handler.dataimport.SimplePropertiesWriter; Unable to read: dataimport11.properties
INFO  - 2015-01-31 18:40:36.493; org.apache.solr.core.SolrCore; [ProductsCoreThird] webapp=/migrossolr path=/dataimport11 params={indent=true&wt=json&command=status&_=1422729635323} status=0 QTime=1 
INFO  - 2015-01-31 18:40:37.699; org.apache.solr.search.SolrIndexSearcher; Opening Searcher@30dc9396[ProductsCoreThird] main
INFO  - 2015-01-31 18:40:37.699; org.apache.solr.update.DirectUpdateHandler2; end_commit_flush
INFO  - 2015-01-31 18:40:37.700; org.apache.solr.core.QuerySenderListener; QuerySenderListener sending requests to Searcher@30dc9396[ProductsCoreThird] main{StandardDirectoryReader(segments_1:931:nrt _c0(4.9):C1 _c2(4.9):C1 _c1(4.9):C1)}
INFO  - 2015-01-31 18:40:37.700; org.apache.solr.core.QuerySenderListener; QuerySenderListener done.
INFO  - 2015-01-31 18:40:37.700; org.apache.solr.handler.component.SpellCheckComponent$SpellCheckerListener; Building spell index for spell checker: suggestDictionary
INFO  - 2015-01-31 18:40:37.700; org.apache.solr.spelling.suggest.Suggester; build()
INFO  - 2015-01-31 18:40:37.718; org.apache.solr.core.SolrCore; [ProductsCoreThird] Registered new searcher Searcher@30dc9396[ProductsCoreThird] main{StandardDirectoryReader(segments_1:931:nrt _c0(4.9):C1 _c2(4.9):C1 _c1(4.9):C1)}
INFO  - 2015-01-31 18:40:37.720; org.apache.solr.update.DirectUpdateHandler2; start commit{,optimize=false,openSearcher=true,waitSearcher=true,expungeDeletes=false,softCommit=true,prepareCommit=false}
INFO  - 2015-01-31 18:40:38.147; org.apache.solr.search.SolrIndexSearcher; Opening Searcher@63be6284[ProductsCoreThird] realtime
INFO  - 2015-01-31 18:40:38.560; org.apache.solr.core.SolrCore; [ProductsCoreThird] webapp=/migrossolr path=/admin/mbeans params={cat=QUERYHANDLER&wt=json&_=1422729637385} status=0 QTime=1 
INFO  - 2015-01-31 18:40:38.560; org.apache.solr.core.SolrCore; [ProductsCoreThird] webapp=/migrossolr path=/dataimport12 params={indent=true&command=show-config&_=1422729637387} status=0 QTime=1 
INFO  - 2015-01-31 18:40:38.561; org.apache.solr.core.SolrCore; [ProductsCoreThird] webapp=/migrossolr path=/dataimport12 params={indent=true&wt=json&command=status&_=1422729637390} status=0 QTime=0 
INFO  - 2015-01-31 18:40:41.932; org.apache.solr.handler.dataimport.DataImporter; Loading DIH Configuration: /opt/migros/solr/ProductsCoreThird/conf/dataconfigs/data-config12.xml
INFO  - 2015-01-31 18:40:41.940; org.apache.solr.handler.dataimport.config.DIHConfiguration; The field :Keyword present in DataConfig does not have a counterpart in Solr Schema
INFO  - 2015-01-31 18:40:41.940; org.apache.solr.handler.dataimport.DataImporter; Data Configuration loaded successfully
INFO  - 2015-01-31 18:40:41.941; org.apache.solr.core.SolrCore; [ProductsCoreThird] webapp=/migrossolr path=/dataimport12 params={debug=false&optimize=false&indent=true&commit=true&clean=true&rows=1500&wt=json&command=full-import&verbose=false} status=0 QTime=9 
INFO  - 2015-01-31 18:40:41.941; org.apache.solr.handler.dataimport.DataImporter; Starting Full Import
WARN  - 2015-01-31 18:40:41.947; org.apache.solr.handler.dataimport.SimplePropertiesWriter; Unable to read: dataimport12.properties
INFO  - 2015-01-31 18:40:42.132; org.apache.solr.core.SolrCore; [ProductsCoreThird] webapp=/migrossolr path=/dataimport12 params={indent=true&wt=json&command=status&_=1422729640962} status=0 QTime=1 
INFO  - 2015-01-31 18:40:46.253; org.apache.solr.core.SolrCore; [ProductsCoreThird] webapp=/migrossolr path=/admin/mbeans params={cat=QUERYHANDLER&wt=json&_=1422729645077} status=0 QTime=1 
INFO  - 2015-01-31 18:40:46.259; org.apache.solr.core.SolrCore; [ProductsCoreThird] webapp=/migrossolr path=/dataimport10 params={indent=true&wt=json&command=status&_=1422729645079} status=0 QTime=0 
INFO  - 2015-01-31 18:40:46.259; org.apache.solr.core.SolrCore; [ProductsCoreThird] webapp=/migrossolr path=/dataimport10 params={indent=true&command=show-config&_=1422729645077} status=0 QTime=0 
INFO  - 2015-01-31 18:40:47.677; org.apache.solr.search.SolrIndexSearcher; Opening Searcher@1069512b[ProductsCoreThird] main
INFO  - 2015-01-31 18:40:47.678; org.apache.solr.update.DirectUpdateHandler2; end_commit_flush
INFO  - 2015-01-31 18:40:47.678; org.apache.solr.core.QuerySenderListener; QuerySenderListener sending requests to Searcher@1069512b[ProductsCoreThird] main{StandardDirectoryReader(segments_1:979:nrt _cn(4.9):C1 _co(4.9):C1)}
INFO  - 2015-01-31 18:40:47.678; org.apache.solr.core.QuerySenderListener; QuerySenderListener done.
INFO  - 2015-01-31 18:40:47.679; org.apache.solr.handler.component.SpellCheckComponent$SpellCheckerListener; Building spell index for spell checker: suggestDictionary
INFO  - 2015-01-31 18:40:47.679; org.apache.solr.spelling.suggest.Suggester; build()
INFO  - 2015-01-31 18:40:47.693; org.apache.solr.core.SolrCore; [ProductsCoreThird] Registered new searcher Searcher@1069512b[ProductsCoreThird] main{StandardDirectoryReader(segments_1:979:nrt _cn(4.9):C1 _co(4.9):C1)}
INFO  - 2015-01-31 18:40:47.693; org.apache.solr.update.DirectUpdateHandler2; start commit{,optimize=false,openSearcher=true,waitSearcher=true,expungeDeletes=false,softCommit=true,prepareCommit=false}
INFO  - 2015-01-31 18:40:48.221; org.apache.solr.search.SolrIndexSearcher; Opening Searcher@7ecaa154[ProductsCoreThird] realtime
INFO  - 2015-01-31 18:40:48.222; org.apache.solr.search.SolrIndexSearcher; Opening Searcher@7d190342[ProductsCoreThird] main
INFO  - 2015-01-31 18:40:48.222; org.apache.solr.update.DirectUpdateHandler2; end_commit_flush
INFO  - 2015-01-31 18:40:48.223; org.apache.solr.core.QuerySenderListener; QuerySenderListener sending requests to Searcher@7d190342[ProductsCoreThird] main{StandardDirectoryReader(segments_1:1003:nrt)}
INFO  - 2015-01-31 18:40:48.223; org.apache.solr.core.QuerySenderListener; QuerySenderListener done.
INFO  - 2015-01-31 18:40:48.224; org.apache.solr.handler.component.SpellCheckComponent$SpellCheckerListener; Building spell index for spell checker: suggestDictionary
INFO  - 2015-01-31 18:40:48.224; org.apache.solr.spelling.suggest.Suggester; build()
INFO  - 2015-01-31 18:40:48.226; org.apache.solr.core.SolrCore; [ProductsCoreThird] Registered new searcher Searcher@7d190342[ProductsCoreThird] main{StandardDirectoryReader(segments_1:1003:nrt)}
INFO  - 2015-01-31 18:40:49.222; org.apache.solr.update.DirectUpdateHandler2; start commit{,optimize=false,openSearcher=true,waitSearcher=true,expungeDeletes=false,softCommit=true,prepareCommit=false}
INFO  - 2015-01-31 18:40:50.473; org.apache.solr.handler.dataimport.DataImporter; Loading DIH Configuration: /opt/migros/solr/ProductsCoreThird/conf/dataconfigs/data-config10.xml
INFO  - 2015-01-31 18:40:50.481; org.apache.solr.handler.dataimport.config.DIHConfiguration; The field :Keyword present in DataConfig does not have a counterpart in Solr Schema
INFO  - 2015-01-31 18:40:50.482; org.apache.solr.handler.dataimport.DataImporter; Data Configuration loaded successfully
INFO  - 2015-01-31 18:40:50.483; org.apache.solr.core.SolrCore; [ProductsCoreThird] webapp=/migrossolr path=/dataimport10 params={debug=false&optimize=false&indent=true&commit=true&clean=true&rows=1500&wt=json&command=full-import&verbose=false} status=0 QTime=10 
INFO  - 2015-01-31 18:40:50.483; org.apache.solr.handler.dataimport.DataImporter; Starting Full Import
WARN  - 2015-01-31 18:40:50.488; org.apache.solr.handler.dataimport.SimplePropertiesWriter; Unable to read: dataimport10.properties
INFO  - 2015-01-31 18:40:50.684; org.apache.solr.core.SolrCore; [ProductsCoreThird] webapp=/migrossolr path=/dataimport10 params={indent=true&wt=json&command=status&_=1422729649503} status=0 QTime=1 
INFO  - 2015-01-31 18:40:54.888; org.apache.solr.search.SolrIndexSearcher; Opening Searcher@5b5a784a[ProductsCoreThird] main
INFO  - 2015-01-31 18:40:54.891; org.apache.solr.update.DirectUpdateHandler2; end_commit_flush
INFO  - 2015-01-31 18:40:54.891; org.apache.solr.core.QuerySenderListener; QuerySenderListener sending requests to Searcher@5b5a784a[ProductsCoreThird] main{StandardDirectoryReader(segments_1:1063:nrt _di(4.9):C8 _dt(4.9):C2 _dk(4.9):C2 _do(4.9):C4 _dm(4.9):C4 _dq(4.9):C1 _dn(4.9):C3 _db(4.9):C11 _dp(4.9):C5 _dw(4.9):C2 _dc(4.9):C9 _de(4.9):C3 _df(4.9):C2 _dv(4.9):C4 _dg(4.9):C4 _dl(4.9):C6 _dr(4.9):C4 _dh(4.9):C4 _du(4.9):C3 _ds(4.9):C2 _dd(4.9):C6 _dj(4.9):C9)}
INFO  - 2015-01-31 18:40:54.891; org.apache.solr.core.QuerySenderListener; QuerySenderListener done.
INFO  - 2015-01-31 18:40:54.891; org.apache.solr.handler.component.SpellCheckComponent$SpellCheckerListener; Building spell index for spell checker: suggestDictionary
INFO  - 2015-01-31 18:40:54.891; org.apache.solr.spelling.suggest.Suggester; build()
INFO  - 2015-01-31 18:40:54.909; org.apache.solr.core.SolrCore; [ProductsCoreThird] Registered new searcher Searcher@5b5a784a[ProductsCoreThird] main{StandardDirectoryReader(segments_1:1063:nrt _di(4.9):C8 _dt(4.9):C2 _dk(4.9):C2 _do(4.9):C4 _dm(4.9):C4 _dq(4.9):C1 _dn(4.9):C3 _db(4.9):C11 _dp(4.9):C5 _dw(4.9):C2 _dc(4.9):C9 _de(4.9):C3 _df(4.9):C2 _dv(4.9):C4 _dg(4.9):C4 _dl(4.9):C6 _dr(4.9):C4 _dh(4.9):C4 _du(4.9):C3 _ds(4.9):C2 _dd(4.9):C6 _dj(4.9):C9)}
INFO  - 2015-01-31 18:40:54.909; org.apache.solr.update.DirectUpdateHandler2; start commit{,optimize=false,openSearcher=true,waitSearcher=true,expungeDeletes=false,softCommit=true,prepareCommit=false}
INFO  - 2015-01-31 18:40:55.022; org.apache.solr.core.SolrCore; [ProductsCoreThird] webapp=/migrossolr path=/admin/mbeans params={cat=QUERYHANDLER&wt=json&_=1422729653828} status=0 QTime=1 
INFO  - 2015-01-31 18:40:55.024; org.apache.solr.core.SolrCore; [ProductsCoreThird] webapp=/migrossolr path=/dataimport6 params={indent=true&command=show-config&_=1422729653828} status=0 QTime=0 
INFO  - 2015-01-31 18:40:55.024; org.apache.solr.core.SolrCore; [ProductsCoreThird] webapp=/migrossolr path=/dataimport6 params={indent=true&wt=json&command=status&_=1422729653831} status=0 QTime=0 
INFO  - 2015-01-31 18:40:55.096; org.apache.solr.search.SolrIndexSearcher; Opening Searcher@71c34ba2[ProductsCoreThird] realtime
INFO  - 2015-01-31 18:40:55.096; org.apache.solr.search.SolrIndexSearcher; Opening Searcher@643e2361[ProductsCoreThird] main
INFO  - 2015-01-31 18:40:55.097; org.apache.solr.update.DirectUpdateHandler2; end_commit_flush
INFO  - 2015-01-31 18:40:55.097; org.apache.solr.core.QuerySenderListener; QuerySenderListener sending requests to Searcher@643e2361[ProductsCoreThird] main{StandardDirectoryReader(segments_1:1081:nrt)}
INFO  - 2015-01-31 18:40:55.097; org.apache.solr.core.QuerySenderListener; QuerySenderListener done.
INFO  - 2015-01-31 18:40:55.097; org.apache.solr.handler.component.SpellCheckComponent$SpellCheckerListener; Building spell index for spell checker: suggestDictionary
INFO  - 2015-01-31 18:40:55.097; org.apache.solr.spelling.suggest.Suggester; build()
INFO  - 2015-01-31 18:40:55.099; org.apache.solr.core.SolrCore; [ProductsCoreThird] Registered new searcher Searcher@643e2361[ProductsCoreThird] main{StandardDirectoryReader(segments_1:1081:nrt)}
INFO  - 2015-01-31 18:40:56.096; org.apache.solr.update.DirectUpdateHandler2; start commit{,optimize=false,openSearcher=true,waitSearcher=true,expungeDeletes=false,softCommit=true,prepareCommit=false}
INFO  - 2015-01-31 18:40:57.832; org.apache.solr.core.SolrCore; [ProductsCoreThird] webapp=/migrossolr path=/dataimport6 params={debug=false&optimize=false&indent=true&commit=true&clean=true&wt=json&command=full-import&verbose=false} status=0 QTime=0 
INFO  - 2015-01-31 18:40:58.031; org.apache.solr.core.SolrCore; [ProductsCoreThird] webapp=/migrossolr path=/dataimport6 params={indent=true&wt=json&command=status&_=1422729656852} status=0 QTime=0 
INFO  - 2015-01-31 18:41:00.689; org.apache.solr.core.SolrCore; [ProductsCoreThird] webapp=/migrossolr path=/dataimport6 params={indent=true&wt=json&command=status&_=1422729659521} status=0 QTime=0 
INFO  - 2015-01-31 18:41:05.472; org.apache.solr.core.SolrCore; [ProductsCoreThird] webapp=/migrossolr path=/admin/mbeans params={cat=QUERYHANDLER&wt=json&_=1422729664305} status=0 QTime=0 
INFO  - 2015-01-31 18:41:05.474; org.apache.solr.core.SolrCore; [ProductsCoreThird] webapp=/migrossolr path=/dataimport7 params={indent=true&command=show-config&_=1422729664305} status=0 QTime=1 
INFO  - 2015-01-31 18:41:05.476; org.apache.solr.core.SolrCore; [ProductsCoreThird] webapp=/migrossolr path=/dataimport7 params={indent=true&wt=json&command=status&_=1422729664308} status=0 QTime=0 
INFO  - 2015-01-31 18:41:08.472; org.apache.solr.core.SolrCore; [ProductsCoreThird] webapp=/migrossolr path=/dataimport7 params={indent=true&wt=json&command=status&_=1422729667311} status=0 QTime=0 
INFO  - 2015-01-31 18:41:11.855; org.apache.solr.core.SolrCore; [ProductsCoreThird] webapp=/migrossolr path=/admin/mbeans params={cat=QUERYHANDLER&wt=json&_=1422729670690} status=0 QTime=1 
INFO  - 2015-01-31 18:41:11.865; org.apache.solr.core.SolrCore; [ProductsCoreThird] webapp=/migrossolr path=/dataimport8 params={indent=true&wt=json&command=status&_=1422729670692} status=0 QTime=0 
INFO  - 2015-01-31 18:41:11.866; org.apache.solr.core.SolrCore; [ProductsCoreThird] webapp=/migrossolr path=/dataimport8 params={indent=true&command=show-config&_=1422729670690} status=0 QTime=1 
INFO  - 2015-01-31 18:41:14.280; org.apache.solr.core.SolrCore; [ProductsCoreThird] webapp=/migrossolr path=/dataimport8 params={indent=true&wt=json&command=status&_=1422729673106} status=0 QTime=0 
INFO  - 2015-01-31 18:41:16.921; org.apache.solr.core.SolrCore; [ProductsCoreThird] webapp=/migrossolr path=/admin/mbeans params={cat=QUERYHANDLER&wt=json&_=1422729675745} status=0 QTime=1 
INFO  - 2015-01-31 18:41:16.924; org.apache.solr.core.SolrCore; [ProductsCoreThird] webapp=/migrossolr path=/dataimport9 params={indent=true&command=show-config&_=1422729675748} status=0 QTime=1 
INFO  - 2015-01-31 18:41:16.933; org.apache.solr.core.SolrCore; [ProductsCoreThird] webapp=/migrossolr path=/dataimport9 params={indent=true&wt=json&command=status&_=1422729675748} status=0 QTime=0 
INFO  - 2015-01-31 18:41:19.352; org.apache.solr.core.SolrCore; [ProductsCoreThird] webapp=/migrossolr path=/dataimport9 params={indent=true&wt=json&command=status&_=1422729678122} status=0 QTime=1 
INFO  - 2015-01-31 18:41:22.298; org.apache.solr.core.SolrCore; [ProductsCoreThird] webapp=/migrossolr path=/admin/mbeans params={cat=QUERYHANDLER&wt=json&_=1422729681123} status=0 QTime=0 
INFO  - 2015-01-31 18:41:22.300; org.apache.solr.core.SolrCore; [ProductsCoreThird] webapp=/migrossolr path=/dataimport0 params={indent=true&command=show-config&_=1422729681125} status=0 QTime=0 
INFO  - 2015-01-31 18:41:22.328; org.apache.solr.core.SolrCore; [ProductsCoreThird] webapp=/migrossolr path=/dataimport0 params={indent=true&wt=json&command=status&_=1422729681128} status=0 QTime=0 
INFO  - 2015-01-31 18:41:24.514; org.apache.solr.core.SolrCore; [ProductsCoreThird] webapp=/migrossolr path=/dataimport0 params={indent=true&wt=json&command=status&_=1422729683329} status=0 QTime=1 
INFO  - 2015-01-31 18:41:28.390; org.apache.solr.core.SolrCore; [ProductsCoreThird] webapp=/migrossolr path=/admin/mbeans params={cat=QUERYHANDLER&wt=json&_=1422729687217} status=0 QTime=0 
INFO  - 2015-01-31 18:41:28.391; org.apache.solr.core.SolrCore; [ProductsCoreThird] webapp=/migrossolr path=/dataimport1 params={indent=true&command=show-config&_=1422729687220} status=0 QTime=0 
INFO  - 2015-01-31 18:41:28.392; org.apache.solr.core.SolrCore; [ProductsCoreThird] webapp=/migrossolr path=/dataimport1 params={indent=true&wt=json&command=status&_=1422729687220} status=0 QTime=1 
INFO  - 2015-01-31 18:41:30.526; org.apache.solr.core.SolrCore; [ProductsCoreThird] webapp=/migrossolr path=/dataimport1 params={indent=true&wt=json&command=status&_=1422729689340} status=0 QTime=0 
INFO  - 2015-01-31 18:41:34.354; org.apache.solr.core.SolrCore; [ProductsCoreThird] webapp=/migrossolr path=/admin/mbeans params={cat=QUERYHANDLER&wt=json&_=1422729693162} status=0 QTime=1 
INFO  - 2015-01-31 18:41:34.354; org.apache.solr.core.SolrCore; [ProductsCoreThird] webapp=/migrossolr path=/dataimport2 params={indent=true&command=show-config&_=1422729693162} status=0 QTime=0 
INFO  - 2015-01-31 18:41:34.355; org.apache.solr.core.SolrCore; [ProductsCoreThird] webapp=/migrossolr path=/dataimport2 params={indent=true&wt=json&command=status&_=1422729693165} status=0 QTime=0 
INFO  - 2015-01-31 18:41:38.108; org.apache.solr.core.SolrCore; [ProductsCoreThird] webapp=/migrossolr path=/dataimport2 params={indent=true&wt=json&command=status&_=1422729696932} status=0 QTime=0 
INFO  - 2015-01-31 18:41:40.613; org.apache.solr.search.SolrIndexSearcher; Opening Searcher@389f2505[ProductsCoreThird] main
INFO  - 2015-01-31 18:41:40.617; org.apache.solr.update.DirectUpdateHandler2; end_commit_flush
INFO  - 2015-01-31 18:41:40.617; org.apache.solr.core.QuerySenderListener; QuerySenderListener sending requests to Searcher@389f2505[ProductsCoreThird] main{StandardDirectoryReader(segments_1:1149:nrt _ed(4.9):C5 _er(4.9):C11 _ep(4.9):C3 _eg(4.9):C3 _en(4.9):C1 _eo(4.9):C1 _ey(4.9):C6 _eh(4.9):C3 _es(4.9):C3 _ef(4.9):C5 _ev(4.9):C1 _et(4.9):C3 _eu(4.9):C1 _eq(4.9):C2 _ei(4.9):C3 _el(4.9):C1 _em(4.9):C3 _ek(4.9):C1 _ee(4.9):C2 _ew(4.9):C1 _ej(4.9):C2 _ex(4.9):C1 _ez(4.9):C1)}
INFO  - 2015-01-31 18:41:40.617; org.apache.solr.core.QuerySenderListener; QuerySenderListener done.
INFO  - 2015-01-31 18:41:40.617; org.apache.solr.handler.component.SpellCheckComponent$SpellCheckerListener; Building spell index for spell checker: suggestDictionary
INFO  - 2015-01-31 18:41:40.617; org.apache.solr.spelling.suggest.Suggester; build()
INFO  - 2015-01-31 18:41:40.631; org.apache.solr.core.SolrCore; [ProductsCoreThird] Registered new searcher Searcher@389f2505[ProductsCoreThird] main{StandardDirectoryReader(segments_1:1149:nrt _ed(4.9):C5 _er(4.9):C11 _ep(4.9):C3 _eg(4.9):C3 _en(4.9):C1 _eo(4.9):C1 _ey(4.9):C6 _eh(4.9):C3 _es(4.9):C3 _ef(4.9):C5 _ev(4.9):C1 _et(4.9):C3 _eu(4.9):C1 _eq(4.9):C2 _ei(4.9):C3 _el(4.9):C1 _em(4.9):C3 _ek(4.9):C1 _ee(4.9):C2 _ew(4.9):C1 _ej(4.9):C2 _ex(4.9):C1 _ez(4.9):C1)}
INFO  - 2015-01-31 18:41:40.632; org.apache.solr.update.DirectUpdateHandler2; start commit{,optimize=false,openSearcher=true,waitSearcher=true,expungeDeletes=false,softCommit=true,prepareCommit=false}
INFO  - 2015-01-31 18:41:41.794; org.apache.solr.core.SolrCore; [ProductsCoreThird] webapp=/migrossolr path=/admin/mbeans params={cat=QUERYHANDLER&wt=json&_=1422729700615} status=0 QTime=1 
INFO  - 2015-01-31 18:41:41.795; org.apache.solr.core.SolrCore; [ProductsCoreThird] webapp=/migrossolr path=/dataimport3 params={indent=true&command=show-config&_=1422729700618} status=0 QTime=0 
INFO  - 2015-01-31 18:41:41.807; org.apache.solr.core.SolrCore; [ProductsCoreThird] webapp=/migrossolr path=/dataimport3 params={indent=true&wt=json&command=status&_=1422729700618} status=0 QTime=0 
INFO  - 2015-01-31 18:41:44.704; org.apache.solr.core.SolrCore; [ProductsCoreThird] webapp=/migrossolr path=/dataimport3 params={indent=true&wt=json&command=status&_=1422729703517} status=0 QTime=0 
INFO  - 2015-01-31 18:41:48.027; org.apache.solr.core.SolrCore; [ProductsCoreThird] webapp=/migrossolr path=/admin/mbeans params={cat=QUERYHANDLER&wt=json&_=1422729706809} status=0 QTime=0 
INFO  - 2015-01-31 18:41:48.028; org.apache.solr.core.SolrCore; [ProductsCoreThird] webapp=/migrossolr path=/dataimport4 params={indent=true&command=show-config&_=1422729706809} status=0 QTime=0 
INFO  - 2015-01-31 18:41:48.030; org.apache.solr.core.SolrCore; [ProductsCoreThird] webapp=/migrossolr path=/dataimport4 params={indent=true&wt=json&command=status&_=1422729706812} status=0 QTime=0 
INFO  - 2015-01-31 18:41:50.623; org.apache.solr.core.SolrCore; [ProductsCoreThird] webapp=/migrossolr path=/dataimport4 params={indent=true&wt=json&command=status&_=1422729709459} status=0 QTime=0 
INFO  - 2015-01-31 18:41:54.609; org.apache.solr.core.SolrCore; [ProductsCoreThird] webapp=/migrossolr path=/dataimport5 params={indent=true&wt=json&command=status&_=1422729713374} status=0 QTime=1 
INFO  - 2015-01-31 18:41:54.609; org.apache.solr.core.SolrCore; [ProductsCoreThird] webapp=/migrossolr path=/dataimport5 params={indent=true&command=show-config&_=1422729713374} status=0 QTime=1 
INFO  - 2015-01-31 18:41:54.609; org.apache.solr.core.SolrCore; [ProductsCoreThird] webapp=/migrossolr path=/admin/mbeans params={cat=QUERYHANDLER&wt=json&_=1422729713371} status=0 QTime=1 
INFO  - 2015-01-31 18:41:58.530; org.apache.solr.core.SolrCore; [ProductsCoreThird] webapp=/migrossolr path=/dataimport5 params={indent=true&wt=json&command=status&_=1422729716343} status=0 QTime=1 
INFO  - 2015-01-31 18:42:01.946; org.apache.solr.core.SolrCore; [ProductsCoreThird] webapp=/migrossolr path=/admin/mbeans params={cat=QUERYHANDLER&wt=json&_=1422729720777} status=0 QTime=0 
INFO  - 2015-01-31 18:42:01.949; org.apache.solr.core.SolrCore; [ProductsCoreThird] webapp=/migrossolr path=/dataimport15 params={indent=true&command=show-config&_=1422729720779} status=0 QTime=1 
INFO  - 2015-01-31 18:42:01.976; org.apache.solr.core.SolrCore; [ProductsCoreThird] webapp=/migrossolr path=/dataimport15 params={indent=true&wt=json&command=status&_=1422729720782} status=0 QTime=1 
INFO  - 2015-01-31 18:42:04.688; org.apache.solr.core.SolrCore; [ProductsCoreThird] webapp=/migrossolr path=/dataimport15 params={indent=true&wt=json&command=status&_=1422729723519} status=0 QTime=1 
INFO  - 2015-01-31 18:42:08.572; org.apache.solr.core.SolrCore; [ProductsCoreThird] webapp=/migrossolr path=/admin/mbeans params={cat=QUERYHANDLER&wt=json&_=1422729727365} status=0 QTime=0 
INFO  - 2015-01-31 18:42:08.573; org.apache.solr.core.SolrCore; [ProductsCoreThird] webapp=/migrossolr path=/dataimport16 params={indent=true&command=show-config&_=1422729727365} status=0 QTime=1 
INFO  - 2015-01-31 18:42:08.574; org.apache.solr.core.SolrCore; [ProductsCoreThird] webapp=/migrossolr path=/dataimport16 params={indent=true&wt=json&command=status&_=1422729727368} status=0 QTime=0 
INFO  - 2015-01-31 18:42:11.085; org.apache.solr.core.SolrCore; [ProductsCoreThird] webapp=/migrossolr path=/dataimport16 params={indent=true&wt=json&command=status&_=1422729729914} status=0 QTime=0 
INFO  - 2015-01-31 18:42:14.250; org.apache.solr.core.SolrCore; [ProductsCoreThird] webapp=/migrossolr path=/admin/mbeans params={cat=QUERYHANDLER&wt=json&_=1422729733066} status=0 QTime=0 
INFO  - 2015-01-31 18:42:14.252; org.apache.solr.core.SolrCore; [ProductsCoreThird] webapp=/migrossolr path=/dataimport13 params={indent=true&command=show-config&_=1422729733069} status=0 QTime=0 
INFO  - 2015-01-31 18:42:14.254; org.apache.solr.core.SolrCore; [ProductsCoreThird] webapp=/migrossolr path=/dataimport13 params={indent=true&wt=json&command=status&_=1422729733071} status=0 QTime=0 
INFO  - 2015-01-31 18:42:17.234; org.apache.solr.core.SolrCore; [ProductsCoreThird] webapp=/migrossolr path=/admin/mbeans params={cat=QUERYHANDLER&wt=json&_=1422729736028} status=0 QTime=1 
INFO  - 2015-01-31 18:42:17.234; org.apache.solr.core.SolrCore; [ProductsCoreThird] webapp=/migrossolr path=/dataimport14 params={indent=true&command=show-config&_=1422729736028} status=0 QTime=0 
INFO  - 2015-01-31 18:42:17.235; org.apache.solr.core.SolrCore; [ProductsCoreThird] webapp=/migrossolr path=/dataimport14 params={indent=true&wt=json&command=status&_=1422729736030} status=0 QTime=0 
INFO  - 2015-01-31 18:42:20.239; org.apache.solr.core.SolrCore; [ProductsCoreThird] webapp=/migrossolr path=/admin/mbeans params={cat=QUERYHANDLER&wt=json&_=1422729739060} status=0 QTime=0 
INFO  - 2015-01-31 18:42:20.241; org.apache.solr.core.SolrCore; [ProductsCoreThird] webapp=/migrossolr path=/dataimport19 params={indent=true&command=show-config&_=1422729739060} status=0 QTime=1 
INFO  - 2015-01-31 18:42:20.241; org.apache.solr.core.SolrCore; [ProductsCoreThird] webapp=/migrossolr path=/dataimport19 params={indent=true&wt=json&command=status&_=1422729739062} status=0 QTime=0 
INFO  - 2015-01-31 18:42:22.599; org.apache.solr.core.SolrCore; [ProductsCoreThird] webapp=/migrossolr path=/admin/mbeans params={cat=QUERYHANDLER&wt=json&_=1422729741429} status=0 QTime=0 
INFO  - 2015-01-31 18:42:22.601; org.apache.solr.core.SolrCore; [ProductsCoreThird] webapp=/migrossolr path=/dataimport17 params={indent=true&command=show-config&_=1422729741429} status=0 QTime=0 
INFO  - 2015-01-31 18:42:22.602; org.apache.solr.core.SolrCore; [ProductsCoreThird] webapp=/migrossolr path=/dataimport17 params={indent=true&wt=json&command=status&_=1422729741431} status=0 QTime=0 
INFO  - 2015-01-31 18:42:24.840; org.apache.solr.core.SolrCore; [ProductsCoreThird] webapp=/migrossolr path=/admin/mbeans params={cat=QUERYHANDLER&wt=json&_=1422729743609} status=0 QTime=1 
INFO  - 2015-01-31 18:42:24.840; org.apache.solr.core.SolrCore; [ProductsCoreThird] webapp=/migrossolr path=/dataimport18 params={indent=true&command=show-config&_=1422729743612} status=0 QTime=0 
INFO  - 2015-01-31 18:42:24.842; org.apache.solr.core.SolrCore; [ProductsCoreThird] webapp=/migrossolr path=/dataimport18 params={indent=true&wt=json&command=status&_=1422729743614} status=0 QTime=0 
INFO  - 2015-01-31 18:42:26.954; org.apache.solr.core.SolrCore; [ProductsCoreThird] webapp=/migrossolr path=/dataimport22 params={indent=true&command=show-config&_=1422729745779} status=0 QTime=0 
INFO  - 2015-01-31 18:42:26.955; org.apache.solr.core.SolrCore; [ProductsCoreThird] webapp=/migrossolr path=/admin/mbeans params={cat=QUERYHANDLER&wt=json&_=1422729745779} status=0 QTime=2 
INFO  - 2015-01-31 18:42:26.956; org.apache.solr.core.SolrCore; [ProductsCoreThird] webapp=/migrossolr path=/dataimport22 params={indent=true&wt=json&command=status&_=1422729745782} status=0 QTime=0 
INFO  - 2015-01-31 18:42:28.741; org.apache.solr.search.SolrIndexSearcher; Opening Searcher@29bc3879[ProductsCoreThird] main
INFO  - 2015-01-31 18:42:28.748; org.apache.solr.update.DirectUpdateHandler2; end_commit_flush
INFO  - 2015-01-31 18:42:28.748; org.apache.solr.core.QuerySenderListener; QuerySenderListener sending requests to Searcher@29bc3879[ProductsCoreThird] main{StandardDirectoryReader(segments_1:1194:nrt _ed(4.9):C5 _er(4.9):C11 _ep(4.9):C3 _eg(4.9):C3 _en(4.9):C1 _eo(4.9):C1 _ey(4.9):C6 _eh(4.9):C3 _es(4.9):C3 _ef(4.9):C5 _ev(4.9):C1 _et(4.9):C3 _eu(4.9):C1 _eq(4.9):C2 _ei(4.9):C3 _el(4.9):C1 _em(4.9):C3 _ek(4.9):C1 _ee(4.9):C2 _ew(4.9):C1 _ej(4.9):C2 _ex(4.9):C1 _ez(4.9):C1 _ff(4.9):C58 _fg(4.9):C75 _fc(4.9):C54 _f5(4.9):C77 _fk(4.9):C14 _f8(4.9):C65 _fe(4.9):C40 _f9(4.9):C90 _f7(4.9):C45 _fl(4.9):C44 _f2(4.9):C87 _fh(4.9):C72 _fi(4.9):C24 _fj(4.9):C45 _f1(4.9):C79 _f6(4.9):C33 _f0(4.9):C50 _fb(4.9):C35 _fa(4.9):C79 _f4(4.9):C75 _f3(4.9):C75 _fd(4.9):C33)}
INFO  - 2015-01-31 18:42:28.749; org.apache.solr.core.QuerySenderListener; QuerySenderListener done.
INFO  - 2015-01-31 18:42:28.749; org.apache.solr.handler.component.SpellCheckComponent$SpellCheckerListener; Building spell index for spell checker: suggestDictionary
INFO  - 2015-01-31 18:42:28.749; org.apache.solr.spelling.suggest.Suggester; build()
INFO  - 2015-01-31 18:42:28.780; org.apache.solr.core.SolrCore; [ProductsCoreThird] Registered new searcher Searcher@29bc3879[ProductsCoreThird] main{StandardDirectoryReader(segments_1:1194:nrt _ed(4.9):C5 _er(4.9):C11 _ep(4.9):C3 _eg(4.9):C3 _en(4.9):C1 _eo(4.9):C1 _ey(4.9):C6 _eh(4.9):C3 _es(4.9):C3 _ef(4.9):C5 _ev(4.9):C1 _et(4.9):C3 _eu(4.9):C1 _eq(4.9):C2 _ei(4.9):C3 _el(4.9):C1 _em(4.9):C3 _ek(4.9):C1 _ee(4.9):C2 _ew(4.9):C1 _ej(4.9):C2 _ex(4.9):C1 _ez(4.9):C1 _ff(4.9):C58 _fg(4.9):C75 _fc(4.9):C54 _f5(4.9):C77 _fk(4.9):C14 _f8(4.9):C65 _fe(4.9):C40 _f9(4.9):C90 _f7(4.9):C45 _fl(4.9):C44 _f2(4.9):C87 _fh(4.9):C72 _fi(4.9):C24 _fj(4.9):C45 _f1(4.9):C79 _f6(4.9):C33 _f0(4.9):C50 _fb(4.9):C35 _fa(4.9):C79 _f4(4.9):C75 _f3(4.9):C75 _fd(4.9):C33)}
INFO  - 2015-01-31 18:42:28.781; org.apache.solr.update.DirectUpdateHandler2; start commit{,optimize=false,openSearcher=true,waitSearcher=true,expungeDeletes=false,softCommit=true,prepareCommit=false}
INFO  - 2015-01-31 18:42:29.602; org.apache.solr.core.SolrCore; [ProductsCoreThird] webapp=/migrossolr path=/admin/mbeans params={cat=QUERYHANDLER&wt=json&_=1422729748430} status=0 QTime=1 
INFO  - 2015-01-31 18:42:29.604; org.apache.solr.core.SolrCore; [ProductsCoreThird] webapp=/migrossolr path=/dataimport23 params={indent=true&command=show-config&_=1422729748430} status=0 QTime=2 
INFO  - 2015-01-31 18:42:29.605; org.apache.solr.core.SolrCore; [ProductsCoreThird] webapp=/migrossolr path=/dataimport23 params={indent=true&wt=json&command=status&_=1422729748432} status=0 QTime=0 
INFO  - 2015-01-31 18:42:31.578; org.apache.solr.core.SolrCore; [ProductsCoreThird] webapp=/migrossolr path=/admin/mbeans params={cat=QUERYHANDLER&wt=json&_=1422729750336} status=0 QTime=0 
INFO  - 2015-01-31 18:42:31.579; org.apache.solr.core.SolrCore; [ProductsCoreThird] webapp=/migrossolr path=/dataimport20 params={indent=true&command=show-config&_=1422729750337} status=0 QTime=0 
INFO  - 2015-01-31 18:42:31.581; org.apache.solr.core.SolrCore; [ProductsCoreThird] webapp=/migrossolr path=/dataimport20 params={indent=true&wt=json&command=status&_=1422729750338} status=0 QTime=0 
INFO  - 2015-01-31 18:42:33.844; org.apache.solr.core.SolrCore; [ProductsCoreThird] webapp=/migrossolr path=/admin/mbeans params={cat=QUERYHANDLER&wt=json&_=1422729752673} status=0 QTime=1 
INFO  - 2015-01-31 18:42:33.846; org.apache.solr.core.SolrCore; [ProductsCoreThird] webapp=/migrossolr path=/dataimport21 params={indent=true&command=show-config&_=1422729752676} status=0 QTime=1 
INFO  - 2015-01-31 18:42:33.847; org.apache.solr.core.SolrCore; [ProductsCoreThird] webapp=/migrossolr path=/dataimport21 params={indent=true&wt=json&command=status&_=1422729752678} status=0 QTime=0 
INFO  - 2015-01-31 18:42:36.199; org.apache.solr.core.SolrCore; [ProductsCoreThird] webapp=/migrossolr path=/admin/mbeans params={cat=QUERYHANDLER&wt=json&_=1422729755026} status=0 QTime=0 
INFO  - 2015-01-31 18:42:36.201; org.apache.solr.core.SolrCore; [ProductsCoreThird] webapp=/migrossolr path=/dataimport11 params={indent=true&wt=json&command=status&_=1422729755031} status=0 QTime=0 
INFO  - 2015-01-31 18:42:36.201; org.apache.solr.core.SolrCore; [ProductsCoreThird] webapp=/migrossolr path=/dataimport11 params={indent=true&command=show-config&_=1422729755028} status=0 QTime=0 
INFO  - 2015-01-31 18:42:38.049; org.apache.solr.core.SolrCore; [ProductsCoreThird] webapp=/migrossolr path=/admin/mbeans params={cat=QUERYHANDLER&wt=json&_=1422729756870} status=0 QTime=1 
INFO  - 2015-01-31 18:42:38.232; org.apache.solr.core.SolrCore; [ProductsCoreThird] webapp=/migrossolr path=/dataimport12 params={indent=true&command=show-config&_=1422729756873} status=0 QTime=1 
INFO  - 2015-01-31 18:42:38.233; org.apache.solr.core.SolrCore; [ProductsCoreThird] webapp=/migrossolr path=/dataimport12 params={indent=true&wt=json&command=status&_=1422729756875} status=0 QTime=0 
INFO  - 2015-01-31 18:42:39.703; org.apache.solr.core.SolrCore; [ProductsCoreThird] webapp=/migrossolr path=/admin/mbeans params={cat=QUERYHANDLER&wt=json&_=1422729758512} status=0 QTime=0 
INFO  - 2015-01-31 18:42:39.705; org.apache.solr.core.SolrCore; [ProductsCoreThird] webapp=/migrossolr path=/dataimport10 params={indent=true&command=show-config&_=1422729758512} status=0 QTime=1 
INFO  - 2015-01-31 18:42:39.705; org.apache.solr.core.SolrCore; [ProductsCoreThird] webapp=/migrossolr path=/dataimport10 params={indent=true&wt=json&command=status&_=1422729758515} status=0 QTime=1 
INFO  - 2015-01-31 18:42:43.146; org.apache.solr.core.SolrCore; [ProductsCoreThird] webapp=/migrossolr path=/admin/mbeans params={cat=QUERYHANDLER&wt=json&_=1422729761984} status=0 QTime=1 
INFO  - 2015-01-31 18:42:43.148; org.apache.solr.core.SolrCore; [ProductsCoreThird] webapp=/migrossolr path=/dataimport6 params={indent=true&command=show-config&_=1422729761984} status=0 QTime=1 
INFO  - 2015-01-31 18:42:43.148; org.apache.solr.core.SolrCore; [ProductsCoreThird] webapp=/migrossolr path=/dataimport6 params={indent=true&wt=json&command=status&_=1422729761986} status=0 QTime=0 
INFO  - 2015-01-31 18:42:50.865; org.apache.solr.core.SolrCore; [ProductsCoreThird] webapp=/migrossolr path=/select params={q=*:*&indent=true&wt=json&_=1422729769532} hits=1312 status=0 QTime=154 
INFO  - 2015-01-31 18:43:00.296; org.apache.solr.core.SolrCore; [ProductsCoreThird] webapp=/migrossolr path=/admin/mbeans params={cat=QUERYHANDLER&wt=json&_=1422729779127} status=0 QTime=0 
INFO  - 2015-01-31 18:43:01.429; org.apache.solr.core.SolrCore; [ProductsCoreThird] webapp=/migrossolr path=/admin/mbeans params={cat=QUERYHANDLER&wt=json&_=1422729780268} status=0 QTime=0 
INFO  - 2015-01-31 18:43:01.431; org.apache.solr.core.SolrCore; [ProductsCoreThird] webapp=/migrossolr path=/dataimport6 params={indent=true&command=show-config&_=1422729780269} status=0 QTime=1 
INFO  - 2015-01-31 18:43:01.432; org.apache.solr.core.SolrCore; [ProductsCoreThird] webapp=/migrossolr path=/dataimport6 params={indent=true&wt=json&command=status&_=1422729780271} status=0 QTime=0 
INFO  - 2015-01-31 18:43:08.659; org.apache.solr.search.SolrIndexSearcher; Opening Searcher@76a699ad[ProductsCoreThird] main
INFO  - 2015-01-31 18:43:08.663; org.apache.solr.update.DirectUpdateHandler2; end_commit_flush
INFO  - 2015-01-31 18:43:08.663; org.apache.solr.core.QuerySenderListener; QuerySenderListener sending requests to Searcher@76a699ad[ProductsCoreThird] main{StandardDirectoryReader(segments_1:1241:nrt _g8(4.9):C1015 _fb(4.9):C35 _fa(4.9):C79 _f4(4.9):C75 _f3(4.9):C75 _fd(4.9):C33 _fq(4.9):C54 _g1(4.9):C47 _g0(4.9):C85 _fp(4.9):C49 _g2(4.9):C48 _fn(4.9):C77 _fw(4.9):C75 _g7(4.9):C61 _g4(4.9):C28 _g6(4.9):C66 _ft(4.9):C42 _fs(4.9):C53 _fu(4.9):C53 _fr(4.9):C30 _fy(4.9):C51 _fv(4.9):C66 _fx(4.9):C62 _fo(4.9):C49 _fm(4.9):C54 _fz(4.9):C58 _g3(4.9):C26 _g5(4.9):C89)}
INFO  - 2015-01-31 18:43:08.663; org.apache.solr.core.QuerySenderListener; QuerySenderListener done.
INFO  - 2015-01-31 18:43:08.663; org.apache.solr.handler.component.SpellCheckComponent$SpellCheckerListener; Building spell index for spell checker: suggestDictionary
INFO  - 2015-01-31 18:43:08.663; org.apache.solr.spelling.suggest.Suggester; build()
INFO  - 2015-01-31 18:43:08.691; org.apache.solr.core.SolrCore; [ProductsCoreThird] Registered new searcher Searcher@76a699ad[ProductsCoreThird] main{StandardDirectoryReader(segments_1:1241:nrt _g8(4.9):C1015 _fb(4.9):C35 _fa(4.9):C79 _f4(4.9):C75 _f3(4.9):C75 _fd(4.9):C33 _fq(4.9):C54 _g1(4.9):C47 _g0(4.9):C85 _fp(4.9):C49 _g2(4.9):C48 _fn(4.9):C77 _fw(4.9):C75 _g7(4.9):C61 _g4(4.9):C28 _g6(4.9):C66 _ft(4.9):C42 _fs(4.9):C53 _fu(4.9):C53 _fr(4.9):C30 _fy(4.9):C51 _fv(4.9):C66 _fx(4.9):C62 _fo(4.9):C49 _fm(4.9):C54 _fz(4.9):C58 _g3(4.9):C26 _g5(4.9):C89)}
INFO  - 2015-01-31 18:43:08.700; org.apache.solr.update.DirectUpdateHandler2; start commit{,optimize=false,openSearcher=true,waitSearcher=true,expungeDeletes=false,softCommit=true,prepareCommit=false}
INFO  - 2015-01-31 18:43:13.085; org.apache.solr.core.SolrCore; [ProductsCoreThird] webapp=/migrossolr path=/admin/mbeans params={cat=QUERYHANDLER&wt=json&_=1422729791907} status=0 QTime=0 
INFO  - 2015-01-31 18:43:13.087; org.apache.solr.core.SolrCore; [ProductsCoreThird] webapp=/migrossolr path=/dataimport7 params={indent=true&wt=json&command=status&_=1422729791912} status=0 QTime=0 
INFO  - 2015-01-31 18:43:13.087; org.apache.solr.core.SolrCore; [ProductsCoreThird] webapp=/migrossolr path=/dataimport7 params={indent=true&command=show-config&_=1422729791910} status=0 QTime=0 
INFO  - 2015-01-31 18:43:16.975; org.apache.solr.core.SolrCore; [ProductsCoreThird] webapp=/migrossolr path=/admin/mbeans params={cat=QUERYHANDLER&wt=json&_=1422729795808} status=0 QTime=1 
INFO  - 2015-01-31 18:43:17.002; org.apache.solr.core.SolrCore; [ProductsCoreThird] webapp=/migrossolr path=/dataimport8 params={indent=true&command=show-config&_=1422729795808} status=0 QTime=0 
INFO  - 2015-01-31 18:43:17.005; org.apache.solr.core.SolrCore; [ProductsCoreThird] webapp=/migrossolr path=/dataimport8 params={indent=true&wt=json&command=status&_=1422729795810} status=0 QTime=1 
INFO  - 2015-01-31 18:43:47.012; org.apache.solr.search.SolrIndexSearcher; Opening Searcher@285f6201[ProductsCoreThird] main
INFO  - 2015-01-31 18:43:47.018; org.apache.solr.update.DirectUpdateHandler2; end_commit_flush
INFO  - 2015-01-31 18:43:47.018; org.apache.solr.core.QuerySenderListener; QuerySenderListener sending requests to Searcher@285f6201[ProductsCoreThird] main{StandardDirectoryReader(segments_1:1288:nrt _g8(4.9):C1015 _fb(4.9):C35 _fa(4.9):C79 _f4(4.9):C75 _f3(4.9):C75 _fd(4.9):C33 _fq(4.9):C54 _g1(4.9):C47 _g0(4.9):C85 _fp(4.9):C49 _g2(4.9):C48 _fn(4.9):C77 _fw(4.9):C75 _g7(4.9):C61 _g4(4.9):C28 _g6(4.9):C66 _ft(4.9):C42 _fs(4.9):C53 _fu(4.9):C53 _fr(4.9):C30 _fy(4.9):C51 _fv(4.9):C66 _fx(4.9):C62 _fo(4.9):C49 _fm(4.9):C54 _fz(4.9):C58 _g3(4.9):C26 _g5(4.9):C89 _gh(4.9):C101 _gg(4.9):C54 _gc(4.9):C35 _gi(4.9):C46 _gd(4.9):C87 _gu(4.9):C16 _gp(4.9):C41 _gn(4.9):C34 _gq(4.9):C43 _g9(4.9):C60 _gt(4.9):C34 _gm(4.9):C76 _gk(4.9):C39 _gv(4.9):C16 _gr(4.9):C38 _gs(4.9):C15 _gw(4.9):C8 _ga(4.9):C41 _ge(4.9):C45 _gj(4.9):C41 _gl(4.9):C44 _gb(4.9):C51 _gf(4.9):C68 _go(4.9):C72)}
INFO  - 2015-01-31 18:43:47.018; org.apache.solr.core.QuerySenderListener; QuerySenderListener done.
INFO  - 2015-01-31 18:43:47.019; org.apache.solr.handler.component.SpellCheckComponent$SpellCheckerListener; Building spell index for spell checker: suggestDictionary
INFO  - 2015-01-31 18:43:47.019; org.apache.solr.spelling.suggest.Suggester; build()
INFO  - 2015-01-31 18:43:47.051; org.apache.solr.core.SolrCore; [ProductsCoreThird] Registered new searcher Searcher@285f6201[ProductsCoreThird] main{StandardDirectoryReader(segments_1:1288:nrt _g8(4.9):C1015 _fb(4.9):C35 _fa(4.9):C79 _f4(4.9):C75 _f3(4.9):C75 _fd(4.9):C33 _fq(4.9):C54 _g1(4.9):C47 _g0(4.9):C85 _fp(4.9):C49 _g2(4.9):C48 _fn(4.9):C77 _fw(4.9):C75 _g7(4.9):C61 _g4(4.9):C28 _g6(4.9):C66 _ft(4.9):C42 _fs(4.9):C53 _fu(4.9):C53 _fr(4.9):C30 _fy(4.9):C51 _fv(4.9):C66 _fx(4.9):C62 _fo(4.9):C49 _fm(4.9):C54 _fz(4.9):C58 _g3(4.9):C26 _g5(4.9):C89 _gh(4.9):C101 _gg(4.9):C54 _gc(4.9):C35 _gi(4.9):C46 _gd(4.9):C87 _gu(4.9):C16 _gp(4.9):C41 _gn(4.9):C34 _gq(4.9):C43 _g9(4.9):C60 _gt(4.9):C34 _gm(4.9):C76 _gk(4.9):C39 _gv(4.9):C16 _gr(4.9):C38 _gs(4.9):C15 _gw(4.9):C8 _ga(4.9):C41 _ge(4.9):C45 _gj(4.9):C41 _gl(4.9):C44 _gb(4.9):C51 _gf(4.9):C68 _go(4.9):C72)}
INFO  - 2015-01-31 18:43:47.052; org.apache.solr.update.DirectUpdateHandler2; start commit{,optimize=false,openSearcher=true,waitSearcher=true,expungeDeletes=false,softCommit=true,prepareCommit=false}
INFO  - 2015-01-31 18:44:17.902; org.apache.solr.search.SolrIndexSearcher; Opening Searcher@238048b1[ProductsCoreThird] main
INFO  - 2015-01-31 18:44:17.907; org.apache.solr.update.DirectUpdateHandler2; end_commit_flush
INFO  - 2015-01-31 18:44:17.907; org.apache.solr.core.QuerySenderListener; QuerySenderListener sending requests to Searcher@238048b1[ProductsCoreThird] main{StandardDirectoryReader(segments_1:1333:nrt _g8(4.9):C1015 _hj(4.9):C2038 _fd(4.9):C33 _fo(4.9):C49 _fm(4.9):C54 _g5(4.9):C89 _ga(4.9):C41 _ge(4.9):C45 _gj(4.9):C41 _gl(4.9):C44 _gb(4.9):C51 _gf(4.9):C68 _go(4.9):C72 _hg(4.9):C38 _he(4.9):C33 _h5(4.9):C64 _h0(4.9):C13 _h4(4.9):C56 _hh(4.9):C41 _hf(4.9):C70 _h9(4.9):C59 _gx(4.9):C62 _hi(4.9):C12 _h1(4.9):C80 _gz(4.9):C18 _gy(4.9):C48 _hd(4.9):C53 _h2(4.9):C57 _h8(4.9):C65 _h3(4.9):C33 _ha(4.9):C80 _hb(4.9):C54 _h6(4.9):C48 _h7(4.9):C55 _hc(4.9):C35)}
INFO  - 2015-01-31 18:44:17.908; org.apache.solr.core.QuerySenderListener; QuerySenderListener done.
INFO  - 2015-01-31 18:44:17.908; org.apache.solr.handler.component.SpellCheckComponent$SpellCheckerListener; Building spell index for spell checker: suggestDictionary
INFO  - 2015-01-31 18:44:17.909; org.apache.solr.spelling.suggest.Suggester; build()
INFO  - 2015-01-31 18:44:17.947; org.apache.solr.core.SolrCore; [ProductsCoreThird] Registered new searcher Searcher@238048b1[ProductsCoreThird] main{StandardDirectoryReader(segments_1:1333:nrt _g8(4.9):C1015 _hj(4.9):C2038 _fd(4.9):C33 _fo(4.9):C49 _fm(4.9):C54 _g5(4.9):C89 _ga(4.9):C41 _ge(4.9):C45 _gj(4.9):C41 _gl(4.9):C44 _gb(4.9):C51 _gf(4.9):C68 _go(4.9):C72 _hg(4.9):C38 _he(4.9):C33 _h5(4.9):C64 _h0(4.9):C13 _h4(4.9):C56 _hh(4.9):C41 _hf(4.9):C70 _h9(4.9):C59 _gx(4.9):C62 _hi(4.9):C12 _h1(4.9):C80 _gz(4.9):C18 _gy(4.9):C48 _hd(4.9):C53 _h2(4.9):C57 _h8(4.9):C65 _h3(4.9):C33 _ha(4.9):C80 _hb(4.9):C54 _h6(4.9):C48 _h7(4.9):C55 _hc(4.9):C35)}
INFO  - 2015-01-31 18:44:17.964; org.apache.solr.update.DirectUpdateHandler2; start commit{,optimize=false,openSearcher=true,waitSearcher=true,expungeDeletes=false,softCommit=true,prepareCommit=false}
INFO  - 2015-01-31 18:44:43.029; org.apache.solr.search.SolrIndexSearcher; Opening Searcher@5f9df1cd[ProductsCoreThird] main
INFO  - 2015-01-31 18:44:43.037; org.apache.solr.update.DirectUpdateHandler2; end_commit_flush
INFO  - 2015-01-31 18:44:43.037; org.apache.solr.core.QuerySenderListener; QuerySenderListener sending requests to Searcher@5f9df1cd[ProductsCoreThird] main{StandardDirectoryReader(segments_1:1380:nrt _g8(4.9):C1015 _hj(4.9):C2038 _fd(4.9):C33 _fo(4.9):C49 _fm(4.9):C54 _g5(4.9):C89 _ga(4.9):C41 _ge(4.9):C45 _gj(4.9):C41 _gl(4.9):C44 _gb(4.9):C51 _gf(4.9):C68 _go(4.9):C72 _hg(4.9):C38 _he(4.9):C33 _h5(4.9):C64 _h0(4.9):C13 _h4(4.9):C56 _hh(4.9):C41 _hf(4.9):C70 _h9(4.9):C59 _gx(4.9):C62 _hi(4.9):C12 _h1(4.9):C80 _gz(4.9):C18 _gy(4.9):C48 _hd(4.9):C53 _h2(4.9):C57 _h8(4.9):C65 _h3(4.9):C33 _ha(4.9):C80 _hb(4.9):C54 _h6(4.9):C48 _h7(4.9):C55 _hc(4.9):C35 _hv(4.9):C47 _hs(4.9):C31 _i0(4.9):C52 _hp(4.9):C58 _hw(4.9):C35 _hk(4.9):C35 _hq(4.9):C40 _i5(4.9):C13 _hm(4.9):C54 _i3(4.9):C27 _hn(4.9):C21 _hr(4.9):C53 _hl(4.9):C79 _hz(4.9):C39 _ho(4.9):C44 _i2(4.9):C18 _hx(4.9):C38 _hu(4.9):C69 _i4(4.9):C38 _ht(4.9):C28 _i1(4.9):C30 _hy(4.9):C37)}
INFO  - 2015-01-31 18:44:43.038; org.apache.solr.core.QuerySenderListener; QuerySenderListener done.
INFO  - 2015-01-31 18:44:43.038; org.apache.solr.handler.component.SpellCheckComponent$SpellCheckerListener; Building spell index for spell checker: suggestDictionary
INFO  - 2015-01-31 18:44:43.038; org.apache.solr.spelling.suggest.Suggester; build()
INFO  - 2015-01-31 18:44:43.076; org.apache.solr.core.SolrCore; [ProductsCoreThird] Registered new searcher Searcher@5f9df1cd[ProductsCoreThird] main{StandardDirectoryReader(segments_1:1380:nrt _g8(4.9):C1015 _hj(4.9):C2038 _fd(4.9):C33 _fo(4.9):C49 _fm(4.9):C54 _g5(4.9):C89 _ga(4.9):C41 _ge(4.9):C45 _gj(4.9):C41 _gl(4.9):C44 _gb(4.9):C51 _gf(4.9):C68 _go(4.9):C72 _hg(4.9):C38 _he(4.9):C33 _h5(4.9):C64 _h0(4.9):C13 _h4(4.9):C56 _hh(4.9):C41 _hf(4.9):C70 _h9(4.9):C59 _gx(4.9):C62 _hi(4.9):C12 _h1(4.9):C80 _gz(4.9):C18 _gy(4.9):C48 _hd(4.9):C53 _h2(4.9):C57 _h8(4.9):C65 _h3(4.9):C33 _ha(4.9):C80 _hb(4.9):C54 _h6(4.9):C48 _h7(4.9):C55 _hc(4.9):C35 _hv(4.9):C47 _hs(4.9):C31 _i0(4.9):C52 _hp(4.9):C58 _hw(4.9):C35 _hk(4.9):C35 _hq(4.9):C40 _i5(4.9):C13 _hm(4.9):C54 _i3(4.9):C27 _hn(4.9):C21 _hr(4.9):C53 _hl(4.9):C79 _hz(4.9):C39 _ho(4.9):C44 _i2(4.9):C18 _hx(4.9):C38 _hu(4.9):C69 _i4(4.9):C38 _ht(4.9):C28 _i1(4.9):C30 _hy(4.9):C37)}
INFO  - 2015-01-31 18:44:43.077; org.apache.solr.update.DirectUpdateHandler2; start commit{,optimize=false,openSearcher=true,waitSearcher=true,expungeDeletes=false,softCommit=true,prepareCommit=false}
INFO  - 2015-01-31 18:44:56.009; org.apache.solr.core.SolrCore; [ProductsCoreThird] webapp=/migrossolr path=/admin/mbeans params={cat=QUERYHANDLER&wt=json&_=1422729894823} status=0 QTime=0 
INFO  - 2015-01-31 18:44:56.439; org.apache.solr.core.SolrCore; [ProductsCoreThird] webapp=/migrossolr path=/dataimport15 params={indent=true&wt=json&command=status&_=1422729894825} status=0 QTime=0 
INFO  - 2015-01-31 18:44:56.439; org.apache.solr.core.SolrCore; [ProductsCoreThird] webapp=/migrossolr path=/dataimport15 params={indent=true&command=show-config&_=1422729894823} status=0 QTime=0 
INFO  - 2015-01-31 18:45:01.528; org.apache.solr.core.SolrCore; [ProductsCoreThird] webapp=/migrossolr path=/dataimport6 params={indent=true&wt=json&command=status&_=1422729900342} status=0 QTime=1 
INFO  - 2015-01-31 18:45:01.528; org.apache.solr.core.SolrCore; [ProductsCoreThird] webapp=/migrossolr path=/admin/mbeans params={cat=QUERYHANDLER&wt=json&_=1422729900340} status=0 QTime=1 
INFO  - 2015-01-31 18:45:01.528; org.apache.solr.core.SolrCore; [ProductsCoreThird] webapp=/migrossolr path=/dataimport6 params={indent=true&command=show-config&_=1422729900340} status=0 QTime=0 
INFO  - 2015-01-31 18:45:04.634; org.apache.solr.core.SolrCore; [ProductsCoreThird] webapp=/migrossolr path=/admin/mbeans params={cat=QUERYHANDLER&wt=json&_=1422729903464} status=0 QTime=0 
INFO  - 2015-01-31 18:45:04.636; org.apache.solr.core.SolrCore; [ProductsCoreThird] webapp=/migrossolr path=/dataimport7 params={indent=true&command=show-config&_=1422729903464} status=0 QTime=0 
INFO  - 2015-01-31 18:45:04.638; org.apache.solr.core.SolrCore; [ProductsCoreThird] webapp=/migrossolr path=/dataimport7 params={indent=true&wt=json&command=status&_=1422729903467} status=0 QTime=0 
INFO  - 2015-01-31 18:45:15.654; org.apache.solr.core.SolrCore; [ProductsCoreThird] webapp=/migrossolr path=/select params={q=*:*&indent=true&wt=json&_=1422729914392} hits=5600 status=0 QTime=76 
INFO  - 2015-01-31 18:45:44.327; org.apache.solr.core.SolrCore; [ProductsCoreThird] webapp=/migrossolr path=/admin/mbeans params={cat=QUERYHANDLER&wt=json&_=1422729942888} status=0 QTime=1 
INFO  - 2015-01-31 18:45:45.686; org.apache.solr.core.SolrCore; [ProductsCoreThird] webapp=/migrossolr path=/admin/mbeans params={cat=QUERYHANDLER&wt=json&_=1422729944486} status=0 QTime=0 
INFO  - 2015-01-31 18:45:45.903; org.apache.solr.core.SolrCore; [ProductsCoreThird] webapp=/migrossolr path=/dataimport6 params={indent=true&command=show-config&_=1422729944487} status=0 QTime=1 
INFO  - 2015-01-31 18:45:45.904; org.apache.solr.core.SolrCore; [ProductsCoreThird] webapp=/migrossolr path=/dataimport6 params={indent=true&wt=json&command=status&_=1422729944489} status=0 QTime=0 
INFO  - 2015-01-31 18:45:58.155; org.apache.solr.core.SolrCore; [ProductsCoreThird] webapp=/migrossolr path=/dataimport7 params={indent=true&wt=json&command=status&_=1422729956958} status=0 QTime=0 
INFO  - 2015-01-31 18:45:58.156; org.apache.solr.core.SolrCore; [ProductsCoreThird] webapp=/migrossolr path=/admin/mbeans params={cat=QUERYHANDLER&wt=json&_=1422729956956} status=0 QTime=1 
INFO  - 2015-01-31 18:45:58.156; org.apache.solr.core.SolrCore; [ProductsCoreThird] webapp=/migrossolr path=/dataimport7 params={indent=true&command=show-config&_=1422729956956} status=0 QTime=1 
INFO  - 2015-01-31 18:45:59.005; org.apache.solr.search.SolrIndexSearcher; Opening Searcher@8c9f964[ProductsCoreThird] main
INFO  - 2015-01-31 18:45:59.010; org.apache.solr.update.DirectUpdateHandler2; end_commit_flush
INFO  - 2015-01-31 18:45:59.010; org.apache.solr.core.QuerySenderListener; QuerySenderListener sending requests to Searcher@8c9f964[ProductsCoreThird] main{StandardDirectoryReader(segments_1:1428:nrt _g8(4.9):C1015 _hj(4.9):C2038 _fd(4.9):C33 _fo(4.9):C49 _fm(4.9):C54 _g5(4.9):C89 _iu(4.9):C1802 _ge(4.9):C45 _gj(4.9):C41 _gf(4.9):C68 _go(4.9):C72 _h2(4.9):C57 _hc(4.9):C35 _hu(4.9):C69 _i4(4.9):C38 _ht(4.9):C28 _i1(4.9):C30 _hy(4.9):C37 _im(4.9):C18 _if(4.9):C36 _ir(4.9):C30 _io(4.9):C36 _i9(4.9):C33 _i8(4.9):C44 _ig(4.9):C24 _ia(4.9):C30 _ij(4.9):C24 _in(4.9):C33 _ie(4.9):C31 _il(4.9):C50 _ik(4.9):C18 _is(4.9):C38 _ih(4.9):C26 _it(4.9):C25 _ic(4.9):C20 _ip(4.9):C27 _ib(4.9):C39 _i6(4.9):C25 _id(4.9):C18 _i7(4.9):C59 _ii(4.9):C71 _iq(4.9):C14)}
INFO  - 2015-01-31 18:45:59.010; org.apache.solr.core.QuerySenderListener; QuerySenderListener done.
INFO  - 2015-01-31 18:45:59.010; org.apache.solr.handler.component.SpellCheckComponent$SpellCheckerListener; Building spell index for spell checker: suggestDictionary
INFO  - 2015-01-31 18:45:59.010; org.apache.solr.spelling.suggest.Suggester; build()
INFO  - 2015-01-31 18:45:59.049; org.apache.solr.core.SolrCore; [ProductsCoreThird] Registered new searcher Searcher@8c9f964[ProductsCoreThird] main{StandardDirectoryReader(segments_1:1428:nrt _g8(4.9):C1015 _hj(4.9):C2038 _fd(4.9):C33 _fo(4.9):C49 _fm(4.9):C54 _g5(4.9):C89 _iu(4.9):C1802 _ge(4.9):C45 _gj(4.9):C41 _gf(4.9):C68 _go(4.9):C72 _h2(4.9):C57 _hc(4.9):C35 _hu(4.9):C69 _i4(4.9):C38 _ht(4.9):C28 _i1(4.9):C30 _hy(4.9):C37 _im(4.9):C18 _if(4.9):C36 _ir(4.9):C30 _io(4.9):C36 _i9(4.9):C33 _i8(4.9):C44 _ig(4.9):C24 _ia(4.9):C30 _ij(4.9):C24 _in(4.9):C33 _ie(4.9):C31 _il(4.9):C50 _ik(4.9):C18 _is(4.9):C38 _ih(4.9):C26 _it(4.9):C25 _ic(4.9):C20 _ip(4.9):C27 _ib(4.9):C39 _i6(4.9):C25 _id(4.9):C18 _i7(4.9):C59 _ii(4.9):C71 _iq(4.9):C14)}
INFO  - 2015-01-31 18:45:59.061; org.apache.solr.update.DirectUpdateHandler2; start commit{,optimize=false,openSearcher=true,waitSearcher=true,expungeDeletes=false,softCommit=true,prepareCommit=false}
INFO  - 2015-01-31 18:46:10.052; org.apache.solr.core.SolrCore; [ProductsCoreThird] webapp=/migrossolr path=/admin/mbeans params={cat=QUERYHANDLER&wt=json&_=1422729968861} status=0 QTime=1 
INFO  - 2015-01-31 18:46:10.067; org.apache.solr.core.SolrCore; [ProductsCoreThird] webapp=/migrossolr path=/dataimport6 params={indent=true&wt=json&command=status&_=1422729968864} status=0 QTime=0 
INFO  - 2015-01-31 18:46:10.067; org.apache.solr.core.SolrCore; [ProductsCoreThird] webapp=/migrossolr path=/dataimport6 params={indent=true&command=show-config&_=1422729968861} status=0 QTime=0 
INFO  - 2015-01-31 18:46:22.417; org.apache.solr.core.SolrCore; [ProductsCoreThird] webapp=/migrossolr path=/admin/mbeans params={cat=QUERYHANDLER&wt=json&_=1422729981238} status=0 QTime=0 
INFO  - 2015-01-31 18:46:22.418; org.apache.solr.core.SolrCore; [ProductsCoreThird] webapp=/migrossolr path=/dataimport7 params={indent=true&command=show-config&_=1422729981240} status=0 QTime=1 
INFO  - 2015-01-31 18:46:22.420; org.apache.solr.core.SolrCore; [ProductsCoreThird] webapp=/migrossolr path=/dataimport7 params={indent=true&wt=json&command=status&_=1422729981240} status=0 QTime=1 
INFO  - 2015-01-31 18:46:29.178; org.apache.solr.core.SolrCore; [ProductsCoreThird] webapp=/migrossolr path=/admin/mbeans params={cat=QUERYHANDLER&wt=json&_=1422729987989} status=0 QTime=1 
INFO  - 2015-01-31 18:46:29.179; org.apache.solr.core.SolrCore; [ProductsCoreThird] webapp=/migrossolr path=/dataimport20 params={indent=true&command=show-config&_=1422729987992} status=0 QTime=1 
INFO  - 2015-01-31 18:46:29.183; org.apache.solr.core.SolrCore; [ProductsCoreThird] webapp=/migrossolr path=/dataimport20 params={indent=true&wt=json&command=status&_=1422729987994} status=0 QTime=1 
INFO  - 2015-01-31 18:46:42.815; org.apache.solr.core.SolrCore; [ProductsCoreThird] webapp=/migrossolr path=/admin/mbeans params={cat=QUERYHANDLER&wt=json&_=1422730001645} status=0 QTime=1 
INFO  - 2015-01-31 18:46:42.818; org.apache.solr.core.SolrCore; [ProductsCoreThird] webapp=/migrossolr path=/dataimport21 params={indent=true&command=show-config&_=1422730001647} status=0 QTime=1 
INFO  - 2015-01-31 18:46:42.832; org.apache.solr.core.SolrCore; [ProductsCoreThird] webapp=/migrossolr path=/dataimport21 params={indent=true&wt=json&command=status&_=1422730001650} status=0 QTime=0 
INFO  - 2015-01-31 18:46:44.940; org.apache.solr.search.SolrIndexSearcher; Opening Searcher@9921d49[ProductsCoreThird] main
INFO  - 2015-01-31 18:46:44.943; org.apache.solr.update.DirectUpdateHandler2; end_commit_flush
INFO  - 2015-01-31 18:46:44.944; org.apache.solr.core.QuerySenderListener; QuerySenderListener sending requests to Searcher@9921d49[ProductsCoreThird] main{StandardDirectoryReader(segments_1:1477:nrt _ji(4.9):C2529 _hj(4.9):C2038 _iu(4.9):C1802 _iz(4.9):C110 _j0(4.9):C96 _ja(4.9):C61 _j8(4.9):C94 _je(4.9):C91 _jc(4.9):C80 _jd(4.9):C122 _iw(4.9):C125 _j3(4.9):C147 _j2(4.9):C32 _iv(4.9):C70 _j4(4.9):C125 _j6(4.9):C142 _j9(4.9):C95 _ix(4.9):C130 _jb(4.9):C58 _j1(4.9):C86 _jg(4.9):C80 _jh(4.9):C21 _j5(4.9):C120 _jf(4.9):C75 _iy(4.9):C66 _j7(4.9):C127)}
INFO  - 2015-01-31 18:46:44.944; org.apache.solr.core.QuerySenderListener; QuerySenderListener done.
INFO  - 2015-01-31 18:46:44.944; org.apache.solr.handler.component.SpellCheckComponent$SpellCheckerListener; Building spell index for spell checker: suggestDictionary
INFO  - 2015-01-31 18:46:44.944; org.apache.solr.spelling.suggest.Suggester; build()
INFO  - 2015-01-31 18:46:44.988; org.apache.solr.core.SolrCore; [ProductsCoreThird] Registered new searcher Searcher@9921d49[ProductsCoreThird] main{StandardDirectoryReader(segments_1:1477:nrt _ji(4.9):C2529 _hj(4.9):C2038 _iu(4.9):C1802 _iz(4.9):C110 _j0(4.9):C96 _ja(4.9):C61 _j8(4.9):C94 _je(4.9):C91 _jc(4.9):C80 _jd(4.9):C122 _iw(4.9):C125 _j3(4.9):C147 _j2(4.9):C32 _iv(4.9):C70 _j4(4.9):C125 _j6(4.9):C142 _j9(4.9):C95 _ix(4.9):C130 _jb(4.9):C58 _j1(4.9):C86 _jg(4.9):C80 _jh(4.9):C21 _j5(4.9):C120 _jf(4.9):C75 _iy(4.9):C66 _j7(4.9):C127)}
INFO  - 2015-01-31 18:46:45.017; org.apache.solr.update.DirectUpdateHandler2; start commit{,optimize=false,openSearcher=true,waitSearcher=true,expungeDeletes=false,softCommit=true,prepareCommit=false}
INFO  - 2015-01-31 18:46:54.820; org.apache.solr.core.SolrCore; [ProductsCoreThird] webapp=/migrossolr path=/admin/mbeans params={cat=QUERYHANDLER&wt=json&_=1422730013655} status=0 QTime=0 
INFO  - 2015-01-31 18:46:54.822; org.apache.solr.core.SolrCore; [ProductsCoreThird] webapp=/migrossolr path=/dataimport11 params={indent=true&command=show-config&_=1422730013655} status=0 QTime=1 
INFO  - 2015-01-31 18:46:54.822; org.apache.solr.core.SolrCore; [ProductsCoreThird] webapp=/migrossolr path=/dataimport11 params={indent=true&wt=json&command=status&_=1422730013658} status=0 QTime=0 
INFO  - 2015-01-31 18:47:29.530; org.apache.solr.core.SolrCore; [ProductsCoreThird] webapp=/migrossolr path=/admin/mbeans params={cat=QUERYHANDLER&wt=json&_=1422730048354} status=0 QTime=1 
INFO  - 2015-01-31 18:47:29.718; org.apache.solr.core.SolrCore; [ProductsCoreThird] webapp=/migrossolr path=/dataimport10 params={indent=true&wt=json&command=status&_=1422730048359} status=0 QTime=0 
INFO  - 2015-01-31 18:47:29.719; org.apache.solr.core.SolrCore; [ProductsCoreThird] webapp=/migrossolr path=/dataimport10 params={indent=true&command=show-config&_=1422730048356} status=0 QTime=1 
INFO  - 2015-01-31 18:47:34.764; org.apache.solr.core.SolrCore; [ProductsCoreThird] webapp=/migrossolr path=/admin/mbeans params={cat=QUERYHANDLER&wt=json&_=1422730053589} status=0 QTime=0 
INFO  - 2015-01-31 18:47:34.765; org.apache.solr.core.SolrCore; [ProductsCoreThird] webapp=/migrossolr path=/dataimport6 params={indent=true&command=show-config&_=1422730053592} status=0 QTime=0 
INFO  - 2015-01-31 18:47:34.765; org.apache.solr.core.SolrCore; [ProductsCoreThird] webapp=/migrossolr path=/dataimport6 params={indent=true&wt=json&command=status&_=1422730053592} status=0 QTime=0 
INFO  - 2015-01-31 18:47:36.829; org.apache.solr.core.SolrCore; [ProductsCoreThird] webapp=/migrossolr path=/admin/mbeans params={cat=QUERYHANDLER&wt=json&_=1422730055659} status=0 QTime=1 
INFO  - 2015-01-31 18:47:36.830; org.apache.solr.core.SolrCore; [ProductsCoreThird] webapp=/migrossolr path=/dataimport7 params={indent=true&command=show-config&_=1422730055659} status=0 QTime=1 
INFO  - 2015-01-31 18:47:36.830; org.apache.solr.core.SolrCore; [ProductsCoreThird] webapp=/migrossolr path=/dataimport7 params={indent=true&wt=json&command=status&_=1422730055662} status=0 QTime=0 
INFO  - 2015-01-31 18:47:38.702; org.apache.solr.core.SolrCore; [ProductsCoreThird] webapp=/migrossolr path=/admin/mbeans params={cat=QUERYHANDLER&wt=json&_=1422730057544} status=0 QTime=0 
INFO  - 2015-01-31 18:47:38.706; org.apache.solr.core.SolrCore; [ProductsCoreThird] webapp=/migrossolr path=/dataimport8 params={indent=true&command=show-config&_=1422730057544} status=0 QTime=1 
INFO  - 2015-01-31 18:47:38.707; org.apache.solr.core.SolrCore; [ProductsCoreThird] webapp=/migrossolr path=/dataimport8 params={indent=true&wt=json&command=status&_=1422730057548} status=0 QTime=0 
INFO  - 2015-01-31 18:48:36.368; org.apache.solr.search.SolrIndexSearcher; Opening Searcher@6120afa7[ProductsCoreThird] main
INFO  - 2015-01-31 18:48:36.373; org.apache.solr.update.DirectUpdateHandler2; end_commit_flush
INFO  - 2015-01-31 18:48:36.374; org.apache.solr.core.QuerySenderListener; QuerySenderListener sending requests to Searcher@6120afa7[ProductsCoreThird] main{StandardDirectoryReader(segments_1:1524:nrt _ji(4.9):C2529 _hj(4.9):C2038 _iu(4.9):C1802 _iz(4.9):C110 _j0(4.9):C96 _ja(4.9):C61 _j8(4.9):C94 _je(4.9):C91 _jc(4.9):C80 _jd(4.9):C122 _iw(4.9):C125 _j3(4.9):C147 _j2(4.9):C32 _iv(4.9):C70 _j4(4.9):C125 _j6(4.9):C142 _j9(4.9):C95 _ix(4.9):C130 _jb(4.9):C58 _j1(4.9):C86 _jg(4.9):C80 _jh(4.9):C21 _j5(4.9):C120 _jf(4.9):C75 _iy(4.9):C66 _j7(4.9):C127 _jv(4.9):C75 _jq(4.9):C96 _jj(4.9):C64 _jk(4.9):C83 _k1(4.9):C64 _ju(4.9):C57 _k6(4.9):C23 _jt(4.9):C56 _jm(4.9):C94 _jo(4.9):C65 _jz(4.9):C44 _jx(4.9):C65 _js(4.9):C81 _jr(4.9):C86 _k4(4.9):C13 _jy(4.9):C25 _jn(4.9):C88 _k2(4.9):C48 _jw(4.9):C27 _k5(4.9):C3 _jl(4.9):C16 _jp(4.9):C47 _k3(4.9):C17 _k0(4.9):C15)}
INFO  - 2015-01-31 18:48:36.374; org.apache.solr.core.QuerySenderListener; QuerySenderListener done.
INFO  - 2015-01-31 18:48:36.374; org.apache.solr.handler.component.SpellCheckComponent$SpellCheckerListener; Building spell index for spell checker: suggestDictionary
INFO  - 2015-01-31 18:48:36.374; org.apache.solr.spelling.suggest.Suggester; build()
INFO  - 2015-01-31 18:48:36.422; org.apache.solr.core.SolrCore; [ProductsCoreThird] Registered new searcher Searcher@6120afa7[ProductsCoreThird] main{StandardDirectoryReader(segments_1:1524:nrt _ji(4.9):C2529 _hj(4.9):C2038 _iu(4.9):C1802 _iz(4.9):C110 _j0(4.9):C96 _ja(4.9):C61 _j8(4.9):C94 _je(4.9):C91 _jc(4.9):C80 _jd(4.9):C122 _iw(4.9):C125 _j3(4.9):C147 _j2(4.9):C32 _iv(4.9):C70 _j4(4.9):C125 _j6(4.9):C142 _j9(4.9):C95 _ix(4.9):C130 _jb(4.9):C58 _j1(4.9):C86 _jg(4.9):C80 _jh(4.9):C21 _j5(4.9):C120 _jf(4.9):C75 _iy(4.9):C66 _j7(4.9):C127 _jv(4.9):C75 _jq(4.9):C96 _jj(4.9):C64 _jk(4.9):C83 _k1(4.9):C64 _ju(4.9):C57 _k6(4.9):C23 _jt(4.9):C56 _jm(4.9):C94 _jo(4.9):C65 _jz(4.9):C44 _jx(4.9):C65 _js(4.9):C81 _jr(4.9):C86 _k4(4.9):C13 _jy(4.9):C25 _jn(4.9):C88 _k2(4.9):C48 _jw(4.9):C27 _k5(4.9):C3 _jl(4.9):C16 _jp(4.9):C47 _k3(4.9):C17 _k0(4.9):C15)}
INFO  - 2015-01-31 18:48:36.422; org.apache.solr.update.DirectUpdateHandler2; start commit{,optimize=false,openSearcher=true,waitSearcher=true,expungeDeletes=false,softCommit=true,prepareCommit=false}
INFO  - 2015-01-31 18:50:01.442; org.apache.solr.search.SolrIndexSearcher; Opening Searcher@115b740[ProductsCoreThird] main
INFO  - 2015-01-31 18:50:01.447; org.apache.solr.update.DirectUpdateHandler2; end_commit_flush
INFO  - 2015-01-31 18:50:01.447; org.apache.solr.core.QuerySenderListener; QuerySenderListener sending requests to Searcher@115b740[ProductsCoreThird] main{StandardDirectoryReader(segments_1:1567:nrt _ji(4.9):C2529 _kt(4.9):C6961 _k6(4.9):C23 _jn(4.9):C88 _k2(4.9):C48 _jw(4.9):C27 _k5(4.9):C3 _jl(4.9):C16 _jp(4.9):C47 _k3(4.9):C17 _k0(4.9):C15 _kr(4.9):C47 _kk(4.9):C129 _k9(4.9):C141 _kn(4.9):C157 _kf(4.9):C122 _ko(4.9):C151 _ks(4.9):C23 _ki(4.9):C161 _kb(4.9):C146 _kc(4.9):C77 _k7(4.9):C183 _kp(4.9):C112 _ke(4.9):C146 _kl(4.9):C203 _kg(4.9):C198 _k8(4.9):C129 _kq(4.9):C3 _kj(4.9):C169 _kd(4.9):C143 _km(4.9):C125 _kh(4.9):C174 _ka(4.9):C143)}
INFO  - 2015-01-31 18:50:01.448; org.apache.solr.core.QuerySenderListener; QuerySenderListener done.
INFO  - 2015-01-31 18:50:01.449; org.apache.solr.handler.component.SpellCheckComponent$SpellCheckerListener; Building spell index for spell checker: suggestDictionary
INFO  - 2015-01-31 18:50:01.449; org.apache.solr.spelling.suggest.Suggester; build()
INFO  - 2015-01-31 18:50:01.499; org.apache.solr.core.SolrCore; [ProductsCoreThird] Registered new searcher Searcher@115b740[ProductsCoreThird] main{StandardDirectoryReader(segments_1:1567:nrt _ji(4.9):C2529 _kt(4.9):C6961 _k6(4.9):C23 _jn(4.9):C88 _k2(4.9):C48 _jw(4.9):C27 _k5(4.9):C3 _jl(4.9):C16 _jp(4.9):C47 _k3(4.9):C17 _k0(4.9):C15 _kr(4.9):C47 _kk(4.9):C129 _k9(4.9):C141 _kn(4.9):C157 _kf(4.9):C122 _ko(4.9):C151 _ks(4.9):C23 _ki(4.9):C161 _kb(4.9):C146 _kc(4.9):C77 _k7(4.9):C183 _kp(4.9):C112 _ke(4.9):C146 _kl(4.9):C203 _kg(4.9):C198 _k8(4.9):C129 _kq(4.9):C3 _kj(4.9):C169 _kd(4.9):C143 _km(4.9):C125 _kh(4.9):C174 _ka(4.9):C143)}
INFO  - 2015-01-31 18:50:01.536; org.apache.solr.update.DirectUpdateHandler2; start commit{,optimize=false,openSearcher=true,waitSearcher=true,expungeDeletes=false,softCommit=true,prepareCommit=false}
INFO  - 2015-01-31 18:50:37.646; org.apache.solr.search.SolrIndexSearcher; Opening Searcher@6afc14f2[ProductsCoreThird] main
INFO  - 2015-01-31 18:50:37.653; org.apache.solr.update.DirectUpdateHandler2; end_commit_flush
INFO  - 2015-01-31 18:50:37.653; org.apache.solr.core.QuerySenderListener; QuerySenderListener sending requests to Searcher@6afc14f2[ProductsCoreThird] main{StandardDirectoryReader(segments_1:1609:nrt _ji(4.9):C2529 _kt(4.9):C6961 _k6(4.9):C23 _jn(4.9):C88 _k2(4.9):C48 _jw(4.9):C27 _k5(4.9):C3 _jl(4.9):C16 _jp(4.9):C47 _k3(4.9):C17 _k0(4.9):C15 _kr(4.9):C47 _kk(4.9):C129 _k9(4.9):C141 _kn(4.9):C157 _kf(4.9):C122 _ko(4.9):C151 _ks(4.9):C23 _ki(4.9):C161 _kb(4.9):C146 _kc(4.9):C77 _k7(4.9):C183 _kp(4.9):C112 _ke(4.9):C146 _kl(4.9):C203 _kg(4.9):C198 _k8(4.9):C129 _kq(4.9):C3 _kj(4.9):C169 _kd(4.9):C143 _km(4.9):C125 _kh(4.9):C174 _ka(4.9):C143 _l4(4.9):C122 _la(4.9):C133 _ld(4.9):C79 _l7(4.9):C114 _l8(4.9):C91 _l0(4.9):C175 _l1(4.9):C94 _kw(4.9):C64 _kx(4.9):C131 _kv(4.9):C49 _ky(4.9):C139 _l3(4.9):C86 _l9(4.9):C154 _l5(4.9):C189 _kz(4.9):C130 _lb(4.9):C141 _l2(4.9):C130 _ku(4.9):C195 _lc(4.9):C86 _l6(4.9):C118)}
INFO  - 2015-01-31 18:50:37.654; org.apache.solr.core.QuerySenderListener; QuerySenderListener done.
INFO  - 2015-01-31 18:50:37.654; org.apache.solr.handler.component.SpellCheckComponent$SpellCheckerListener; Building spell index for spell checker: suggestDictionary
INFO  - 2015-01-31 18:50:37.654; org.apache.solr.spelling.suggest.Suggester; build()
INFO  - 2015-01-31 18:50:37.719; org.apache.solr.core.SolrCore; [ProductsCoreThird] Registered new searcher Searcher@6afc14f2[ProductsCoreThird] main{StandardDirectoryReader(segments_1:1609:nrt _ji(4.9):C2529 _kt(4.9):C6961 _k6(4.9):C23 _jn(4.9):C88 _k2(4.9):C48 _jw(4.9):C27 _k5(4.9):C3 _jl(4.9):C16 _jp(4.9):C47 _k3(4.9):C17 _k0(4.9):C15 _kr(4.9):C47 _kk(4.9):C129 _k9(4.9):C141 _kn(4.9):C157 _kf(4.9):C122 _ko(4.9):C151 _ks(4.9):C23 _ki(4.9):C161 _kb(4.9):C146 _kc(4.9):C77 _k7(4.9):C183 _kp(4.9):C112 _ke(4.9):C146 _kl(4.9):C203 _kg(4.9):C198 _k8(4.9):C129 _kq(4.9):C3 _kj(4.9):C169 _kd(4.9):C143 _km(4.9):C125 _kh(4.9):C174 _ka(4.9):C143 _l4(4.9):C122 _la(4.9):C133 _ld(4.9):C79 _l7(4.9):C114 _l8(4.9):C91 _l0(4.9):C175 _l1(4.9):C94 _kw(4.9):C64 _kx(4.9):C131 _kv(4.9):C49 _ky(4.9):C139 _l3(4.9):C86 _l9(4.9):C154 _l5(4.9):C189 _kz(4.9):C130 _lb(4.9):C141 _l2(4.9):C130 _ku(4.9):C195 _lc(4.9):C86 _l6(4.9):C118)}
INFO  - 2015-01-31 18:50:37.720; org.apache.solr.update.DirectUpdateHandler2; start commit{,optimize=false,openSearcher=true,waitSearcher=true,expungeDeletes=false,softCommit=true,prepareCommit=false}
INFO  - 2015-01-31 18:50:58.731; org.apache.solr.search.SolrIndexSearcher; Opening Searcher@6d22aee6[ProductsCoreThird] main
INFO  - 2015-01-31 18:50:58.735; org.apache.solr.update.DirectUpdateHandler2; end_commit_flush
INFO  - 2015-01-31 18:50:58.736; org.apache.solr.core.QuerySenderListener; QuerySenderListener sending requests to Searcher@6d22aee6[ProductsCoreThird] main{StandardDirectoryReader(segments_1:1654:nrt _ji(4.9):C2529 _kt(4.9):C6961 _lz(4.9):C3961 _k9(4.9):C141 _kg(4.9):C198 _ka(4.9):C143 _l9(4.9):C154 _l5(4.9):C189 _kz(4.9):C130 _lb(4.9):C141 _l2(4.9):C130 _ku(4.9):C195 _lc(4.9):C86 _l6(4.9):C118 _lp(4.9):C61 _lh(4.9):C48 _ll(4.9):C73 _lt(4.9):C49 _lv(4.9):C37 _lk(4.9):C66 _lo(4.9):C57 _lj(4.9):C41 _lm(4.9):C50 _lw(4.9):C58 _lf(4.9):C34 _li(4.9):C49 _ln(4.9):C49 _lu(4.9):C37 _le(4.9):C47 _ly(4.9):C10 _lr(4.9):C66 _lg(4.9):C21 _ls(4.9):C67 _lq(4.9):C34 _lx(4.9):C15)}
INFO  - 2015-01-31 18:50:58.736; org.apache.solr.core.QuerySenderListener; QuerySenderListener done.
INFO  - 2015-01-31 18:50:58.736; org.apache.solr.handler.component.SpellCheckComponent$SpellCheckerListener; Building spell index for spell checker: suggestDictionary
INFO  - 2015-01-31 18:50:58.737; org.apache.solr.spelling.suggest.Suggester; build()
INFO  - 2015-01-31 18:50:58.790; org.apache.solr.core.SolrCore; [ProductsCoreThird] Registered new searcher Searcher@6d22aee6[ProductsCoreThird] main{StandardDirectoryReader(segments_1:1654:nrt _ji(4.9):C2529 _kt(4.9):C6961 _lz(4.9):C3961 _k9(4.9):C141 _kg(4.9):C198 _ka(4.9):C143 _l9(4.9):C154 _l5(4.9):C189 _kz(4.9):C130 _lb(4.9):C141 _l2(4.9):C130 _ku(4.9):C195 _lc(4.9):C86 _l6(4.9):C118 _lp(4.9):C61 _lh(4.9):C48 _ll(4.9):C73 _lt(4.9):C49 _lv(4.9):C37 _lk(4.9):C66 _lo(4.9):C57 _lj(4.9):C41 _lm(4.9):C50 _lw(4.9):C58 _lf(4.9):C34 _li(4.9):C49 _ln(4.9):C49 _lu(4.9):C37 _le(4.9):C47 _ly(4.9):C10 _lr(4.9):C66 _lg(4.9):C21 _ls(4.9):C67 _lq(4.9):C34 _lx(4.9):C15)}
INFO  - 2015-01-31 18:50:58.818; org.apache.solr.update.DirectUpdateHandler2; start commit{,optimize=false,openSearcher=true,waitSearcher=true,expungeDeletes=false,softCommit=true,prepareCommit=false}
INFO  - 2015-01-31 18:52:04.577; org.apache.solr.search.SolrIndexSearcher; Opening Searcher@5fa9237c[ProductsCoreThird] main
INFO  - 2015-01-31 18:52:04.584; org.apache.solr.update.DirectUpdateHandler2; end_commit_flush
INFO  - 2015-01-31 18:52:04.585; org.apache.solr.core.QuerySenderListener; QuerySenderListener sending requests to Searcher@5fa9237c[ProductsCoreThird] main{StandardDirectoryReader(segments_1:1701:nrt _ji(4.9):C2529 _kt(4.9):C6961 _lz(4.9):C3961 _k9(4.9):C141 _kg(4.9):C198 _ka(4.9):C143 _l9(4.9):C154 _l5(4.9):C189 _kz(4.9):C130 _lb(4.9):C141 _l2(4.9):C130 _ku(4.9):C195 _lc(4.9):C86 _l6(4.9):C118 _lp(4.9):C61 _lh(4.9):C48 _ll(4.9):C73 _lt(4.9):C49 _lv(4.9):C37 _lk(4.9):C66 _lo(4.9):C57 _lj(4.9):C41 _lm(4.9):C50 _lw(4.9):C58 _lf(4.9):C34 _li(4.9):C49 _ln(4.9):C49 _lu(4.9):C37 _le(4.9):C47 _ly(4.9):C10 _lr(4.9):C66 _lg(4.9):C21 _ls(4.9):C67 _lq(4.9):C34 _lx(4.9):C15 _m9(4.9):C48 _m1(4.9):C31 _m8(4.9):C26 _ma(4.9):C40 _m3(4.9):C34 _m6(4.9):C20 _m2(4.9):C68 _m5(4.9):C27 _mg(4.9):C31 _mc(4.9):C19 _mm(4.9):C15 _mf(4.9):C33 _md(4.9):C34 _mj(4.9):C25 _m7(4.9):C24 _mh(4.9):C40 _mi(4.9):C18 _ml(4.9):C38 _m0(4.9):C36 _m4(4.9):C48 _mb(4.9):C42 _me(4.9):C22 _mk(4.9):C15)}
INFO  - 2015-01-31 18:52:04.586; org.apache.solr.core.QuerySenderListener; QuerySenderListener done.
INFO  - 2015-01-31 18:52:04.586; org.apache.solr.handler.component.SpellCheckComponent$SpellCheckerListener; Building spell index for spell checker: suggestDictionary
INFO  - 2015-01-31 18:52:04.586; org.apache.solr.spelling.suggest.Suggester; build()
INFO  - 2015-01-31 18:52:04.652; org.apache.solr.core.SolrCore; [ProductsCoreThird] Registered new searcher Searcher@5fa9237c[ProductsCoreThird] main{StandardDirectoryReader(segments_1:1701:nrt _ji(4.9):C2529 _kt(4.9):C6961 _lz(4.9):C3961 _k9(4.9):C141 _kg(4.9):C198 _ka(4.9):C143 _l9(4.9):C154 _l5(4.9):C189 _kz(4.9):C130 _lb(4.9):C141 _l2(4.9):C130 _ku(4.9):C195 _lc(4.9):C86 _l6(4.9):C118 _lp(4.9):C61 _lh(4.9):C48 _ll(4.9):C73 _lt(4.9):C49 _lv(4.9):C37 _lk(4.9):C66 _lo(4.9):C57 _lj(4.9):C41 _lm(4.9):C50 _lw(4.9):C58 _lf(4.9):C34 _li(4.9):C49 _ln(4.9):C49 _lu(4.9):C37 _le(4.9):C47 _ly(4.9):C10 _lr(4.9):C66 _lg(4.9):C21 _ls(4.9):C67 _lq(4.9):C34 _lx(4.9):C15 _m9(4.9):C48 _m1(4.9):C31 _m8(4.9):C26 _ma(4.9):C40 _m3(4.9):C34 _m6(4.9):C20 _m2(4.9):C68 _m5(4.9):C27 _mg(4.9):C31 _mc(4.9):C19 _mm(4.9):C15 _mf(4.9):C33 _md(4.9):C34 _mj(4.9):C25 _m7(4.9):C24 _mh(4.9):C40 _mi(4.9):C18 _ml(4.9):C38 _m0(4.9):C36 _m4(4.9):C48 _mb(4.9):C42 _me(4.9):C22 _mk(4.9):C15)}
INFO  - 2015-01-31 18:52:04.653; org.apache.solr.update.DirectUpdateHandler2; start commit{,optimize=false,openSearcher=true,waitSearcher=true,expungeDeletes=false,softCommit=true,prepareCommit=false}
INFO  - 2015-01-31 18:52:42.285; org.apache.solr.search.SolrIndexSearcher; Opening Searcher@36e8274a[ProductsCoreThird] main
INFO  - 2015-01-31 18:52:42.290; org.apache.solr.update.DirectUpdateHandler2; end_commit_flush
INFO  - 2015-01-31 18:52:42.291; org.apache.solr.core.QuerySenderListener; QuerySenderListener sending requests to Searcher@36e8274a[ProductsCoreThird] main{StandardDirectoryReader(segments_1:1748:nrt _ji(4.9):C2529 _kt(4.9):C6961 _lz(4.9):C3961 _k9(4.9):C141 _kg(4.9):C198 _ka(4.9):C143 _l9(4.9):C154 _l5(4.9):C189 _kz(4.9):C130 _na(4.9):C1681 _l2(4.9):C130 _ku(4.9):C195 _lc(4.9):C86 _l6(4.9):C118 _m0(4.9):C36 _m4(4.9):C48 _mb(4.9):C42 _me(4.9):C22 _mk(4.9):C15 _n7(4.9):C80 _my(4.9):C80 _mx(4.9):C82 _n4(4.9):C124 _mq(4.9):C87 _mn(4.9):C117 _mv(4.9):C106 _mz(4.9):C37 _n6(4.9):C99 _mr(4.9):C83 _mo(4.9):C120 _n5(4.9):C108 _n9(4.9):C88 _n1(4.9):C34 _mw(4.9):C89 _n3(4.9):C100 _ms(4.9):C95 _n2(4.9):C82 _n0(4.9):C82 _mt(4.9):C53 _mu(4.9):C71 _n8(4.9):C8 _mp(4.9):C95)}
INFO  - 2015-01-31 18:52:42.292; org.apache.solr.core.QuerySenderListener; QuerySenderListener done.
INFO  - 2015-01-31 18:52:42.292; org.apache.solr.handler.component.SpellCheckComponent$SpellCheckerListener; Building spell index for spell checker: suggestDictionary
INFO  - 2015-01-31 18:52:42.292; org.apache.solr.spelling.suggest.Suggester; build()
INFO  - 2015-01-31 18:52:42.356; org.apache.solr.core.SolrCore; [ProductsCoreThird] Registered new searcher Searcher@36e8274a[ProductsCoreThird] main{StandardDirectoryReader(segments_1:1748:nrt _ji(4.9):C2529 _kt(4.9):C6961 _lz(4.9):C3961 _k9(4.9):C141 _kg(4.9):C198 _ka(4.9):C143 _l9(4.9):C154 _l5(4.9):C189 _kz(4.9):C130 _na(4.9):C1681 _l2(4.9):C130 _ku(4.9):C195 _lc(4.9):C86 _l6(4.9):C118 _m0(4.9):C36 _m4(4.9):C48 _mb(4.9):C42 _me(4.9):C22 _mk(4.9):C15 _n7(4.9):C80 _my(4.9):C80 _mx(4.9):C82 _n4(4.9):C124 _mq(4.9):C87 _mn(4.9):C117 _mv(4.9):C106 _mz(4.9):C37 _n6(4.9):C99 _mr(4.9):C83 _mo(4.9):C120 _n5(4.9):C108 _n9(4.9):C88 _n1(4.9):C34 _mw(4.9):C89 _n3(4.9):C100 _ms(4.9):C95 _n2(4.9):C82 _n0(4.9):C82 _mt(4.9):C53 _mu(4.9):C71 _n8(4.9):C8 _mp(4.9):C95)}
INFO  - 2015-01-31 18:52:42.370; org.apache.solr.update.DirectUpdateHandler2; start commit{,optimize=false,openSearcher=true,waitSearcher=true,expungeDeletes=false,softCommit=true,prepareCommit=false}
INFO  - 2015-01-31 18:53:30.449; org.apache.solr.search.SolrIndexSearcher; Opening Searcher@6283532e[ProductsCoreThird] main
INFO  - 2015-01-31 18:53:30.458; org.apache.solr.update.DirectUpdateHandler2; end_commit_flush
INFO  - 2015-01-31 18:53:30.458; org.apache.solr.core.QuerySenderListener; QuerySenderListener sending requests to Searcher@6283532e[ProductsCoreThird] main{StandardDirectoryReader(segments_1:1795:nrt _ji(4.9):C2529 _kt(4.9):C6961 _lz(4.9):C3961 _k9(4.9):C141 _kg(4.9):C198 _ka(4.9):C143 _l9(4.9):C154 _l5(4.9):C189 _kz(4.9):C130 _na(4.9):C1681 _l2(4.9):C130 _ku(4.9):C195 _lc(4.9):C86 _l6(4.9):C118 _m0(4.9):C36 _m4(4.9):C48 _mb(4.9):C42 _me(4.9):C22 _mk(4.9):C15 _n7(4.9):C80 _my(4.9):C80 _mx(4.9):C82 _n4(4.9):C124 _mq(4.9):C87 _mn(4.9):C117 _mv(4.9):C106 _mz(4.9):C37 _n6(4.9):C99 _mr(4.9):C83 _mo(4.9):C120 _n5(4.9):C108 _n9(4.9):C88 _n1(4.9):C34 _mw(4.9):C89 _n3(4.9):C100 _ms(4.9):C95 _n2(4.9):C82 _n0(4.9):C82 _mt(4.9):C53 _mu(4.9):C71 _n8(4.9):C8 _mp(4.9):C95 _nm(4.9):C13 _ni(4.9):C68 _ne(4.9):C59 _np(4.9):C50 _no(4.9):C50 _nf(4.9):C79 _nr(4.9):C70 _nt(4.9):C60 _nv(4.9):C51 _nx(4.9):C40 _nc(4.9):C71 _nd(4.9):C25 _nh(4.9):C40 _nn(4.9):C63 _nl(4.9):C38 _nk(4.9):C59 _nb(4.9):C74 _nj(4.9):C42 _nw(4.9):C41 _ns(4.9):C68 _nu(4.9):C60 _ng(4.9):C52 _nq(4.9):C54)}
INFO  - 2015-01-31 18:53:30.459; org.apache.solr.core.QuerySenderListener; QuerySenderListener done.
INFO  - 2015-01-31 18:53:30.459; org.apache.solr.handler.component.SpellCheckComponent$SpellCheckerListener; Building spell index for spell checker: suggestDictionary
INFO  - 2015-01-31 18:53:30.459; org.apache.solr.spelling.suggest.Suggester; build()
INFO  - 2015-01-31 18:53:30.529; org.apache.solr.core.SolrCore; [ProductsCoreThird] Registered new searcher Searcher@6283532e[ProductsCoreThird] main{StandardDirectoryReader(segments_1:1795:nrt _ji(4.9):C2529 _kt(4.9):C6961 _lz(4.9):C3961 _k9(4.9):C141 _kg(4.9):C198 _ka(4.9):C143 _l9(4.9):C154 _l5(4.9):C189 _kz(4.9):C130 _na(4.9):C1681 _l2(4.9):C130 _ku(4.9):C195 _lc(4.9):C86 _l6(4.9):C118 _m0(4.9):C36 _m4(4.9):C48 _mb(4.9):C42 _me(4.9):C22 _mk(4.9):C15 _n7(4.9):C80 _my(4.9):C80 _mx(4.9):C82 _n4(4.9):C124 _mq(4.9):C87 _mn(4.9):C117 _mv(4.9):C106 _mz(4.9):C37 _n6(4.9):C99 _mr(4.9):C83 _mo(4.9):C120 _n5(4.9):C108 _n9(4.9):C88 _n1(4.9):C34 _mw(4.9):C89 _n3(4.9):C100 _ms(4.9):C95 _n2(4.9):C82 _n0(4.9):C82 _mt(4.9):C53 _mu(4.9):C71 _n8(4.9):C8 _mp(4.9):C95 _nm(4.9):C13 _ni(4.9):C68 _ne(4.9):C59 _np(4.9):C50 _no(4.9):C50 _nf(4.9):C79 _nr(4.9):C70 _nt(4.9):C60 _nv(4.9):C51 _nx(4.9):C40 _nc(4.9):C71 _nd(4.9):C25 _nh(4.9):C40 _nn(4.9):C63 _nl(4.9):C38 _nk(4.9):C59 _nb(4.9):C74 _nj(4.9):C42 _nw(4.9):C41 _ns(4.9):C68 _nu(4.9):C60 _ng(4.9):C52 _nq(4.9):C54)}
INFO  - 2015-01-31 18:53:30.530; org.apache.solr.update.DirectUpdateHandler2; start commit{,optimize=false,openSearcher=true,waitSearcher=true,expungeDeletes=false,softCommit=true,prepareCommit=false}
INFO  - 2015-01-31 18:53:41.340; org.apache.solr.handler.dataimport.DocBuilder; Import completed successfully
INFO  - 2015-01-31 18:53:41.341; org.apache.solr.update.DirectUpdateHandler2; start commit{,optimize=false,openSearcher=true,waitSearcher=true,expungeDeletes=false,softCommit=false,prepareCommit=false}
INFO  - 2015-01-31 18:53:55.577; org.apache.solr.search.SolrIndexSearcher; Opening Searcher@3f2562fa[ProductsCoreThird] main
INFO  - 2015-01-31 18:53:55.584; org.apache.solr.update.DirectUpdateHandler2; end_commit_flush
INFO  - 2015-01-31 18:53:55.585; org.apache.solr.core.QuerySenderListener; QuerySenderListener sending requests to Searcher@3f2562fa[ProductsCoreThird] main{StandardDirectoryReader(segments_1:1842:nrt _ji(4.9):C2529 _kt(4.9):C6961 _lz(4.9):C3961 _k9(4.9):C141 _kg(4.9):C198 _ka(4.9):C143 _l9(4.9):C154 _l5(4.9):C189 _kz(4.9):C130 _na(4.9):C1681 _l2(4.9):C130 _ku(4.9):C195 _lc(4.9):C86 _l6(4.9):C118 _ol(4.9):C2596 _mq(4.9):C87 _mn(4.9):C117 _mz(4.9):C37 _n2(4.9):C82 _nb(4.9):C74 _nj(4.9):C42 _nw(4.9):C41 _ns(4.9):C68 _nu(4.9):C60 _ng(4.9):C52 _nq(4.9):C54 _ny(4.9):C74 _o6(4.9):C72 _og(4.9):C87 _o3(4.9):C65 _o5(4.9):C81 _o4(4.9):C64 _od(4.9):C67 _oi(4.9):C51 _oj(4.9):C20 _oc(4.9):C65 _oh(4.9):C64 _ob(4.9):C90 _o1(4.9):C41 _o9(4.9):C33 _o2(4.9):C49 _oa(4.9):C76 _of(4.9):C57 _o0(4.9):C82 _o7(4.9):C37 _o8(4.9):C33 _ok(4.9):C37 _oe(4.9):C54 _nz(4.9):C45)}
INFO  - 2015-01-31 18:53:55.585; org.apache.solr.core.QuerySenderListener; QuerySenderListener done.
INFO  - 2015-01-31 18:53:55.585; org.apache.solr.handler.component.SpellCheckComponent$SpellCheckerListener; Building spell index for spell checker: suggestDictionary
INFO  - 2015-01-31 18:53:55.585; org.apache.solr.spelling.suggest.Suggester; build()
INFO  - 2015-01-31 18:53:55.656; org.apache.solr.core.SolrCore; [ProductsCoreThird] Registered new searcher Searcher@3f2562fa[ProductsCoreThird] main{StandardDirectoryReader(segments_1:1842:nrt _ji(4.9):C2529 _kt(4.9):C6961 _lz(4.9):C3961 _k9(4.9):C141 _kg(4.9):C198 _ka(4.9):C143 _l9(4.9):C154 _l5(4.9):C189 _kz(4.9):C130 _na(4.9):C1681 _l2(4.9):C130 _ku(4.9):C195 _lc(4.9):C86 _l6(4.9):C118 _ol(4.9):C2596 _mq(4.9):C87 _mn(4.9):C117 _mz(4.9):C37 _n2(4.9):C82 _nb(4.9):C74 _nj(4.9):C42 _nw(4.9):C41 _ns(4.9):C68 _nu(4.9):C60 _ng(4.9):C52 _nq(4.9):C54 _ny(4.9):C74 _o6(4.9):C72 _og(4.9):C87 _o3(4.9):C65 _o5(4.9):C81 _o4(4.9):C64 _od(4.9):C67 _oi(4.9):C51 _oj(4.9):C20 _oc(4.9):C65 _oh(4.9):C64 _ob(4.9):C90 _o1(4.9):C41 _o9(4.9):C33 _o2(4.9):C49 _oa(4.9):C76 _of(4.9):C57 _o0(4.9):C82 _o7(4.9):C37 _o8(4.9):C33 _ok(4.9):C37 _oe(4.9):C54 _nz(4.9):C45)}
INFO  - 2015-01-31 18:53:55.677; org.apache.solr.update.DirectUpdateHandler2; start commit{,optimize=false,openSearcher=true,waitSearcher=true,expungeDeletes=false,softCommit=true,prepareCommit=false}
INFO  - 2015-01-31 18:54:08.385; org.apache.solr.handler.dataimport.DocBuilder; Import completed successfully
INFO  - 2015-01-31 18:54:17.992; org.apache.solr.handler.dataimport.DocBuilder; Import completed successfully
INFO  - 2015-01-31 18:54:32.924; org.apache.solr.core.SolrDeletionPolicy; SolrDeletionPolicy.onCommit: commits: num=2
	commit{dir=NRTCachingDirectory(MMapDirectory@/opt/migros/data/ProductsCoreThird/index lockFactory=NativeFSLockFactory@/opt/migros/data/ProductsCoreThird/index; maxCacheMB=48.0 maxMergeSizeMB=4.0),segFN=segments_1,generation=1}
	commit{dir=NRTCachingDirectory(MMapDirectory@/opt/migros/data/ProductsCoreThird/index lockFactory=NativeFSLockFactory@/opt/migros/data/ProductsCoreThird/index; maxCacheMB=48.0 maxMergeSizeMB=4.0),segFN=segments_2,generation=2}
INFO  - 2015-01-31 18:54:32.925; org.apache.solr.core.SolrDeletionPolicy; newest commit generation = 2
INFO  - 2015-01-31 18:54:42.329; org.apache.solr.search.SolrIndexSearcher; Opening Searcher@550537c[ProductsCoreThird] main
INFO  - 2015-01-31 18:54:42.336; org.apache.solr.update.DirectUpdateHandler2; end_commit_flush
WARN  - 2015-01-31 18:54:42.336; org.apache.solr.core.SolrCore; [ProductsCoreThird] PERFORMANCE WARNING: Overlapping onDeckSearchers=2
INFO  - 2015-01-31 18:54:42.336; org.apache.solr.core.QuerySenderListener; QuerySenderListener sending requests to Searcher@550537c[ProductsCoreThird] main{StandardDirectoryReader(segments_2:1929:nrt _ji(4.9):C2529 _kt(4.9):C6961 _lz(4.9):C3961 _p8(4.9):C3373 _na(4.9):C1681 _ol(4.9):C2596 _o8(4.9):C33 _ok(4.9):C37 _oe(4.9):C54 _nz(4.9):C45 _or(4.9):C77 _ou(4.9):C49 _os(4.9):C38 _om(4.9):C41 _oy(4.9):C37 _p5(4.9):C33 _oq(4.9):C66 _oo(4.9):C53 _p7(4.9):C21 _ow(4.9):C27 _op(4.9):C24 _p1(4.9):C56 _ox(4.9):C34 _ot(4.9):C36 _p0(4.9):C40 _p4(4.9):C26 _on(4.9):C26 _p6(4.9):C34 _oz(4.9):C31 _ov(4.9):C45 _p3(4.9):C23 _p2(4.9):C34 _pr(4.9):C41 _pc(4.9):C28 _ph(4.9):C71 _pf(4.9):C63 _pm(4.9):C37 _pq(4.9):C68 _pt(4.9):C19 _pe(4.9):C52 _p9(4.9):C46 _pk(4.9):C85 _pd(4.9):C38 _pb(4.9):C28 _pp(4.9):C24 _po(4.9):C18 _pa(4.9):C48 _pn(4.9):C36 _pl(4.9):C44 _pj(4.9):C44 _pg(4.9):C35 _pi(4.9):C47 _ps(4.9):C63)}
INFO  - 2015-01-31 18:54:42.337; org.apache.solr.core.QuerySenderListener; QuerySenderListener done.
INFO  - 2015-01-31 18:54:42.337; org.apache.solr.handler.component.SpellCheckComponent$SpellCheckerListener; Building spell index for spell checker: suggestDictionary
INFO  - 2015-01-31 18:54:42.337; org.apache.solr.spelling.suggest.Suggester; build()
INFO  - 2015-01-31 18:54:42.408; org.apache.solr.core.SolrCore; [ProductsCoreThird] Registered new searcher Searcher@550537c[ProductsCoreThird] main{StandardDirectoryReader(segments_2:1929:nrt _ji(4.9):C2529 _kt(4.9):C6961 _lz(4.9):C3961 _p8(4.9):C3373 _na(4.9):C1681 _ol(4.9):C2596 _o8(4.9):C33 _ok(4.9):C37 _oe(4.9):C54 _nz(4.9):C45 _or(4.9):C77 _ou(4.9):C49 _os(4.9):C38 _om(4.9):C41 _oy(4.9):C37 _p5(4.9):C33 _oq(4.9):C66 _oo(4.9):C53 _p7(4.9):C21 _ow(4.9):C27 _op(4.9):C24 _p1(4.9):C56 _ox(4.9):C34 _ot(4.9):C36 _p0(4.9):C40 _p4(4.9):C26 _on(4.9):C26 _p6(4.9):C34 _oz(4.9):C31 _ov(4.9):C45 _p3(4.9):C23 _p2(4.9):C34 _pr(4.9):C41 _pc(4.9):C28 _ph(4.9):C71 _pf(4.9):C63 _pm(4.9):C37 _pq(4.9):C68 _pt(4.9):C19 _pe(4.9):C52 _p9(4.9):C46 _pk(4.9):C85 _pd(4.9):C38 _pb(4.9):C28 _pp(4.9):C24 _po(4.9):C18 _pa(4.9):C48 _pn(4.9):C36 _pl(4.9):C44 _pj(4.9):C44 _pg(4.9):C35 _pi(4.9):C47 _ps(4.9):C63)}
INFO  - 2015-01-31 18:54:42.438; org.apache.solr.update.DirectUpdateHandler2; start commit{,optimize=false,openSearcher=true,waitSearcher=true,expungeDeletes=false,softCommit=true,prepareCommit=false}
INFO  - 2015-01-31 18:54:50.941; org.apache.solr.handler.dataimport.DocBuilder; Import completed successfully
INFO  - 2015-01-31 18:55:01.323; org.apache.solr.handler.dataimport.DocBuilder; Import completed successfully
INFO  - 2015-01-31 18:55:05.944; org.apache.solr.search.SolrIndexSearcher; Opening Searcher@64e469de[ProductsCoreThird] main
WARN  - 2015-01-31 18:55:05.949; org.apache.solr.core.SolrCore; [ProductsCoreThird] PERFORMANCE WARNING: Overlapping onDeckSearchers=2
INFO  - 2015-01-31 18:55:05.949; org.apache.solr.update.DirectUpdateHandler2; end_commit_flush
INFO  - 2015-01-31 18:55:05.949; org.apache.solr.core.QuerySenderListener; QuerySenderListener sending requests to Searcher@64e469de[ProductsCoreThird] main{StandardDirectoryReader(segments_2:1972:nrt _ji(4.9):C2529 _kt(4.9):C6961 _lz(4.9):C3961 _p8(4.9):C3373 _na(4.9):C1681 _ol(4.9):C2596 _o8(4.9):C33 _qf(4.9):C1644 _nz(4.9):C45 _pl(4.9):C44 _pj(4.9):C44 _pg(4.9):C35 _pi(4.9):C47 _ps(4.9):C63 _py(4.9):C27 _pv(4.9):C23 _pw(4.9):C23 _q5(4.9):C27 _q1(4.9):C43 _q8(4.9):C19 _q4(4.9):C24 _q0(4.9):C28 _qc(4.9):C14 _qd(4.9):C13 _qe(4.9):C4 _q9(4.9):C16 _pz(4.9):C34 _q3(4.9):C25 _qb(4.9):C25 _q2(4.9):C32 _pu(4.9):C18 _q7(4.9):C16 _px(4.9):C42 _q6(4.9):C16 _qa(4.9):C17)}
INFO  - 2015-01-31 18:55:05.949; org.apache.solr.core.QuerySenderListener; QuerySenderListener done.
INFO  - 2015-01-31 18:55:05.949; org.apache.solr.update.DirectUpdateHandler2; start commit{,optimize=false,openSearcher=true,waitSearcher=true,expungeDeletes=false,softCommit=false,prepareCommit=false}
INFO  - 2015-01-31 18:55:05.950; org.apache.solr.handler.component.SpellCheckComponent$SpellCheckerListener; Building spell index for spell checker: suggestDictionary
INFO  - 2015-01-31 18:55:05.951; org.apache.solr.spelling.suggest.Suggester; build()
INFO  - 2015-01-31 18:55:06.021; org.apache.solr.core.SolrCore; [ProductsCoreThird] Registered new searcher Searcher@64e469de[ProductsCoreThird] main{StandardDirectoryReader(segments_2:1972:nrt _ji(4.9):C2529 _kt(4.9):C6961 _lz(4.9):C3961 _p8(4.9):C3373 _na(4.9):C1681 _ol(4.9):C2596 _o8(4.9):C33 _qf(4.9):C1644 _nz(4.9):C45 _pl(4.9):C44 _pj(4.9):C44 _pg(4.9):C35 _pi(4.9):C47 _ps(4.9):C63 _py(4.9):C27 _pv(4.9):C23 _pw(4.9):C23 _q5(4.9):C27 _q1(4.9):C43 _q8(4.9):C19 _q4(4.9):C24 _q0(4.9):C28 _qc(4.9):C14 _qd(4.9):C13 _qe(4.9):C4 _q9(4.9):C16 _pz(4.9):C34 _q3(4.9):C25 _qb(4.9):C25 _q2(4.9):C32 _pu(4.9):C18 _q7(4.9):C16 _px(4.9):C42 _q6(4.9):C16 _qa(4.9):C17)}
WARN  - 2015-01-31 18:55:06.033; org.apache.solr.handler.dataimport.SimplePropertiesWriter; Unable to read: dataimport11.properties
INFO  - 2015-01-31 18:55:06.034; org.apache.solr.handler.dataimport.SimplePropertiesWriter; Wrote last indexed time to dataimport11.properties
INFO  - 2015-01-31 18:55:06.034; org.apache.solr.handler.dataimport.DocBuilder; Time taken = 0:14:29.722
INFO  - 2015-01-31 18:55:06.034; org.apache.solr.update.processor.LogUpdateProcessor; [ProductsCoreThird] webapp=/migrossolr path=/dataimport11 params={debug=false&optimize=false&indent=true&commit=true&clean=true&rows=1500&wt=json&command=full-import&verbose=false} status=0 QTime=7 {deleteByQuery=*:* (-1491840152572526592),add=[829376 (1491840153078988803), 816066 (1491840153099960320), 828166 (1491840153176506368), 106291 (1491840153215303680), 816187 (1491840154013270016), 181959 (1491840154037387264), 849099 (1491840154808090624), 798290 (1491840155225423873), 809411 (1491840155601862656), 809543 (1491840155833597952), ... (1311 adds)],commit=} 0 7
INFO  - 2015-01-31 18:55:09.589; org.apache.solr.handler.dataimport.DocBuilder; Import completed successfully
INFO  - 2015-01-31 18:55:14.711; org.apache.solr.handler.dataimport.DocBuilder; Import completed successfully
INFO  - 2015-01-31 18:55:15.727; org.apache.solr.handler.dataimport.DocBuilder; Import completed successfully
INFO  - 2015-01-31 18:55:21.601; org.apache.solr.handler.dataimport.DocBuilder; Import completed successfully
INFO  - 2015-01-31 18:55:28.366; org.apache.solr.search.SolrIndexSearcher; Opening Searcher@36e1d94d[ProductsCoreThird] main
INFO  - 2015-01-31 18:55:28.373; org.apache.solr.update.DirectUpdateHandler2; end_commit_flush
INFO  - 2015-01-31 18:55:28.373; org.apache.solr.core.QuerySenderListener; QuerySenderListener sending requests to Searcher@36e1d94d[ProductsCoreThird] main{StandardDirectoryReader(segments_2:2012:nrt _ji(4.9):C2529 _kt(4.9):C6961 _lz(4.9):C3961 _p8(4.9):C3373 _na(4.9):C1681 _ol(4.9):C2596 _o8(4.9):C33 _qf(4.9):C1644 _nz(4.9):C45 _pl(4.9):C44 _pj(4.9):C44 _pg(4.9):C35 _pi(4.9):C47 _ps(4.9):C63 _py(4.9):C27 _pv(4.9):C23 _pw(4.9):C23 _q5(4.9):C27 _q1(4.9):C43 _q8(4.9):C19 _q4(4.9):C24 _q0(4.9):C28 _qc(4.9):C14 _qd(4.9):C13 _qe(4.9):C4 _q9(4.9):C16 _pz(4.9):C34 _q3(4.9):C25 _qb(4.9):C25 _q2(4.9):C32 _pu(4.9):C18 _q7(4.9):C16 _px(4.9):C42 _q6(4.9):C16 _qa(4.9):C17 _qq(4.9):C36 _qh(4.9):C52 _qk(4.9):C51 _qt(4.9):C39 _ql(4.9):C2 _qu(4.9):C54 _qj(4.9):C46 _qg(4.9):C14 _qz(4.9):C24 _r0(4.9):C31 _qm(4.9):C39 _qn(4.9):C31 _qw(4.9):C25 _qs(4.9):C16 _qv(4.9):C30 _qx(4.9):C20 _qr(4.9):C40 _qo(4.9):C40 _qi(4.9):C52 _qp(4.9):C41 _qy(4.9):C6)}
INFO  - 2015-01-31 18:55:28.373; org.apache.solr.core.QuerySenderListener; QuerySenderListener done.
INFO  - 2015-01-31 18:55:28.373; org.apache.solr.handler.component.SpellCheckComponent$SpellCheckerListener; Building spell index for spell checker: suggestDictionary
INFO  - 2015-01-31 18:55:28.373; org.apache.solr.spelling.suggest.Suggester; build()
INFO  - 2015-01-31 18:55:28.447; org.apache.solr.core.SolrCore; [ProductsCoreThird] Registered new searcher Searcher@36e1d94d[ProductsCoreThird] main{StandardDirectoryReader(segments_2:2012:nrt _ji(4.9):C2529 _kt(4.9):C6961 _lz(4.9):C3961 _p8(4.9):C3373 _na(4.9):C1681 _ol(4.9):C2596 _o8(4.9):C33 _qf(4.9):C1644 _nz(4.9):C45 _pl(4.9):C44 _pj(4.9):C44 _pg(4.9):C35 _pi(4.9):C47 _ps(4.9):C63 _py(4.9):C27 _pv(4.9):C23 _pw(4.9):C23 _q5(4.9):C27 _q1(4.9):C43 _q8(4.9):C19 _q4(4.9):C24 _q0(4.9):C28 _qc(4.9):C14 _qd(4.9):C13 _qe(4.9):C4 _q9(4.9):C16 _pz(4.9):C34 _q3(4.9):C25 _qb(4.9):C25 _q2(4.9):C32 _pu(4.9):C18 _q7(4.9):C16 _px(4.9):C42 _q6(4.9):C16 _qa(4.9):C17 _qq(4.9):C36 _qh(4.9):C52 _qk(4.9):C51 _qt(4.9):C39 _ql(4.9):C2 _qu(4.9):C54 _qj(4.9):C46 _qg(4.9):C14 _qz(4.9):C24 _r0(4.9):C31 _qm(4.9):C39 _qn(4.9):C31 _qw(4.9):C25 _qs(4.9):C16 _qv(4.9):C30 _qx(4.9):C20 _qr(4.9):C40 _qo(4.9):C40 _qi(4.9):C52 _qp(4.9):C41 _qy(4.9):C6)}
INFO  - 2015-01-31 18:55:28.448; org.apache.solr.update.DirectUpdateHandler2; start commit{,optimize=false,openSearcher=true,waitSearcher=true,expungeDeletes=false,softCommit=true,prepareCommit=false}
INFO  - 2015-01-31 18:55:51.651; org.apache.solr.handler.dataimport.DocBuilder; Import completed successfully
INFO  - 2015-01-31 18:55:55.320; org.apache.solr.handler.dataimport.DocBuilder; Import completed successfully
INFO  - 2015-01-31 18:56:02.823; org.apache.solr.core.SolrDeletionPolicy; SolrDeletionPolicy.onCommit: commits: num=2
	commit{dir=NRTCachingDirectory(MMapDirectory@/opt/migros/data/ProductsCoreThird/index lockFactory=NativeFSLockFactory@/opt/migros/data/ProductsCoreThird/index; maxCacheMB=48.0 maxMergeSizeMB=4.0),segFN=segments_2,generation=2}
	commit{dir=NRTCachingDirectory(MMapDirectory@/opt/migros/data/ProductsCoreThird/index lockFactory=NativeFSLockFactory@/opt/migros/data/ProductsCoreThird/index; maxCacheMB=48.0 maxMergeSizeMB=4.0),segFN=segments_3,generation=3}
INFO  - 2015-01-31 18:56:02.824; org.apache.solr.core.SolrDeletionPolicy; newest commit generation = 3
INFO  - 2015-01-31 18:56:08.735; org.apache.solr.handler.dataimport.DocBuilder; Import completed successfully
INFO  - 2015-01-31 18:56:15.504; org.apache.solr.handler.dataimport.DocBuilder; Import completed successfully
INFO  - 2015-01-31 18:56:20.079; org.apache.solr.search.SolrIndexSearcher; Opening Searcher@3823f75c[ProductsCoreThird] main
INFO  - 2015-01-31 18:56:20.085; org.apache.solr.update.DirectUpdateHandler2; end_commit_flush
INFO  - 2015-01-31 18:56:20.086; org.apache.solr.core.QuerySenderListener; QuerySenderListener sending requests to Searcher@3823f75c[ProductsCoreThird] main{StandardDirectoryReader(segments_3:2072:nrt _ji(4.9):C2529 _kt(4.9):C6961 _lz(4.9):C3961 _p8(4.9):C3373 _na(4.9):C1681 _ol(4.9):C2596 _rj(4.9):C1196 _qf(4.9):C1644 _nz(4.9):C45 _qs(4.9):C16 _qv(4.9):C30 _qx(4.9):C20 _qr(4.9):C40 _qo(4.9):C40 _qi(4.9):C52 _qp(4.9):C41 _qy(4.9):C6 _ri(4.9):C41 _r8(4.9):C8 _rd(4.9):C49 _r9(4.9):C25 _r5(4.9):C53 _rh(4.9):C39 _r3(4.9):C25 _r6(4.9):C27 _rg(4.9):C35 _rb(4.9):C14 _r2(4.9):C61 _ra(4.9):C64 _re(4.9):C12 _r7(4.9):C23 _rc(4.9):C31 _r4(4.9):C57 _r1(4.9):C36 _rf(4.9):C55 _rv(4.9):C79 _rp(4.9):C46 _rw(4.9):C87 _rn(4.9):C76 _rq(4.9):C43 _rr(4.9):C18 _ro(4.9):C24 _rm(4.9):C119 _rx(4.9):C47 _ru(4.9):C3 _rk(4.9):C101 _rt(4.9):C53 _rs(4.9):C36 _rl(4.9):C70)}
INFO  - 2015-01-31 18:56:20.086; org.apache.solr.core.QuerySenderListener; QuerySenderListener done.
WARN  - 2015-01-31 18:56:20.086; org.apache.solr.core.SolrCore; [ProductsCoreThird] PERFORMANCE WARNING: Overlapping onDeckSearchers=2
INFO  - 2015-01-31 18:56:20.086; org.apache.solr.handler.component.SpellCheckComponent$SpellCheckerListener; Building spell index for spell checker: suggestDictionary
INFO  - 2015-01-31 18:56:20.087; org.apache.solr.spelling.suggest.Suggester; build()
INFO  - 2015-01-31 18:56:20.164; org.apache.solr.core.SolrCore; [ProductsCoreThird] Registered new searcher Searcher@3823f75c[ProductsCoreThird] main{StandardDirectoryReader(segments_3:2072:nrt _ji(4.9):C2529 _kt(4.9):C6961 _lz(4.9):C3961 _p8(4.9):C3373 _na(4.9):C1681 _ol(4.9):C2596 _rj(4.9):C1196 _qf(4.9):C1644 _nz(4.9):C45 _qs(4.9):C16 _qv(4.9):C30 _qx(4.9):C20 _qr(4.9):C40 _qo(4.9):C40 _qi(4.9):C52 _qp(4.9):C41 _qy(4.9):C6 _ri(4.9):C41 _r8(4.9):C8 _rd(4.9):C49 _r9(4.9):C25 _r5(4.9):C53 _rh(4.9):C39 _r3(4.9):C25 _r6(4.9):C27 _rg(4.9):C35 _rb(4.9):C14 _r2(4.9):C61 _ra(4.9):C64 _re(4.9):C12 _r7(4.9):C23 _rc(4.9):C31 _r4(4.9):C57 _r1(4.9):C36 _rf(4.9):C55 _rv(4.9):C79 _rp(4.9):C46 _rw(4.9):C87 _rn(4.9):C76 _rq(4.9):C43 _rr(4.9):C18 _ro(4.9):C24 _rm(4.9):C119 _rx(4.9):C47 _ru(4.9):C3 _rk(4.9):C101 _rt(4.9):C53 _rs(4.9):C36 _rl(4.9):C70)}
INFO  - 2015-01-31 18:56:20.168; org.apache.solr.update.DirectUpdateHandler2; start commit{,optimize=false,openSearcher=true,waitSearcher=true,expungeDeletes=false,softCommit=true,prepareCommit=false}
INFO  - 2015-01-31 18:56:27.425; org.apache.solr.search.SolrIndexSearcher; Opening Searcher@5a6a5397[ProductsCoreThird] main
INFO  - 2015-01-31 18:56:27.586; org.apache.solr.core.QuerySenderListener; QuerySenderListener sending requests to Searcher@5a6a5397[ProductsCoreThird] main{StandardDirectoryReader(segments_3:2096:nrt _ji(4.9):C2529 _kt(4.9):C6961 _lz(4.9):C3961 _p8(4.9):C3373 _sa(4.9):C6129 _ol(4.9):C2596 _r8(4.9):C8 _r3(4.9):C25 _rs(4.9):C36 _rl(4.9):C70 _s5(4.9):C35 _rz(4.9):C86 _s1(4.9):C66 _s0(4.9):C21 _s3(4.9):C51 _s2(4.9):C92 _s7(4.9):C13 _s9(4.9):C18 _ry(4.9):C103 _s4(4.9):C58 _s6(4.9):C53 _s8(4.9):C48)}
INFO  - 2015-01-31 18:56:27.586; org.apache.solr.core.QuerySenderListener; QuerySenderListener done.
INFO  - 2015-01-31 18:56:27.587; org.apache.solr.handler.component.SpellCheckComponent$SpellCheckerListener; Building spell index for spell checker: suggestDictionary
INFO  - 2015-01-31 18:56:27.587; org.apache.solr.spelling.suggest.Suggester; build()
INFO  - 2015-01-31 18:56:27.636; org.apache.solr.update.DirectUpdateHandler2; end_commit_flush
WARN  - 2015-01-31 18:56:27.636; org.apache.solr.core.SolrCore; [ProductsCoreThird] PERFORMANCE WARNING: Overlapping onDeckSearchers=2
INFO  - 2015-01-31 18:56:27.636; org.apache.solr.update.DirectUpdateHandler2; start commit{,optimize=false,openSearcher=true,waitSearcher=true,expungeDeletes=false,softCommit=false,prepareCommit=false}
INFO  - 2015-01-31 18:56:27.677; org.apache.solr.core.SolrCore; [ProductsCoreThird] Registered new searcher Searcher@5a6a5397[ProductsCoreThird] main{StandardDirectoryReader(segments_3:2096:nrt _ji(4.9):C2529 _kt(4.9):C6961 _lz(4.9):C3961 _p8(4.9):C3373 _sa(4.9):C6129 _ol(4.9):C2596 _r8(4.9):C8 _r3(4.9):C25 _rs(4.9):C36 _rl(4.9):C70 _s5(4.9):C35 _rz(4.9):C86 _s1(4.9):C66 _s0(4.9):C21 _s3(4.9):C51 _s2(4.9):C92 _s7(4.9):C13 _s9(4.9):C18 _ry(4.9):C103 _s4(4.9):C58 _s6(4.9):C53 _s8(4.9):C48)}
WARN  - 2015-01-31 18:56:27.706; org.apache.solr.handler.dataimport.SimplePropertiesWriter; Unable to read: dataimport13.properties
INFO  - 2015-01-31 18:56:27.707; org.apache.solr.handler.dataimport.SimplePropertiesWriter; Wrote last indexed time to dataimport13.properties
INFO  - 2015-01-31 18:56:27.707; org.apache.solr.handler.dataimport.DocBuilder; Time taken = 0:17:4.518
INFO  - 2015-01-31 18:56:27.707; org.apache.solr.update.processor.LogUpdateProcessor; [ProductsCoreThird] webapp=/migrossolr path=/dataimport13 params={debug=false&optimize=false&indent=true&commit=true&clean=true&rows=1500&wt=json&command=full-import&verbose=false} status=0 QTime=12 {deleteByQuery=*:* (-1491840075998167040),add=[835363 (1491840076417597440), 847463 (1491840076490997760), 848794 (1491840076514066432), 835484 (1491840076533989376), 810195 (1491840076628361216), 847584 (1491840076792987648), 845043 (1491840076831784960), 846374 (1491840076851707904), 701295 (1491840076925108225), 821085 (1491840076964954112), ... (1311 adds)],commit=} 0 12
INFO  - 2015-01-31 18:56:35.127; org.apache.solr.handler.dataimport.DocBuilder; Import completed successfully
INFO  - 2015-01-31 18:56:43.002; org.apache.solr.search.SolrIndexSearcher; Opening Searcher@b2c9346[ProductsCoreThird] main
INFO  - 2015-01-31 18:56:43.009; org.apache.solr.update.DirectUpdateHandler2; end_commit_flush
INFO  - 2015-01-31 18:56:43.009; org.apache.solr.core.QuerySenderListener; QuerySenderListener sending requests to Searcher@b2c9346[ProductsCoreThird] main{StandardDirectoryReader(segments_3:2118:nrt _ji(4.9):C2529 _kt(4.9):C6961 _lz(4.9):C3961 _p8(4.9):C3373 _sa(4.9):C6129 _ol(4.9):C2596 _r8(4.9):C8 _r3(4.9):C25 _rs(4.9):C36 _rl(4.9):C70 _s5(4.9):C35 _rz(4.9):C86 _s1(4.9):C66 _s0(4.9):C21 _s3(4.9):C51 _s2(4.9):C92 _s7(4.9):C13 _s9(4.9):C18 _ry(4.9):C103 _s4(4.9):C58 _s6(4.9):C53 _s8(4.9):C48 _sh(4.9):C21 _sf(4.9):C16 _sd(4.9):C23 _sk(4.9):C27 _sl(4.9):C14 _sj(4.9):C13 _sc(4.9):C28 _si(4.9):C10 _sg(4.9):C12 _sb(4.9):C26 _se(4.9):C13)}
INFO  - 2015-01-31 18:56:43.009; org.apache.solr.core.QuerySenderListener; QuerySenderListener done.
INFO  - 2015-01-31 18:56:43.009; org.apache.solr.handler.component.SpellCheckComponent$SpellCheckerListener; Building spell index for spell checker: suggestDictionary
INFO  - 2015-01-31 18:56:43.009; org.apache.solr.spelling.suggest.Suggester; build()
INFO  - 2015-01-31 18:56:43.085; org.apache.solr.core.SolrCore; [ProductsCoreThird] Registered new searcher Searcher@b2c9346[ProductsCoreThird] main{StandardDirectoryReader(segments_3:2118:nrt _ji(4.9):C2529 _kt(4.9):C6961 _lz(4.9):C3961 _p8(4.9):C3373 _sa(4.9):C6129 _ol(4.9):C2596 _r8(4.9):C8 _r3(4.9):C25 _rs(4.9):C36 _rl(4.9):C70 _s5(4.9):C35 _rz(4.9):C86 _s1(4.9):C66 _s0(4.9):C21 _s3(4.9):C51 _s2(4.9):C92 _s7(4.9):C13 _s9(4.9):C18 _ry(4.9):C103 _s4(4.9):C58 _s6(4.9):C53 _s8(4.9):C48 _sh(4.9):C21 _sf(4.9):C16 _sd(4.9):C23 _sk(4.9):C27 _sl(4.9):C14 _sj(4.9):C13 _sc(4.9):C28 _si(4.9):C10 _sg(4.9):C12 _sb(4.9):C26 _se(4.9):C13)}
INFO  - 2015-01-31 18:56:43.086; org.apache.solr.update.DirectUpdateHandler2; start commit{,optimize=false,openSearcher=true,waitSearcher=true,expungeDeletes=false,softCommit=true,prepareCommit=false}
INFO  - 2015-01-31 18:56:43.517; org.apache.solr.handler.dataimport.DocBuilder; Import completed successfully
INFO  - 2015-01-31 18:56:43.718; org.apache.solr.core.SolrCore; [ProductsCoreThird] webapp=/migrossolr path=/admin/mbeans params={cat=QUERYHANDLER&wt=json&_=1422730602537} status=0 QTime=0 
INFO  - 2015-01-31 18:56:44.113; org.apache.solr.core.SolrCore; [ProductsCoreThird] webapp=/migrossolr path=/dataimport6 params={indent=true&command=show-config&_=1422730602537} status=0 QTime=1 
INFO  - 2015-01-31 18:56:44.113; org.apache.solr.core.SolrCore; [ProductsCoreThird] webapp=/migrossolr path=/dataimport6 params={indent=true&wt=json&command=status&_=1422730602539} status=0 QTime=0 
INFO  - 2015-01-31 18:56:45.939; org.apache.solr.handler.dataimport.DocBuilder; Import completed successfully
INFO  - 2015-01-31 18:56:46.268; org.apache.solr.handler.dataimport.DocBuilder; Import completed successfully
INFO  - 2015-01-31 18:56:52.477; org.apache.solr.core.SolrCore; [ProductsCoreThird] webapp=/migrossolr path=/admin/mbeans params={cat=QUERYHANDLER&wt=json&_=1422730611319} status=0 QTime=1 
INFO  - 2015-01-31 18:56:52.485; org.apache.solr.core.SolrCore; [ProductsCoreThird] webapp=/migrossolr path=/dataimport7 params={indent=true&command=show-config&_=1422730611319} status=0 QTime=1 
INFO  - 2015-01-31 18:56:52.485; org.apache.solr.core.SolrCore; [ProductsCoreThird] webapp=/migrossolr path=/dataimport7 params={indent=true&wt=json&command=status&_=1422730611322} status=0 QTime=0 
INFO  - 2015-01-31 18:56:52.830; org.apache.solr.handler.dataimport.DocBuilder; Import completed successfully
INFO  - 2015-01-31 18:56:54.925; org.apache.solr.core.SolrCore; [ProductsCoreThird] webapp=/migrossolr path=/admin/mbeans params={cat=QUERYHANDLER&wt=json&_=1422730613748} status=0 QTime=1 
INFO  - 2015-01-31 18:56:54.926; org.apache.solr.core.SolrCore; [ProductsCoreThird] webapp=/migrossolr path=/dataimport6 params={indent=true&command=show-config&_=1422730613750} status=0 QTime=1 
INFO  - 2015-01-31 18:56:54.926; org.apache.solr.core.SolrCore; [ProductsCoreThird] webapp=/migrossolr path=/dataimport6 params={indent=true&wt=json&command=status&_=1422730613750} status=0 QTime=0 
INFO  - 2015-01-31 18:56:57.720; org.apache.solr.core.SolrDeletionPolicy; SolrDeletionPolicy.onCommit: commits: num=2
	commit{dir=NRTCachingDirectory(MMapDirectory@/opt/migros/data/ProductsCoreThird/index lockFactory=NativeFSLockFactory@/opt/migros/data/ProductsCoreThird/index; maxCacheMB=48.0 maxMergeSizeMB=4.0),segFN=segments_3,generation=3}
	commit{dir=NRTCachingDirectory(MMapDirectory@/opt/migros/data/ProductsCoreThird/index lockFactory=NativeFSLockFactory@/opt/migros/data/ProductsCoreThird/index; maxCacheMB=48.0 maxMergeSizeMB=4.0),segFN=segments_4,generation=4}
INFO  - 2015-01-31 18:56:57.720; org.apache.solr.core.SolrDeletionPolicy; newest commit generation = 4
INFO  - 2015-01-31 18:57:03.318; org.apache.solr.handler.dataimport.DocBuilder; Import completed successfully
INFO  - 2015-01-31 18:57:03.396; org.apache.solr.search.SolrIndexSearcher; Opening Searcher@1be0ffc9[ProductsCoreThird] main
INFO  - 2015-01-31 18:57:03.403; org.apache.solr.update.DirectUpdateHandler2; end_commit_flush
WARN  - 2015-01-31 18:57:03.403; org.apache.solr.core.SolrCore; [ProductsCoreThird] PERFORMANCE WARNING: Overlapping onDeckSearchers=2
INFO  - 2015-01-31 18:57:03.403; org.apache.solr.core.QuerySenderListener; QuerySenderListener sending requests to Searcher@1be0ffc9[ProductsCoreThird] main{StandardDirectoryReader(segments_4:2154:nrt _ji(4.9):C2529 _kt(4.9):C6961 _lz(4.9):C3961 _p8(4.9):C3373 _sa(4.9):C6129 _ol(4.9):C2596 _r8(4.9):C8 _r3(4.9):C25 _rs(4.9):C36 _rl(4.9):C70 _s5(4.9):C35 _rz(4.9):C86 _s1(4.9):C66 _s0(4.9):C21 _s3(4.9):C51 _s2(4.9):C92 _s7(4.9):C13 _s9(4.9):C18 _ry(4.9):C103 _s4(4.9):C58 _s6(4.9):C53 _s8(4.9):C48 _sh(4.9):C21 _sf(4.9):C16 _sd(4.9):C23 _sk(4.9):C27 _sl(4.9):C14 _sj(4.9):C13 _sc(4.9):C28 _si(4.9):C10 _sg(4.9):C12 _sb(4.9):C26 _se(4.9):C13 _ss(4.9):C21 _so(4.9):C54 _sp(4.9):C56 _sr(4.9):C27 _su(4.9):C40 _sw(4.9):C52 _sm(4.9):C47 _sq(4.9):C45 _sn(4.9):C49 _sv(4.9):C40 _st(4.9):C18 _t3(4.9):C17 _sx(4.9):C31 _t0(4.9):C76 _sz(4.9):C17 _t2(4.9):C39 _t5(4.9):C14 _t1(4.9):C21 _t4(4.9):C27 _sy(4.9):C26)}
INFO  - 2015-01-31 18:57:03.404; org.apache.solr.core.QuerySenderListener; QuerySenderListener done.
INFO  - 2015-01-31 18:57:03.404; org.apache.solr.handler.component.SpellCheckComponent$SpellCheckerListener; Building spell index for spell checker: suggestDictionary
INFO  - 2015-01-31 18:57:03.404; org.apache.solr.spelling.suggest.Suggester; build()
INFO  - 2015-01-31 18:57:03.487; org.apache.solr.core.SolrCore; [ProductsCoreThird] Registered new searcher Searcher@1be0ffc9[ProductsCoreThird] main{StandardDirectoryReader(segments_4:2154:nrt _ji(4.9):C2529 _kt(4.9):C6961 _lz(4.9):C3961 _p8(4.9):C3373 _sa(4.9):C6129 _ol(4.9):C2596 _r8(4.9):C8 _r3(4.9):C25 _rs(4.9):C36 _rl(4.9):C70 _s5(4.9):C35 _rz(4.9):C86 _s1(4.9):C66 _s0(4.9):C21 _s3(4.9):C51 _s2(4.9):C92 _s7(4.9):C13 _s9(4.9):C18 _ry(4.9):C103 _s4(4.9):C58 _s6(4.9):C53 _s8(4.9):C48 _sh(4.9):C21 _sf(4.9):C16 _sd(4.9):C23 _sk(4.9):C27 _sl(4.9):C14 _sj(4.9):C13 _sc(4.9):C28 _si(4.9):C10 _sg(4.9):C12 _sb(4.9):C26 _se(4.9):C13 _ss(4.9):C21 _so(4.9):C54 _sp(4.9):C56 _sr(4.9):C27 _su(4.9):C40 _sw(4.9):C52 _sm(4.9):C47 _sq(4.9):C45 _sn(4.9):C49 _sv(4.9):C40 _st(4.9):C18 _t3(4.9):C17 _sx(4.9):C31 _t0(4.9):C76 _sz(4.9):C17 _t2(4.9):C39 _t5(4.9):C14 _t1(4.9):C21 _t4(4.9):C27 _sy(4.9):C26)}
INFO  - 2015-01-31 18:57:03.488; org.apache.solr.update.DirectUpdateHandler2; start commit{,optimize=false,openSearcher=true,waitSearcher=true,expungeDeletes=false,softCommit=true,prepareCommit=false}
INFO  - 2015-01-31 18:57:03.507; org.apache.solr.core.SolrCore; [ProductsCoreThird] webapp=/migrossolr path=/admin/mbeans params={cat=QUERYHANDLER&wt=json&_=1422730622332} status=0 QTime=1 
INFO  - 2015-01-31 18:57:03.510; org.apache.solr.core.SolrCore; [ProductsCoreThird] webapp=/migrossolr path=/dataimport7 params={indent=true&command=show-config&_=1422730622332} status=0 QTime=1 
INFO  - 2015-01-31 18:57:03.510; org.apache.solr.core.SolrCore; [ProductsCoreThird] webapp=/migrossolr path=/dataimport7 params={indent=true&wt=json&command=status&_=1422730622336} status=0 QTime=0 
INFO  - 2015-01-31 18:57:06.314; org.apache.solr.search.SolrIndexSearcher; Opening Searcher@52db3747[ProductsCoreThird] main
INFO  - 2015-01-31 18:57:06.317; org.apache.solr.core.QuerySenderListener; QuerySenderListener sending requests to Searcher@52db3747[ProductsCoreThird] main{StandardDirectoryReader(segments_4:2166:nrt _ji(4.9):C2529 _kt(4.9):C6961 _lz(4.9):C3961 _p8(4.9):C3373 _sa(4.9):C6129 _ol(4.9):C2596 _tc(4.9):C1411 _rs(4.9):C36 _s0(4.9):C21 _ry(4.9):C103 _s4(4.9):C58 _t1(4.9):C21 _t4(4.9):C27 _sy(4.9):C26 _tb(4.9):C10 _t7(4.9):C57 _ta(4.9):C44 _t9(4.9):C41 _t8(4.9):C17 _t6(4.9):C16)}
INFO  - 2015-01-31 18:57:06.317; org.apache.solr.core.QuerySenderListener; QuerySenderListener done.
INFO  - 2015-01-31 18:57:06.317; org.apache.solr.handler.component.SpellCheckComponent$SpellCheckerListener; Building spell index for spell checker: suggestDictionary
INFO  - 2015-01-31 18:57:06.317; org.apache.solr.spelling.suggest.Suggester; build()
INFO  - 2015-01-31 18:57:06.322; org.apache.solr.update.DirectUpdateHandler2; end_commit_flush
INFO  - 2015-01-31 18:57:06.322; org.apache.solr.update.DirectUpdateHandler2; start commit{,optimize=false,openSearcher=true,waitSearcher=true,expungeDeletes=false,softCommit=false,prepareCommit=false}
WARN  - 2015-01-31 18:57:06.323; org.apache.solr.core.SolrCore; [ProductsCoreThird] PERFORMANCE WARNING: Overlapping onDeckSearchers=2
INFO  - 2015-01-31 18:57:06.388; org.apache.solr.core.SolrCore; [ProductsCoreThird] Registered new searcher Searcher@52db3747[ProductsCoreThird] main{StandardDirectoryReader(segments_4:2166:nrt _ji(4.9):C2529 _kt(4.9):C6961 _lz(4.9):C3961 _p8(4.9):C3373 _sa(4.9):C6129 _ol(4.9):C2596 _tc(4.9):C1411 _rs(4.9):C36 _s0(4.9):C21 _ry(4.9):C103 _s4(4.9):C58 _t1(4.9):C21 _t4(4.9):C27 _sy(4.9):C26 _tb(4.9):C10 _t7(4.9):C57 _ta(4.9):C44 _t9(4.9):C41 _t8(4.9):C17 _t6(4.9):C16)}
WARN  - 2015-01-31 18:57:06.395; org.apache.solr.handler.dataimport.SimplePropertiesWriter; Unable to read: dataimport15.properties
INFO  - 2015-01-31 18:57:06.395; org.apache.solr.handler.dataimport.SimplePropertiesWriter; Wrote last indexed time to dataimport15.properties
INFO  - 2015-01-31 18:57:06.395; org.apache.solr.handler.dataimport.DocBuilder; Time taken = 0:18:0.375
INFO  - 2015-01-31 18:57:06.395; org.apache.solr.update.processor.LogUpdateProcessor; [ProductsCoreThird] webapp=/migrossolr path=/dataimport15 params={debug=false&optimize=false&indent=true&commit=true&clean=true&rows=1500&wt=json&command=full-import&verbose=false} status=0 QTime=16 {deleteByQuery=*:* (-1491840058246823936),add=[236591 (1491840058756431872), 848114 (1491840058837172224), 849445 (1491840058853949440), 836135 (1491840058873872384), 837466 (1491840058917912576), 848235 (1491840060011577344), 849566 (1491840060028354560), 836256 (1491840060041986048), 837587 (1491840060056666112), 849687 (1491840060080783360), ... (1311 adds)],commit=} 0 16
INFO  - 2015-01-31 18:57:06.837; org.apache.solr.handler.dataimport.DocBuilder; Import completed successfully
INFO  - 2015-01-31 18:57:08.295; org.apache.solr.search.SolrIndexSearcher; Opening Searcher@1d308364[ProductsCoreThird] main
INFO  - 2015-01-31 18:57:08.300; org.apache.solr.update.DirectUpdateHandler2; end_commit_flush
INFO  - 2015-01-31 18:57:08.300; org.apache.solr.core.QuerySenderListener; QuerySenderListener sending requests to Searcher@1d308364[ProductsCoreThird] main{StandardDirectoryReader(segments_4:2176:nrt _ji(4.9):C2529 _kt(4.9):C6961 _lz(4.9):C3961 _p8(4.9):C3373 _sa(4.9):C6129 _ol(4.9):C2596 _tc(4.9):C1411 _rs(4.9):C36 _s0(4.9):C21 _ry(4.9):C103 _s4(4.9):C58 _t1(4.9):C21 _t4(4.9):C27 _sy(4.9):C26 _tb(4.9):C10 _t7(4.9):C57 _ta(4.9):C44 _t9(4.9):C41 _t8(4.9):C17 _t6(4.9):C16 _tf(4.9):C19 _th(4.9):C2 _td(4.9):C8 _tg(4.9):C9 _te(4.9):C16)}
INFO  - 2015-01-31 18:57:08.300; org.apache.solr.core.QuerySenderListener; QuerySenderListener done.
INFO  - 2015-01-31 18:57:08.300; org.apache.solr.handler.component.SpellCheckComponent$SpellCheckerListener; Building spell index for spell checker: suggestDictionary
INFO  - 2015-01-31 18:57:08.300; org.apache.solr.spelling.suggest.Suggester; build()
INFO  - 2015-01-31 18:57:08.370; org.apache.solr.core.SolrCore; [ProductsCoreThird] Registered new searcher Searcher@1d308364[ProductsCoreThird] main{StandardDirectoryReader(segments_4:2176:nrt _ji(4.9):C2529 _kt(4.9):C6961 _lz(4.9):C3961 _p8(4.9):C3373 _sa(4.9):C6129 _ol(4.9):C2596 _tc(4.9):C1411 _rs(4.9):C36 _s0(4.9):C21 _ry(4.9):C103 _s4(4.9):C58 _t1(4.9):C21 _t4(4.9):C27 _sy(4.9):C26 _tb(4.9):C10 _t7(4.9):C57 _ta(4.9):C44 _t9(4.9):C41 _t8(4.9):C17 _t6(4.9):C16 _tf(4.9):C19 _th(4.9):C2 _td(4.9):C8 _tg(4.9):C9 _te(4.9):C16)}
INFO  - 2015-01-31 18:57:08.371; org.apache.solr.update.DirectUpdateHandler2; start commit{,optimize=false,openSearcher=true,waitSearcher=true,expungeDeletes=false,softCommit=true,prepareCommit=false}
INFO  - 2015-01-31 18:57:09.076; org.apache.solr.core.SolrCore; [ProductsCoreThird] webapp=/migrossolr path=/admin/mbeans params={cat=QUERYHANDLER&wt=json&_=1422730627917} status=0 QTime=1 
INFO  - 2015-01-31 18:57:09.093; org.apache.solr.core.SolrCore; [ProductsCoreThird] webapp=/migrossolr path=/dataimport6 params={indent=true&command=show-config&_=1422730627917} status=0 QTime=1 
INFO  - 2015-01-31 18:57:09.093; org.apache.solr.core.SolrCore; [ProductsCoreThird] webapp=/migrossolr path=/dataimport6 params={indent=true&wt=json&command=status&_=1422730627920} status=0 QTime=0 
INFO  - 2015-01-31 18:57:13.652; org.apache.solr.search.SolrIndexSearcher; Opening Searcher@5756d06a[ProductsCoreThird] main
INFO  - 2015-01-31 18:57:13.656; org.apache.solr.update.DirectUpdateHandler2; end_commit_flush
INFO  - 2015-01-31 18:57:13.656; org.apache.solr.core.QuerySenderListener; QuerySenderListener sending requests to Searcher@5756d06a[ProductsCoreThird] main{StandardDirectoryReader(segments_4:2193:nrt _ji(4.9):C2529 _kt(4.9):C6961 _lz(4.9):C3961 _p8(4.9):C3373 _sa(4.9):C6129 _ol(4.9):C2596 _tc(4.9):C1411 _rs(4.9):C36 _s0(4.9):C21 _ry(4.9):C103 _s4(4.9):C58 _t1(4.9):C21 _t4(4.9):C27 _sy(4.9):C26 _tb(4.9):C10 _t7(4.9):C57 _ta(4.9):C44 _t9(4.9):C41 _t8(4.9):C17 _t6(4.9):C16 _tf(4.9):C19 _th(4.9):C2 _td(4.9):C8 _tg(4.9):C9 _te(4.9):C16 _tl(4.9):C8 _tj(4.9):C9 _tm(4.9):C13 _tk(4.9):C10 _ti(4.9):C7 _tn(4.9):C3 _tq(4.9):C4 _tp(4.9):C3 _to(4.9):C12)}
INFO  - 2015-01-31 18:57:13.657; org.apache.solr.core.QuerySenderListener; QuerySenderListener done.
INFO  - 2015-01-31 18:57:13.657; org.apache.solr.handler.component.SpellCheckComponent$SpellCheckerListener; Building spell index for spell checker: suggestDictionary
INFO  - 2015-01-31 18:57:13.657; org.apache.solr.spelling.suggest.Suggester; build()
INFO  - 2015-01-31 18:57:13.668; org.apache.solr.core.SolrCore; [ProductsCoreThird] webapp=/migrossolr path=/admin/mbeans params={cat=QUERYHANDLER&wt=json&_=1422730632505} status=0 QTime=1 
INFO  - 2015-01-31 18:57:13.669; org.apache.solr.core.SolrCore; [ProductsCoreThird] webapp=/migrossolr path=/dataimport7 params={indent=true&command=show-config&_=1422730632505} status=0 QTime=0 
INFO  - 2015-01-31 18:57:13.673; org.apache.solr.core.SolrCore; [ProductsCoreThird] webapp=/migrossolr path=/dataimport7 params={indent=true&wt=json&command=status&_=1422730632507} status=0 QTime=0 
INFO  - 2015-01-31 18:57:13.747; org.apache.solr.core.SolrCore; [ProductsCoreThird] Registered new searcher Searcher@5756d06a[ProductsCoreThird] main{StandardDirectoryReader(segments_4:2193:nrt _ji(4.9):C2529 _kt(4.9):C6961 _lz(4.9):C3961 _p8(4.9):C3373 _sa(4.9):C6129 _ol(4.9):C2596 _tc(4.9):C1411 _rs(4.9):C36 _s0(4.9):C21 _ry(4.9):C103 _s4(4.9):C58 _t1(4.9):C21 _t4(4.9):C27 _sy(4.9):C26 _tb(4.9):C10 _t7(4.9):C57 _ta(4.9):C44 _t9(4.9):C41 _t8(4.9):C17 _t6(4.9):C16 _tf(4.9):C19 _th(4.9):C2 _td(4.9):C8 _tg(4.9):C9 _te(4.9):C16 _tl(4.9):C8 _tj(4.9):C9 _tm(4.9):C13 _tk(4.9):C10 _ti(4.9):C7 _tn(4.9):C3 _tq(4.9):C4 _tp(4.9):C3 _to(4.9):C12)}
INFO  - 2015-01-31 18:57:13.747; org.apache.solr.update.DirectUpdateHandler2; start commit{,optimize=false,openSearcher=true,waitSearcher=true,expungeDeletes=false,softCommit=true,prepareCommit=false}
INFO  - 2015-01-31 18:57:14.125; org.apache.solr.core.SolrDeletionPolicy; SolrDeletionPolicy.onCommit: commits: num=2
	commit{dir=NRTCachingDirectory(MMapDirectory@/opt/migros/data/ProductsCoreThird/index lockFactory=NativeFSLockFactory@/opt/migros/data/ProductsCoreThird/index; maxCacheMB=48.0 maxMergeSizeMB=4.0),segFN=segments_4,generation=4}
	commit{dir=NRTCachingDirectory(MMapDirectory@/opt/migros/data/ProductsCoreThird/index lockFactory=NativeFSLockFactory@/opt/migros/data/ProductsCoreThird/index; maxCacheMB=48.0 maxMergeSizeMB=4.0),segFN=segments_5,generation=5}
INFO  - 2015-01-31 18:57:14.126; org.apache.solr.core.SolrDeletionPolicy; newest commit generation = 5
INFO  - 2015-01-31 18:57:15.089; org.apache.solr.handler.dataimport.DocBuilder; Import completed successfully
INFO  - 2015-01-31 18:57:16.716; org.apache.solr.core.SolrCore; [ProductsCoreThird] webapp=/migrossolr path=/admin/mbeans params={cat=QUERYHANDLER&wt=json&_=1422730635532} status=0 QTime=0 
INFO  - 2015-01-31 18:57:16.718; org.apache.solr.core.SolrCore; [ProductsCoreThird] webapp=/migrossolr path=/dataimport8 params={indent=true&command=show-config&_=1422730635532} status=0 QTime=1 
INFO  - 2015-01-31 18:57:16.718; org.apache.solr.core.SolrCore; [ProductsCoreThird] webapp=/migrossolr path=/dataimport8 params={indent=true&wt=json&command=status&_=1422730635535} status=0 QTime=0 
INFO  - 2015-01-31 18:57:20.029; org.apache.solr.core.SolrCore; [ProductsCoreThird] webapp=/migrossolr path=/admin/mbeans params={cat=QUERYHANDLER&wt=json&_=1422730638866} status=0 QTime=1 
INFO  - 2015-01-31 18:57:20.031; org.apache.solr.core.SolrCore; [ProductsCoreThird] webapp=/migrossolr path=/dataimport10 params={indent=true&command=show-config&_=1422730638866} status=0 QTime=0 
INFO  - 2015-01-31 18:57:20.033; org.apache.solr.core.SolrCore; [ProductsCoreThird] webapp=/migrossolr path=/dataimport10 params={indent=true&wt=json&command=status&_=1422730638868} status=0 QTime=0 
INFO  - 2015-01-31 18:57:21.132; org.apache.solr.search.SolrIndexSearcher; Opening Searcher@7bd722e6[ProductsCoreThird] main
INFO  - 2015-01-31 18:57:21.137; org.apache.solr.update.DirectUpdateHandler2; end_commit_flush
WARN  - 2015-01-31 18:57:21.137; org.apache.solr.core.SolrCore; [ProductsCoreThird] PERFORMANCE WARNING: Overlapping onDeckSearchers=2
INFO  - 2015-01-31 18:57:21.137; org.apache.solr.core.QuerySenderListener; QuerySenderListener sending requests to Searcher@7bd722e6[ProductsCoreThird] main{StandardDirectoryReader(segments_5:2200:nrt _ji(4.9):C2529 _kt(4.9):C6961 _lz(4.9):C3961 _p8(4.9):C3373 _sa(4.9):C6129 _ol(4.9):C2596 _tc(4.9):C1411 _rs(4.9):C36 _s0(4.9):C21 _ry(4.9):C103 _s4(4.9):C58 _t1(4.9):C21 _t4(4.9):C27 _sy(4.9):C26 _tb(4.9):C10 _t7(4.9):C57 _ta(4.9):C44 _t9(4.9):C41 _t8(4.9):C17 _t6(4.9):C16 _tf(4.9):C19 _th(4.9):C2 _td(4.9):C8 _tg(4.9):C9 _te(4.9):C16 _tl(4.9):C8 _tj(4.9):C9 _tm(4.9):C13 _tk(4.9):C10 _ti(4.9):C7 _tn(4.9):C3 _tq(4.9):C4 _tp(4.9):C3 _to(4.9):C12 _ts(4.9):C9 _tr(4.9):C29 _tt(4.9):C17 _tu(4.9):C42)}
INFO  - 2015-01-31 18:57:21.137; org.apache.solr.core.QuerySenderListener; QuerySenderListener done.
INFO  - 2015-01-31 18:57:21.137; org.apache.solr.handler.component.SpellCheckComponent$SpellCheckerListener; Building spell index for spell checker: suggestDictionary
INFO  - 2015-01-31 18:57:21.137; org.apache.solr.spelling.suggest.Suggester; build()
INFO  - 2015-01-31 18:57:21.218; org.apache.solr.core.SolrCore; [ProductsCoreThird] Registered new searcher Searcher@7bd722e6[ProductsCoreThird] main{StandardDirectoryReader(segments_5:2200:nrt _ji(4.9):C2529 _kt(4.9):C6961 _lz(4.9):C3961 _p8(4.9):C3373 _sa(4.9):C6129 _ol(4.9):C2596 _tc(4.9):C1411 _rs(4.9):C36 _s0(4.9):C21 _ry(4.9):C103 _s4(4.9):C58 _t1(4.9):C21 _t4(4.9):C27 _sy(4.9):C26 _tb(4.9):C10 _t7(4.9):C57 _ta(4.9):C44 _t9(4.9):C41 _t8(4.9):C17 _t6(4.9):C16 _tf(4.9):C19 _th(4.9):C2 _td(4.9):C8 _tg(4.9):C9 _te(4.9):C16 _tl(4.9):C8 _tj(4.9):C9 _tm(4.9):C13 _tk(4.9):C10 _ti(4.9):C7 _tn(4.9):C3 _tq(4.9):C4 _tp(4.9):C3 _to(4.9):C12 _ts(4.9):C9 _tr(4.9):C29 _tt(4.9):C17 _tu(4.9):C42)}
INFO  - 2015-01-31 18:57:21.219; org.apache.solr.update.DirectUpdateHandler2; start commit{,optimize=false,openSearcher=true,waitSearcher=true,expungeDeletes=false,softCommit=true,prepareCommit=false}
INFO  - 2015-01-31 18:57:21.625; org.apache.solr.search.SolrIndexSearcher; Opening Searcher@33a475c6[ProductsCoreThird] main
INFO  - 2015-01-31 18:57:21.631; org.apache.solr.core.QuerySenderListener; QuerySenderListener sending requests to Searcher@33a475c6[ProductsCoreThird] main{StandardDirectoryReader(segments_5:2206:nrt _ji(4.9):C2529 _kt(4.9):C6961 _lz(4.9):C3961 _p8(4.9):C3373 _sa(4.9):C6129 _ol(4.9):C2596 _tc(4.9):C1411 _rs(4.9):C36 _s0(4.9):C21 _ry(4.9):C103 _s4(4.9):C58 _t1(4.9):C21 _t4(4.9):C27 _sy(4.9):C26 _tb(4.9):C10 _t7(4.9):C57 _ta(4.9):C44 _t9(4.9):C41 _t8(4.9):C17 _t6(4.9):C16 _tf(4.9):C19 _th(4.9):C2 _td(4.9):C8 _tg(4.9):C9 _te(4.9):C16 _tl(4.9):C8 _tj(4.9):C9 _tm(4.9):C13 _tk(4.9):C10 _ti(4.9):C7 _tn(4.9):C3 _tq(4.9):C4 _tp(4.9):C3 _to(4.9):C12 _ts(4.9):C9 _tr(4.9):C29 _tt(4.9):C17 _tu(4.9):C42 _tw(4.9):C24 _tv(4.9):C40 _tx(4.9):C29)}
INFO  - 2015-01-31 18:57:21.631; org.apache.solr.core.QuerySenderListener; QuerySenderListener done.
INFO  - 2015-01-31 18:57:21.631; org.apache.solr.handler.component.SpellCheckComponent$SpellCheckerListener; Building spell index for spell checker: suggestDictionary
INFO  - 2015-01-31 18:57:21.632; org.apache.solr.spelling.suggest.Suggester; build()
INFO  - 2015-01-31 18:57:21.635; org.apache.solr.update.DirectUpdateHandler2; end_commit_flush
WARN  - 2015-01-31 18:57:21.635; org.apache.solr.core.SolrCore; [ProductsCoreThird] PERFORMANCE WARNING: Overlapping onDeckSearchers=2
INFO  - 2015-01-31 18:57:21.636; org.apache.solr.update.DirectUpdateHandler2; start commit{,optimize=false,openSearcher=true,waitSearcher=true,expungeDeletes=false,softCommit=false,prepareCommit=false}
INFO  - 2015-01-31 18:57:21.707; org.apache.solr.core.SolrCore; [ProductsCoreThird] Registered new searcher Searcher@33a475c6[ProductsCoreThird] main{StandardDirectoryReader(segments_5:2206:nrt _ji(4.9):C2529 _kt(4.9):C6961 _lz(4.9):C3961 _p8(4.9):C3373 _sa(4.9):C6129 _ol(4.9):C2596 _tc(4.9):C1411 _rs(4.9):C36 _s0(4.9):C21 _ry(4.9):C103 _s4(4.9):C58 _t1(4.9):C21 _t4(4.9):C27 _sy(4.9):C26 _tb(4.9):C10 _t7(4.9):C57 _ta(4.9):C44 _t9(4.9):C41 _t8(4.9):C17 _t6(4.9):C16 _tf(4.9):C19 _th(4.9):C2 _td(4.9):C8 _tg(4.9):C9 _te(4.9):C16 _tl(4.9):C8 _tj(4.9):C9 _tm(4.9):C13 _tk(4.9):C10 _ti(4.9):C7 _tn(4.9):C3 _tq(4.9):C4 _tp(4.9):C3 _to(4.9):C12 _ts(4.9):C9 _tr(4.9):C29 _tt(4.9):C17 _tu(4.9):C42 _tw(4.9):C24 _tv(4.9):C40 _tx(4.9):C29)}
WARN  - 2015-01-31 18:57:21.708; org.apache.solr.handler.dataimport.SimplePropertiesWriter; Unable to read: dataimport0.properties
INFO  - 2015-01-31 18:57:21.709; org.apache.solr.handler.dataimport.SimplePropertiesWriter; Wrote last indexed time to dataimport0.properties
INFO  - 2015-01-31 18:57:21.709; org.apache.solr.handler.dataimport.DocBuilder; Time taken = 0:19:7.575
INFO  - 2015-01-31 18:57:21.709; org.apache.solr.update.processor.LogUpdateProcessor; [ProductsCoreThird] webapp=/migrossolr path=/dataimport0 params={debug=false&optimize=false&indent=true&commit=true&clean=true&rows=1500&wt=json&command=full-import&verbose=false} status=0 QTime=11 {deleteByQuery=*:* (-1491840003525836800),add=[799623 (1491840003765960705), 786313 (1491840004497866752), 679954 (1491840004524081152), 773124 (1491840004537712640), 798534 (1491840004658298880), 664224 (1491840004667736064), 799986 (1491840004748476416), 676324 (1491840004850188288), 796114 (1491840004877451264), 798776 (1491840005001183232), ... (1311 adds)],commit=} 0 11
INFO  - 2015-01-31 18:57:24.951; org.apache.solr.search.SolrIndexSearcher; Opening Searcher@37294170[ProductsCoreThird] main
INFO  - 2015-01-31 18:57:24.957; org.apache.solr.update.DirectUpdateHandler2; end_commit_flush
INFO  - 2015-01-31 18:57:24.958; org.apache.solr.core.QuerySenderListener; QuerySenderListener sending requests to Searcher@37294170[ProductsCoreThird] main{StandardDirectoryReader(segments_5:2212:nrt _ji(4.9):C2529 _kt(4.9):C6961 _lz(4.9):C3961 _p8(4.9):C3373 _sa(4.9):C6129 _ol(4.9):C2596 _tc(4.9):C1411 _rs(4.9):C36 _s0(4.9):C21 _ry(4.9):C103 _s4(4.9):C58 _t1(4.9):C21 _t4(4.9):C27 _sy(4.9):C26 _tb(4.9):C10 _t7(4.9):C57 _ta(4.9):C44 _t9(4.9):C41 _t8(4.9):C17 _t6(4.9):C16 _tf(4.9):C19 _th(4.9):C2 _td(4.9):C8 _tg(4.9):C9 _te(4.9):C16 _tl(4.9):C8 _tj(4.9):C9 _tm(4.9):C13 _tk(4.9):C10 _ti(4.9):C7 _tn(4.9):C3 _tq(4.9):C4 _tp(4.9):C3 _to(4.9):C12 _ts(4.9):C9 _tr(4.9):C29 _tt(4.9):C17 _tu(4.9):C42 _tw(4.9):C24 _tv(4.9):C40 _tx(4.9):C29 _u0(4.9):C4 _ty(4.9):C2 _tz(4.9):C5)}
INFO  - 2015-01-31 18:57:24.958; org.apache.solr.core.QuerySenderListener; QuerySenderListener done.
INFO  - 2015-01-31 18:57:24.959; org.apache.solr.handler.component.SpellCheckComponent$SpellCheckerListener; Building spell index for spell checker: suggestDictionary
INFO  - 2015-01-31 18:57:24.959; org.apache.solr.spelling.suggest.Suggester; build()
INFO  - 2015-01-31 18:57:25.032; org.apache.solr.core.SolrCore; [ProductsCoreThird] Registered new searcher Searcher@37294170[ProductsCoreThird] main{StandardDirectoryReader(segments_5:2212:nrt _ji(4.9):C2529 _kt(4.9):C6961 _lz(4.9):C3961 _p8(4.9):C3373 _sa(4.9):C6129 _ol(4.9):C2596 _tc(4.9):C1411 _rs(4.9):C36 _s0(4.9):C21 _ry(4.9):C103 _s4(4.9):C58 _t1(4.9):C21 _t4(4.9):C27 _sy(4.9):C26 _tb(4.9):C10 _t7(4.9):C57 _ta(4.9):C44 _t9(4.9):C41 _t8(4.9):C17 _t6(4.9):C16 _tf(4.9):C19 _th(4.9):C2 _td(4.9):C8 _tg(4.9):C9 _te(4.9):C16 _tl(4.9):C8 _tj(4.9):C9 _tm(4.9):C13 _tk(4.9):C10 _ti(4.9):C7 _tn(4.9):C3 _tq(4.9):C4 _tp(4.9):C3 _to(4.9):C12 _ts(4.9):C9 _tr(4.9):C29 _tt(4.9):C17 _tu(4.9):C42 _tw(4.9):C24 _tv(4.9):C40 _tx(4.9):C29 _u0(4.9):C4 _ty(4.9):C2 _tz(4.9):C5)}
INFO  - 2015-01-31 18:57:25.033; org.apache.solr.update.DirectUpdateHandler2; start commit{,optimize=false,openSearcher=true,waitSearcher=true,expungeDeletes=false,softCommit=true,prepareCommit=false}
INFO  - 2015-01-31 18:57:27.363; org.apache.solr.core.SolrCore; [ProductsCoreThird] webapp=/migrossolr path=/admin/mbeans params={cat=QUERYHANDLER&wt=json&_=1422730646207} status=0 QTime=0 
INFO  - 2015-01-31 18:57:27.366; org.apache.solr.core.SolrCore; [ProductsCoreThird] webapp=/migrossolr path=/dataimport12 params={indent=true&command=show-config&_=1422730646207} status=0 QTime=1 
INFO  - 2015-01-31 18:57:27.367; org.apache.solr.core.SolrCore; [ProductsCoreThird] webapp=/migrossolr path=/dataimport12 params={indent=true&wt=json&command=status&_=1422730646209} status=0 QTime=0 
INFO  - 2015-01-31 18:57:28.711; org.apache.solr.search.SolrIndexSearcher; Opening Searcher@3a7561a7[ProductsCoreThird] main
INFO  - 2015-01-31 18:57:28.717; org.apache.solr.update.DirectUpdateHandler2; end_commit_flush
INFO  - 2015-01-31 18:57:28.717; org.apache.solr.core.QuerySenderListener; QuerySenderListener sending requests to Searcher@3a7561a7[ProductsCoreThird] main{StandardDirectoryReader(segments_5:2225:nrt _ji(4.9):C2529 _kt(4.9):C6961 _lz(4.9):C3961 _p8(4.9):C3373 _sa(4.9):C6129 _ol(4.9):C2596 _tc(4.9):C1411 _rs(4.9):C36 _s0(4.9):C21 _ry(4.9):C103 _s4(4.9):C58 _t1(4.9):C21 _t4(4.9):C27 _sy(4.9):C26 _tb(4.9):C10 _t7(4.9):C57 _ta(4.9):C44 _t9(4.9):C41 _t8(4.9):C17 _t6(4.9):C16 _tf(4.9):C19 _th(4.9):C2 _td(4.9):C8 _tg(4.9):C9 _te(4.9):C16 _tl(4.9):C8 _tj(4.9):C9 _tm(4.9):C13 _tk(4.9):C10 _ti(4.9):C7 _tn(4.9):C3 _tq(4.9):C4 _tp(4.9):C3 _to(4.9):C12 _ts(4.9):C9 _tr(4.9):C29 _tt(4.9):C17 _tu(4.9):C42 _tw(4.9):C24 _tv(4.9):C40 _tx(4.9):C29 _u0(4.9):C4 _ty(4.9):C2 _tz(4.9):C5 _u1(4.9):C23 _u2(4.9):C12 _u3(4.9):C7 _u5(4.9):C3 _u4(4.9):C13 _u6(4.9):C14)}
INFO  - 2015-01-31 18:57:28.721; org.apache.solr.core.QuerySenderListener; QuerySenderListener done.
INFO  - 2015-01-31 18:57:28.722; org.apache.solr.handler.component.SpellCheckComponent$SpellCheckerListener; Building spell index for spell checker: suggestDictionary
INFO  - 2015-01-31 18:57:28.722; org.apache.solr.spelling.suggest.Suggester; build()
INFO  - 2015-01-31 18:57:28.807; org.apache.solr.core.SolrCore; [ProductsCoreThird] Registered new searcher Searcher@3a7561a7[ProductsCoreThird] main{StandardDirectoryReader(segments_5:2225:nrt _ji(4.9):C2529 _kt(4.9):C6961 _lz(4.9):C3961 _p8(4.9):C3373 _sa(4.9):C6129 _ol(4.9):C2596 _tc(4.9):C1411 _rs(4.9):C36 _s0(4.9):C21 _ry(4.9):C103 _s4(4.9):C58 _t1(4.9):C21 _t4(4.9):C27 _sy(4.9):C26 _tb(4.9):C10 _t7(4.9):C57 _ta(4.9):C44 _t9(4.9):C41 _t8(4.9):C17 _t6(4.9):C16 _tf(4.9):C19 _th(4.9):C2 _td(4.9):C8 _tg(4.9):C9 _te(4.9):C16 _tl(4.9):C8 _tj(4.9):C9 _tm(4.9):C13 _tk(4.9):C10 _ti(4.9):C7 _tn(4.9):C3 _tq(4.9):C4 _tp(4.9):C3 _to(4.9):C12 _ts(4.9):C9 _tr(4.9):C29 _tt(4.9):C17 _tu(4.9):C42 _tw(4.9):C24 _tv(4.9):C40 _tx(4.9):C29 _u0(4.9):C4 _ty(4.9):C2 _tz(4.9):C5 _u1(4.9):C23 _u2(4.9):C12 _u3(4.9):C7 _u5(4.9):C3 _u4(4.9):C13 _u6(4.9):C14)}
INFO  - 2015-01-31 18:57:28.808; org.apache.solr.update.DirectUpdateHandler2; start commit{,optimize=false,openSearcher=true,waitSearcher=true,expungeDeletes=false,softCommit=true,prepareCommit=false}
INFO  - 2015-01-31 18:57:29.128; org.apache.solr.search.SolrIndexSearcher; Opening Searcher@6e09272e[ProductsCoreThird] main
INFO  - 2015-01-31 18:57:29.133; org.apache.solr.update.DirectUpdateHandler2; end_commit_flush
INFO  - 2015-01-31 18:57:29.134; org.apache.solr.core.QuerySenderListener; QuerySenderListener sending requests to Searcher@6e09272e[ProductsCoreThird] main{StandardDirectoryReader(segments_5:2231:nrt _ji(4.9):C2529 _kt(4.9):C6961 _lz(4.9):C3961 _p8(4.9):C3373 _sa(4.9):C6129 _ol(4.9):C2596 _tc(4.9):C1411 _rs(4.9):C36 _s0(4.9):C21 _ry(4.9):C103 _s4(4.9):C58 _t1(4.9):C21 _t4(4.9):C27 _sy(4.9):C26 _tb(4.9):C10 _t7(4.9):C57 _ta(4.9):C44 _t9(4.9):C41 _t8(4.9):C17 _t6(4.9):C16 _tf(4.9):C19 _th(4.9):C2 _td(4.9):C8 _tg(4.9):C9 _te(4.9):C16 _tl(4.9):C8 _tj(4.9):C9 _tm(4.9):C13 _tk(4.9):C10 _ti(4.9):C7 _tn(4.9):C3 _tq(4.9):C4 _tp(4.9):C3 _to(4.9):C12 _ts(4.9):C9 _tr(4.9):C29 _tt(4.9):C17 _tu(4.9):C42 _tw(4.9):C24 _tv(4.9):C40 _tx(4.9):C29 _u0(4.9):C4 _ty(4.9):C2 _tz(4.9):C5 _u1(4.9):C23 _u2(4.9):C12 _u3(4.9):C7 _u5(4.9):C3 _u4(4.9):C13 _u6(4.9):C14 _ua(4.9):C4 _u9(4.9):C11 _u8(4.9):C7)}
INFO  - 2015-01-31 18:57:29.134; org.apache.solr.core.QuerySenderListener; QuerySenderListener done.
INFO  - 2015-01-31 18:57:29.134; org.apache.solr.handler.component.SpellCheckComponent$SpellCheckerListener; Building spell index for spell checker: suggestDictionary
INFO  - 2015-01-31 18:57:29.134; org.apache.solr.spelling.suggest.Suggester; build()
INFO  - 2015-01-31 18:57:29.202; org.apache.solr.handler.dataimport.DocBuilder; Import completed successfully
INFO  - 2015-01-31 18:57:29.255; org.apache.solr.core.SolrCore; [ProductsCoreThird] Registered new searcher Searcher@6e09272e[ProductsCoreThird] main{StandardDirectoryReader(segments_5:2231:nrt _ji(4.9):C2529 _kt(4.9):C6961 _lz(4.9):C3961 _p8(4.9):C3373 _sa(4.9):C6129 _ol(4.9):C2596 _tc(4.9):C1411 _rs(4.9):C36 _s0(4.9):C21 _ry(4.9):C103 _s4(4.9):C58 _t1(4.9):C21 _t4(4.9):C27 _sy(4.9):C26 _tb(4.9):C10 _t7(4.9):C57 _ta(4.9):C44 _t9(4.9):C41 _t8(4.9):C17 _t6(4.9):C16 _tf(4.9):C19 _th(4.9):C2 _td(4.9):C8 _tg(4.9):C9 _te(4.9):C16 _tl(4.9):C8 _tj(4.9):C9 _tm(4.9):C13 _tk(4.9):C10 _ti(4.9):C7 _tn(4.9):C3 _tq(4.9):C4 _tp(4.9):C3 _to(4.9):C12 _ts(4.9):C9 _tr(4.9):C29 _tt(4.9):C17 _tu(4.9):C42 _tw(4.9):C24 _tv(4.9):C40 _tx(4.9):C29 _u0(4.9):C4 _ty(4.9):C2 _tz(4.9):C5 _u1(4.9):C23 _u2(4.9):C12 _u3(4.9):C7 _u5(4.9):C3 _u4(4.9):C13 _u6(4.9):C14 _ua(4.9):C4 _u9(4.9):C11 _u8(4.9):C7)}
INFO  - 2015-01-31 18:57:29.910; org.apache.solr.update.DirectUpdateHandler2; start commit{,optimize=false,openSearcher=true,waitSearcher=true,expungeDeletes=false,softCommit=true,prepareCommit=false}
INFO  - 2015-01-31 18:57:30.070; org.apache.solr.core.SolrCore; [ProductsCoreThird] webapp=/migrossolr path=/admin/mbeans params={cat=QUERYHANDLER&wt=json&_=1422730648916} status=0 QTime=0 
INFO  - 2015-01-31 18:57:30.071; org.apache.solr.core.SolrCore; [ProductsCoreThird] webapp=/migrossolr path=/dataimport11 params={indent=true&command=show-config&_=1422730648916} status=0 QTime=1 
INFO  - 2015-01-31 18:57:30.071; org.apache.solr.core.SolrCore; [ProductsCoreThird] webapp=/migrossolr path=/dataimport11 params={indent=true&wt=json&command=status&_=1422730648918} status=0 QTime=0 
INFO  - 2015-01-31 18:57:31.424; org.apache.solr.handler.dataimport.DocBuilder; Import completed successfully
INFO  - 2015-01-31 18:57:31.855; org.apache.solr.core.SolrDeletionPolicy; SolrDeletionPolicy.onCommit: commits: num=2
	commit{dir=NRTCachingDirectory(MMapDirectory@/opt/migros/data/ProductsCoreThird/index lockFactory=NativeFSLockFactory@/opt/migros/data/ProductsCoreThird/index; maxCacheMB=48.0 maxMergeSizeMB=4.0),segFN=segments_5,generation=5}
	commit{dir=NRTCachingDirectory(MMapDirectory@/opt/migros/data/ProductsCoreThird/index lockFactory=NativeFSLockFactory@/opt/migros/data/ProductsCoreThird/index; maxCacheMB=48.0 maxMergeSizeMB=4.0),segFN=segments_6,generation=6}
INFO  - 2015-01-31 18:57:31.856; org.apache.solr.core.SolrDeletionPolicy; newest commit generation = 6
INFO  - 2015-01-31 18:57:33.030; org.apache.solr.core.SolrCore; [ProductsCoreThird] webapp=/migrossolr path=/admin/mbeans params={cat=QUERYHANDLER&wt=json&_=1422730651866} status=0 QTime=0 
INFO  - 2015-01-31 18:57:33.033; org.apache.solr.core.SolrCore; [ProductsCoreThird] webapp=/migrossolr path=/dataimport21 params={indent=true&command=show-config&_=1422730651869} status=0 QTime=0 
INFO  - 2015-01-31 18:57:33.034; org.apache.solr.core.SolrCore; [ProductsCoreThird] webapp=/migrossolr path=/dataimport21 params={indent=true&wt=json&command=status&_=1422730651869} status=0 QTime=0 
INFO  - 2015-01-31 18:57:33.494; org.apache.solr.search.SolrIndexSearcher; Opening Searcher@3e3a35d5[ProductsCoreThird] main
INFO  - 2015-01-31 18:57:33.496; org.apache.solr.update.DirectUpdateHandler2; end_commit_flush
WARN  - 2015-01-31 18:57:33.496; org.apache.solr.core.SolrCore; [ProductsCoreThird] PERFORMANCE WARNING: Overlapping onDeckSearchers=2
INFO  - 2015-01-31 18:57:33.496; org.apache.solr.core.QuerySenderListener; QuerySenderListener sending requests to Searcher@3e3a35d5[ProductsCoreThird] main{StandardDirectoryReader(segments_6:2236:nrt _ji(4.9):C2529 _kt(4.9):C6961 _lz(4.9):C3961 _p8(4.9):C3373 _sa(4.9):C6129 _ol(4.9):C2596 _tc(4.9):C1411 _u7(4.9):C843 _u5(4.9):C3 _u4(4.9):C13 _u6(4.9):C14 _ua(4.9):C4 _u9(4.9):C11 _u8(4.9):C7 _ub(4.9):C11 _uc(4.9):C2 _ud(4.9):C2)}
INFO  - 2015-01-31 18:57:33.496; org.apache.solr.core.QuerySenderListener; QuerySenderListener done.
INFO  - 2015-01-31 18:57:33.496; org.apache.solr.handler.component.SpellCheckComponent$SpellCheckerListener; Building spell index for spell checker: suggestDictionary
INFO  - 2015-01-31 18:57:33.497; org.apache.solr.spelling.suggest.Suggester; build()
INFO  - 2015-01-31 18:57:33.570; org.apache.solr.core.SolrCore; [ProductsCoreThird] Registered new searcher Searcher@3e3a35d5[ProductsCoreThird] main{StandardDirectoryReader(segments_6:2236:nrt _ji(4.9):C2529 _kt(4.9):C6961 _lz(4.9):C3961 _p8(4.9):C3373 _sa(4.9):C6129 _ol(4.9):C2596 _tc(4.9):C1411 _u7(4.9):C843 _u5(4.9):C3 _u4(4.9):C13 _u6(4.9):C14 _ua(4.9):C4 _u9(4.9):C11 _u8(4.9):C7 _ub(4.9):C11 _uc(4.9):C2 _ud(4.9):C2)}
INFO  - 2015-01-31 18:57:33.578; org.apache.solr.update.DirectUpdateHandler2; start commit{,optimize=false,openSearcher=true,waitSearcher=true,expungeDeletes=false,softCommit=true,prepareCommit=false}
INFO  - 2015-01-31 18:57:33.584; org.apache.solr.search.SolrIndexSearcher; Opening Searcher@24d9a3b2[ProductsCoreThird] main
INFO  - 2015-01-31 18:57:33.586; org.apache.solr.core.QuerySenderListener; QuerySenderListener sending requests to Searcher@24d9a3b2[ProductsCoreThird] main{StandardDirectoryReader(segments_6:2238:nrt _ji(4.9):C2529 _kt(4.9):C6961 _lz(4.9):C3961 _p8(4.9):C3373 _sa(4.9):C6129 _ol(4.9):C2596 _tc(4.9):C1411 _u7(4.9):C843 _u5(4.9):C3 _u4(4.9):C13 _u6(4.9):C14 _ua(4.9):C4 _u9(4.9):C11 _u8(4.9):C7 _ub(4.9):C11 _uc(4.9):C2 _ud(4.9):C2 _ue(4.9):C14)}
INFO  - 2015-01-31 18:57:33.587; org.apache.solr.core.QuerySenderListener; QuerySenderListener done.
INFO  - 2015-01-31 18:57:33.587; org.apache.solr.handler.component.SpellCheckComponent$SpellCheckerListener; Building spell index for spell checker: suggestDictionary
INFO  - 2015-01-31 18:57:33.587; org.apache.solr.spelling.suggest.Suggester; build()
INFO  - 2015-01-31 18:57:33.588; org.apache.solr.update.DirectUpdateHandler2; end_commit_flush
WARN  - 2015-01-31 18:57:33.588; org.apache.solr.core.SolrCore; [ProductsCoreThird] PERFORMANCE WARNING: Overlapping onDeckSearchers=2
INFO  - 2015-01-31 18:57:33.588; org.apache.solr.update.DirectUpdateHandler2; start commit{,optimize=false,openSearcher=true,waitSearcher=true,expungeDeletes=false,softCommit=false,prepareCommit=false}
INFO  - 2015-01-31 18:57:33.589; org.apache.solr.core.SolrCore; SolrIndexSearcher has not changed - not re-opening: org.apache.solr.search.SolrIndexSearcher
INFO  - 2015-01-31 18:57:33.589; org.apache.solr.update.DirectUpdateHandler2; end_commit_flush
INFO  - 2015-01-31 18:57:33.659; org.apache.solr.core.SolrCore; [ProductsCoreThird] Registered new searcher Searcher@24d9a3b2[ProductsCoreThird] main{StandardDirectoryReader(segments_6:2238:nrt _ji(4.9):C2529 _kt(4.9):C6961 _lz(4.9):C3961 _p8(4.9):C3373 _sa(4.9):C6129 _ol(4.9):C2596 _tc(4.9):C1411 _u7(4.9):C843 _u5(4.9):C3 _u4(4.9):C13 _u6(4.9):C14 _ua(4.9):C4 _u9(4.9):C11 _u8(4.9):C7 _ub(4.9):C11 _uc(4.9):C2 _ud(4.9):C2 _ue(4.9):C14)}
INFO  - 2015-01-31 18:57:33.660; org.apache.solr.core.QuerySenderListener; QuerySenderListener sending requests to Searcher@24d9a3b2[ProductsCoreThird] main{StandardDirectoryReader(segments_6:2238:nrt _ji(4.9):C2529 _kt(4.9):C6961 _lz(4.9):C3961 _p8(4.9):C3373 _sa(4.9):C6129 _ol(4.9):C2596 _tc(4.9):C1411 _u7(4.9):C843 _u5(4.9):C3 _u4(4.9):C13 _u6(4.9):C14 _ua(4.9):C4 _u9(4.9):C11 _u8(4.9):C7 _ub(4.9):C11 _uc(4.9):C2 _ud(4.9):C2 _ue(4.9):C14)}
INFO  - 2015-01-31 18:57:33.660; org.apache.solr.core.QuerySenderListener; QuerySenderListener done.
INFO  - 2015-01-31 18:57:33.660; org.apache.solr.handler.component.SpellCheckComponent$SpellCheckerListener; Building spell index for spell checker: suggestDictionary
INFO  - 2015-01-31 18:57:33.660; org.apache.solr.spelling.suggest.Suggester; build()
WARN  - 2015-01-31 18:57:33.660; org.apache.solr.handler.dataimport.SimplePropertiesWriter; Unable to read: dataimport12.properties
INFO  - 2015-01-31 18:57:33.660; org.apache.solr.handler.dataimport.SimplePropertiesWriter; Wrote last indexed time to dataimport12.properties
INFO  - 2015-01-31 18:57:33.660; org.apache.solr.handler.dataimport.DocBuilder; Time taken = 0:16:51.713
INFO  - 2015-01-31 18:57:33.661; org.apache.solr.update.processor.LogUpdateProcessor; [ProductsCoreThird] webapp=/migrossolr path=/dataimport12 params={debug=false&optimize=false&indent=true&commit=true&clean=true&rows=1500&wt=json&command=full-import&verbose=false} status=0 QTime=9 {deleteByQuery=*:* (-1491840163037315072),add=[106172 (1491840163671703552), 816068 (1491840164071211008), 817399 (1491840164255760384), 828168 (1491840164283023361), 290619 (1491840164525244416), 839179 (1491840170822991875), 192609 (1491840170857594880), 851290 (1491840174969061376), 850080 (1491840175057141760), 799260 (1491840175082307584), ... (1311 adds)],commit=} 0 9
INFO  - 2015-01-31 18:57:34.645; org.apache.solr.update.DirectUpdateHandler2; start commit{,optimize=false,openSearcher=true,waitSearcher=true,expungeDeletes=false,softCommit=true,prepareCommit=false}
INFO  - 2015-01-31 18:57:35.848; org.apache.solr.core.SolrCore; [ProductsCoreThird] webapp=/migrossolr path=/dataimport20 params={indent=true&command=show-config&_=1422730654677} status=0 QTime=0 
INFO  - 2015-01-31 18:57:35.849; org.apache.solr.core.SolrCore; [ProductsCoreThird] webapp=/migrossolr path=/admin/mbeans params={cat=QUERYHANDLER&wt=json&_=1422730654677} status=0 QTime=2 
INFO  - 2015-01-31 18:57:35.851; org.apache.solr.core.SolrCore; [ProductsCoreThird] webapp=/migrossolr path=/dataimport20 params={indent=true&wt=json&command=status&_=1422730654680} status=0 QTime=1 
INFO  - 2015-01-31 18:57:36.547; org.apache.solr.search.SolrIndexSearcher; Opening Searcher@52a44ec1[ProductsCoreThird] main
INFO  - 2015-01-31 18:57:36.550; org.apache.solr.update.DirectUpdateHandler2; end_commit_flush
INFO  - 2015-01-31 18:57:36.550; org.apache.solr.core.QuerySenderListener; QuerySenderListener sending requests to Searcher@52a44ec1[ProductsCoreThird] main{StandardDirectoryReader(segments_6:2242:nrt _ji(4.9):C2529 _kt(4.9):C6961 _lz(4.9):C3961 _p8(4.9):C3373 _sa(4.9):C6129 _ol(4.9):C2596 _tc(4.9):C1411 _u7(4.9):C843 _u5(4.9):C3 _u4(4.9):C13 _u6(4.9):C14 _ua(4.9):C4 _u9(4.9):C11 _u8(4.9):C7 _ub(4.9):C11 _uc(4.9):C2 _ud(4.9):C2 _ue(4.9):C14 _uf(4.9):C1 _ug(4.9):C5)}
INFO  - 2015-01-31 18:57:36.550; org.apache.solr.core.QuerySenderListener; QuerySenderListener done.
INFO  - 2015-01-31 18:57:36.550; org.apache.solr.handler.component.SpellCheckComponent$SpellCheckerListener; Building spell index for spell checker: suggestDictionary
INFO  - 2015-01-31 18:57:36.550; org.apache.solr.spelling.suggest.Suggester; build()
INFO  - 2015-01-31 18:57:36.576; org.apache.solr.handler.dataimport.DocBuilder; Import completed successfully
INFO  - 2015-01-31 18:57:36.649; org.apache.solr.core.SolrCore; [ProductsCoreThird] Registered new searcher Searcher@52a44ec1[ProductsCoreThird] main{StandardDirectoryReader(segments_6:2242:nrt _ji(4.9):C2529 _kt(4.9):C6961 _lz(4.9):C3961 _p8(4.9):C3373 _sa(4.9):C6129 _ol(4.9):C2596 _tc(4.9):C1411 _u7(4.9):C843 _u5(4.9):C3 _u4(4.9):C13 _u6(4.9):C14 _ua(4.9):C4 _u9(4.9):C11 _u8(4.9):C7 _ub(4.9):C11 _uc(4.9):C2 _ud(4.9):C2 _ue(4.9):C14 _uf(4.9):C1 _ug(4.9):C5)}
INFO  - 2015-01-31 18:57:36.854; org.apache.solr.core.SolrDeletionPolicy; SolrDeletionPolicy.onCommit: commits: num=2
	commit{dir=NRTCachingDirectory(MMapDirectory@/opt/migros/data/ProductsCoreThird/index lockFactory=NativeFSLockFactory@/opt/migros/data/ProductsCoreThird/index; maxCacheMB=48.0 maxMergeSizeMB=4.0),segFN=segments_6,generation=6}
	commit{dir=NRTCachingDirectory(MMapDirectory@/opt/migros/data/ProductsCoreThird/index lockFactory=NativeFSLockFactory@/opt/migros/data/ProductsCoreThird/index; maxCacheMB=48.0 maxMergeSizeMB=4.0),segFN=segments_7,generation=7}
INFO  - 2015-01-31 18:57:36.854; org.apache.solr.core.SolrDeletionPolicy; newest commit generation = 7
INFO  - 2015-01-31 18:57:36.882; org.apache.solr.search.SolrIndexSearcher; Opening Searcher@7540ef65[ProductsCoreThird] main
INFO  - 2015-01-31 18:57:36.884; org.apache.solr.core.QuerySenderListener; QuerySenderListener sending requests to Searcher@7540ef65[ProductsCoreThird] main{StandardDirectoryReader(segments_7:2243:nrt _ji(4.9):C2529 _kt(4.9):C6961 _lz(4.9):C3961 _p8(4.9):C3373 _sa(4.9):C6129 _ol(4.9):C2596 _tc(4.9):C1411 _u7(4.9):C843 _u5(4.9):C3 _u4(4.9):C13 _u6(4.9):C14 _ua(4.9):C4 _u9(4.9):C11 _u8(4.9):C7 _ub(4.9):C11 _uc(4.9):C2 _ud(4.9):C2 _ue(4.9):C14 _uf(4.9):C1 _ug(4.9):C5 _uh(4.9):C1)}
INFO  - 2015-01-31 18:57:36.885; org.apache.solr.core.QuerySenderListener; QuerySenderListener done.
INFO  - 2015-01-31 18:57:36.885; org.apache.solr.handler.component.SpellCheckComponent$SpellCheckerListener; Building spell index for spell checker: suggestDictionary
INFO  - 2015-01-31 18:57:36.885; org.apache.solr.spelling.suggest.Suggester; build()
INFO  - 2015-01-31 18:57:36.885; org.apache.solr.update.DirectUpdateHandler2; end_commit_flush
INFO  - 2015-01-31 18:57:36.886; org.apache.solr.update.DirectUpdateHandler2; start commit{,optimize=false,openSearcher=true,waitSearcher=true,expungeDeletes=false,softCommit=false,prepareCommit=false}
INFO  - 2015-01-31 18:57:36.964; org.apache.solr.core.SolrCore; [ProductsCoreThird] Registered new searcher Searcher@7540ef65[ProductsCoreThird] main{StandardDirectoryReader(segments_7:2243:nrt _ji(4.9):C2529 _kt(4.9):C6961 _lz(4.9):C3961 _p8(4.9):C3373 _sa(4.9):C6129 _ol(4.9):C2596 _tc(4.9):C1411 _u7(4.9):C843 _u5(4.9):C3 _u4(4.9):C13 _u6(4.9):C14 _ua(4.9):C4 _u9(4.9):C11 _u8(4.9):C7 _ub(4.9):C11 _uc(4.9):C2 _ud(4.9):C2 _ue(4.9):C14 _uf(4.9):C1 _ug(4.9):C5 _uh(4.9):C1)}
WARN  - 2015-01-31 18:57:36.964; org.apache.solr.handler.dataimport.SimplePropertiesWriter; Unable to read: dataimport19.properties
INFO  - 2015-01-31 18:57:36.965; org.apache.solr.handler.dataimport.SimplePropertiesWriter; Wrote last indexed time to dataimport19.properties
INFO  - 2015-01-31 18:57:36.965; org.apache.solr.handler.dataimport.DocBuilder; Time taken = 0:17:54.880
INFO  - 2015-01-31 18:57:36.965; org.apache.solr.update.processor.LogUpdateProcessor; [ProductsCoreThird] webapp=/migrossolr path=/dataimport19 params={debug=false&optimize=false&indent=true&commit=true&clean=true&rows=1500&wt=json&command=full-import&verbose=false} status=0 QTime=10 {deleteByQuery=*:* (-1491840096710688768),add=[820662 (1491840097421623296), 821993 (1491840097430011904), 855510 (1491840097607221248), 842200 (1491840097630289920), 831552 (1491840098858172416), 832883 (1491840099542892544), 710552 (1491840099673964544), 843652 (1491840099961274368), 830342 (1491840100798038016), 831673 (1491840100912332800), ... (1311 adds)],commit=} 0 10
INFO  - 2015-01-31 18:57:37.467; org.apache.solr.core.SolrDeletionPolicy; SolrDeletionPolicy.onCommit: commits: num=2
	commit{dir=NRTCachingDirectory(MMapDirectory@/opt/migros/data/ProductsCoreThird/index lockFactory=NativeFSLockFactory@/opt/migros/data/ProductsCoreThird/index; maxCacheMB=48.0 maxMergeSizeMB=4.0),segFN=segments_7,generation=7}
	commit{dir=NRTCachingDirectory(MMapDirectory@/opt/migros/data/ProductsCoreThird/index lockFactory=NativeFSLockFactory@/opt/migros/data/ProductsCoreThird/index; maxCacheMB=48.0 maxMergeSizeMB=4.0),segFN=segments_8,generation=8}
INFO  - 2015-01-31 18:57:37.467; org.apache.solr.core.SolrDeletionPolicy; newest commit generation = 8
INFO  - 2015-01-31 18:57:37.468; org.apache.solr.core.SolrCore; SolrIndexSearcher has not changed - not re-opening: org.apache.solr.search.SolrIndexSearcher
INFO  - 2015-01-31 18:57:37.469; org.apache.solr.update.DirectUpdateHandler2; end_commit_flush
INFO  - 2015-01-31 18:57:37.469; org.apache.solr.update.DirectUpdateHandler2; start commit{,optimize=false,openSearcher=true,waitSearcher=true,expungeDeletes=false,softCommit=false,prepareCommit=false}
WARN  - 2015-01-31 18:57:37.469; org.apache.solr.handler.dataimport.SimplePropertiesWriter; Unable to read: dataimport16.properties
INFO  - 2015-01-31 18:57:37.469; org.apache.solr.update.DirectUpdateHandler2; No uncommitted changes. Skipping IW.commit.
INFO  - 2015-01-31 18:57:37.469; org.apache.solr.handler.dataimport.SimplePropertiesWriter; Wrote last indexed time to dataimport16.properties
INFO  - 2015-01-31 18:57:37.469; org.apache.solr.core.SolrCore; SolrIndexSearcher has not changed - not re-opening: org.apache.solr.search.SolrIndexSearcher
INFO  - 2015-01-31 18:57:37.469; org.apache.solr.handler.dataimport.DocBuilder; Time taken = 0:18:23.86
INFO  - 2015-01-31 18:57:37.469; org.apache.solr.update.DirectUpdateHandler2; end_commit_flush
INFO  - 2015-01-31 18:57:37.469; org.apache.solr.update.processor.LogUpdateProcessor; [ProductsCoreThird] webapp=/migrossolr path=/dataimport16 params={debug=false&optimize=false&indent=true&commit=true&clean=true&rows=1500&wt=json&command=full-import&verbose=false} status=0 QTime=10 {deleteByQuery=*:* (-1491840066855632896),add=[737488 (1491840067454369792), 147382 (1491840068251287552), 817832 (1491840068811227136), 829932 (1491840069456101376), 817953 (1491840069977243648), 816743 (1491840070439665664), 827512 (1491840070572834816), 562291 (1491840070580174848), 695391 (1491840070634700800), 839612 (1491840070645186560), ... (1311 adds)],commit=} 0 10
WARN  - 2015-01-31 18:57:37.470; org.apache.solr.handler.dataimport.SimplePropertiesWriter; Unable to read: dataimport3.properties
INFO  - 2015-01-31 18:57:37.470; org.apache.solr.update.DirectUpdateHandler2; start commit{,optimize=false,openSearcher=true,waitSearcher=true,expungeDeletes=false,softCommit=false,prepareCommit=false}
INFO  - 2015-01-31 18:57:37.470; org.apache.solr.update.DirectUpdateHandler2; No uncommitted changes. Skipping IW.commit.
INFO  - 2015-01-31 18:57:37.470; org.apache.solr.handler.dataimport.SimplePropertiesWriter; Wrote last indexed time to dataimport3.properties
INFO  - 2015-01-31 18:57:37.470; org.apache.solr.core.SolrCore; SolrIndexSearcher has not changed - not re-opening: org.apache.solr.search.SolrIndexSearcher
INFO  - 2015-01-31 18:57:37.470; org.apache.solr.update.DirectUpdateHandler2; end_commit_flush
INFO  - 2015-01-31 18:57:37.470; org.apache.solr.handler.dataimport.DocBuilder; Time taken = 0:18:56.859
WARN  - 2015-01-31 18:57:37.470; org.apache.solr.handler.dataimport.SimplePropertiesWriter; Unable to read: dataimport9.properties
INFO  - 2015-01-31 18:57:37.470; org.apache.solr.update.DirectUpdateHandler2; start commit{,optimize=false,openSearcher=true,waitSearcher=true,expungeDeletes=false,softCommit=false,prepareCommit=false}
INFO  - 2015-01-31 18:57:37.470; org.apache.solr.handler.dataimport.SimplePropertiesWriter; Wrote last indexed time to dataimport9.properties
INFO  - 2015-01-31 18:57:37.471; org.apache.solr.handler.dataimport.DocBuilder; Time taken = 0:19:39.15
INFO  - 2015-01-31 18:57:37.471; org.apache.solr.update.processor.LogUpdateProcessor; [ProductsCoreThird] webapp=/migrossolr path=/dataimport9 params={debug=false&optimize=false&indent=true&commit=true&clean=true&rows=1500&wt=json&command=full-import&verbose=false} status=0 QTime=9 {deleteByQuery=*:* (-1491839985795465216),add=[450318 (1491839985943314432), 354728 (1491839986002034688), 462539 (1491839986074386432), 100639 (1491839986333384704), 365508 (1491839986483331072), 111529 (1491839986980356096), 268708 (1491839988465139712), 795905 (1491839988522811392), 192610 (1491839988569997312), 794816 (1491839989309243392), ... (1311 adds)],commit=} 0 9
INFO  - 2015-01-31 18:57:37.470; org.apache.solr.update.processor.LogUpdateProcessor; [ProductsCoreThird] webapp=/migrossolr path=/dataimport3 params={debug=false&optimize=false&indent=true&commit=true&clean=true&rows=1500&wt=json&command=full-import&verbose=false} status=0 QTime=9 {deleteByQuery=*:* (-1491840030679760896),add=[363574 (1491840031150571520), 842118 (1491840032214876160), 265322 (1491840032241090560), 843449 (1491840032493797376), 830139 (1491840032500088832), 842239 (1491840032621723648), 266774 (1491840033248772096), 853129 (1491840033497284608), 409906 (1491840033519304704), 155333 (1491840038239993856), ... (1311 adds)],commit=} 0 9
INFO  - 2015-01-31 18:57:37.471; org.apache.solr.update.DirectUpdateHandler2; No uncommitted changes. Skipping IW.commit.
INFO  - 2015-01-31 18:57:37.471; org.apache.solr.core.SolrCore; SolrIndexSearcher has not changed - not re-opening: org.apache.solr.search.SolrIndexSearcher
INFO  - 2015-01-31 18:57:37.471; org.apache.solr.update.DirectUpdateHandler2; end_commit_flush
INFO  - 2015-01-31 18:57:37.471; org.apache.solr.update.DirectUpdateHandler2; start commit{,optimize=false,openSearcher=true,waitSearcher=true,expungeDeletes=false,softCommit=false,prepareCommit=false}
INFO  - 2015-01-31 18:57:37.471; org.apache.solr.update.DirectUpdateHandler2; No uncommitted changes. Skipping IW.commit.
WARN  - 2015-01-31 18:57:37.471; org.apache.solr.handler.dataimport.SimplePropertiesWriter; Unable to read: dataimport1.properties
INFO  - 2015-01-31 18:57:37.472; org.apache.solr.core.SolrCore; SolrIndexSearcher has not changed - not re-opening: org.apache.solr.search.SolrIndexSearcher
INFO  - 2015-01-31 18:57:37.472; org.apache.solr.update.DirectUpdateHandler2; end_commit_flush
INFO  - 2015-01-31 18:57:37.472; org.apache.solr.handler.dataimport.SimplePropertiesWriter; Wrote last indexed time to dataimport1.properties
WARN  - 2015-01-31 18:57:37.472; org.apache.solr.handler.dataimport.SimplePropertiesWriter; Unable to read: dataimport18.properties
INFO  - 2015-01-31 18:57:37.472; org.apache.solr.update.DirectUpdateHandler2; start commit{,optimize=false,openSearcher=true,waitSearcher=true,expungeDeletes=false,softCommit=false,prepareCommit=false}
INFO  - 2015-01-31 18:57:37.472; org.apache.solr.handler.dataimport.DocBuilder; Time taken = 0:19:14.894
INFO  - 2015-01-31 18:57:37.472; org.apache.solr.update.DirectUpdateHandler2; No uncommitted changes. Skipping IW.commit.
INFO  - 2015-01-31 18:57:37.472; org.apache.solr.handler.dataimport.SimplePropertiesWriter; Wrote last indexed time to dataimport18.properties
INFO  - 2015-01-31 18:57:37.472; org.apache.solr.update.processor.LogUpdateProcessor; [ProductsCoreThird] webapp=/migrossolr path=/dataimport1 params={debug=false&optimize=false&indent=true&commit=true&clean=true&rows=1500&wt=json&command=full-import&verbose=false} status=0 QTime=13 {deleteByQuery=*:* (-1491840011663835136),add=[254188 (1491840011981553664), 156178 (1491840012548833280), 796631 (1491840012570853376), 797962 (1491840012607553536), 422741 (1491840012616990720), 688941 (1491840012692488192), 795421 (1491840012721848320), 783684 (1491840012783714304), 457710 (1491840012824608768), 770495 (1491840012889620480), ... (1311 adds)],commit=} 0 13
INFO  - 2015-01-31 18:57:37.472; org.apache.solr.core.SolrCore; SolrIndexSearcher has not changed - not re-opening: org.apache.solr.search.SolrIndexSearcher
INFO  - 2015-01-31 18:57:37.473; org.apache.solr.update.DirectUpdateHandler2; end_commit_flush
INFO  - 2015-01-31 18:57:37.473; org.apache.solr.handler.dataimport.DocBuilder; Time taken = 0:17:34.917
INFO  - 2015-01-31 18:57:37.473; org.apache.solr.update.processor.LogUpdateProcessor; [ProductsCoreThird] webapp=/migrossolr path=/dataimport18 params={debug=false&optimize=false&indent=true&commit=true&clean=true&rows=1500&wt=json&command=full-import&verbose=false} status=0 QTime=8 {deleteByQuery=*:* (-1491840122968080384),add=[848810 (1491840125136535553), 702400 (1491840125160652800), 835500 (1491840125197352960), 811542 (1491840125217275904), 848931 (1491840125239296000), 835621 (1491840125790846976), 836952 (1491840127000903680), 207389 (1491840127016632320), 834411 (1491840135840399362), 835742 (1491840135916945408), ... (1311 adds)],commit=} 0 8
WARN  - 2015-01-31 18:57:37.473; org.apache.solr.handler.dataimport.SimplePropertiesWriter; Unable to read: dataimport17.properties
INFO  - 2015-01-31 18:57:37.473; org.apache.solr.update.DirectUpdateHandler2; start commit{,optimize=false,openSearcher=true,waitSearcher=true,expungeDeletes=false,softCommit=false,prepareCommit=false}
INFO  - 2015-01-31 18:57:37.473; org.apache.solr.update.DirectUpdateHandler2; No uncommitted changes. Skipping IW.commit.
INFO  - 2015-01-31 18:57:37.473; org.apache.solr.handler.dataimport.SimplePropertiesWriter; Wrote last indexed time to dataimport17.properties
INFO  - 2015-01-31 18:57:37.473; org.apache.solr.core.SolrCore; SolrIndexSearcher has not changed - not re-opening: org.apache.solr.search.SolrIndexSearcher
INFO  - 2015-01-31 18:57:37.473; org.apache.solr.handler.dataimport.DocBuilder; Time taken = 0:17:47.637
INFO  - 2015-01-31 18:57:37.474; org.apache.solr.update.processor.LogUpdateProcessor; [ProductsCoreThird] webapp=/migrossolr path=/dataimport17 params={debug=false&optimize=false&indent=true&commit=true&clean=true&rows=1500&wt=json&command=full-import&verbose=false} status=0 QTime=10 {deleteByQuery=*:* (-1491840103454081024),add=[833277 (1491840103808499712), 856025 (1491840103994097664), 844046 (1491840104009826304), 832067 (1491840104678817792), 146492 (1491840104696643584), 855178 (1491840105199960064), 157382 (1491840105248194560), 855299 (1491840105613099008), 289272 (1491840105897263104), 504399 (1491840106659577856), ... (1311 adds)],commit=} 0 10
INFO  - 2015-01-31 18:57:37.473; org.apache.solr.update.DirectUpdateHandler2; end_commit_flush
WARN  - 2015-01-31 18:57:37.474; org.apache.solr.handler.dataimport.SimplePropertiesWriter; Unable to read: dataimport14.properties
INFO  - 2015-01-31 18:57:37.474; org.apache.solr.update.DirectUpdateHandler2; start commit{,optimize=false,openSearcher=true,waitSearcher=true,expungeDeletes=false,softCommit=false,prepareCommit=false}
INFO  - 2015-01-31 18:57:37.474; org.apache.solr.update.DirectUpdateHandler2; No uncommitted changes. Skipping IW.commit.
INFO  - 2015-01-31 18:57:37.474; org.apache.solr.handler.dataimport.SimplePropertiesWriter; Wrote last indexed time to dataimport14.properties
INFO  - 2015-01-31 18:57:37.474; org.apache.solr.core.SolrCore; SolrIndexSearcher has not changed - not re-opening: org.apache.solr.search.SolrIndexSearcher
INFO  - 2015-01-31 18:57:37.474; org.apache.solr.handler.dataimport.DocBuilder; Time taken = 0:18:3.519
INFO  - 2015-01-31 18:57:37.474; org.apache.solr.update.DirectUpdateHandler2; end_commit_flush
INFO  - 2015-01-31 18:57:37.474; org.apache.solr.update.processor.LogUpdateProcessor; [ProductsCoreThird] webapp=/migrossolr path=/dataimport14 params={debug=false&optimize=false&indent=true&commit=true&clean=true&rows=1500&wt=json&command=full-import&verbose=false} status=0 QTime=14 {deleteByQuery=*:* (-1491840089150455808),add=[476170 (1491840089876070401), 848113 (1491840089984073728), 849444 (1491840090007142400), 836134 (1491840090044891136), 837465 (1491840090244120576), 848234 (1491840091472003072), 849565 (1491840091494023168), 836255 (1491840091507654656), 837586 (1491840091527577600), 811087 (1491840091553792000), ... (1311 adds)],commit=} 0 14
WARN  - 2015-01-31 18:57:37.475; org.apache.solr.handler.dataimport.SimplePropertiesWriter; Unable to read: dataimport10.properties
INFO  - 2015-01-31 18:57:37.475; org.apache.solr.update.DirectUpdateHandler2; start commit{,optimize=false,openSearcher=true,waitSearcher=true,expungeDeletes=false,softCommit=false,prepareCommit=false}
INFO  - 2015-01-31 18:57:37.475; org.apache.solr.handler.dataimport.SimplePropertiesWriter; Wrote last indexed time to dataimport10.properties
INFO  - 2015-01-31 18:57:37.475; org.apache.solr.update.DirectUpdateHandler2; No uncommitted changes. Skipping IW.commit.
INFO  - 2015-01-31 18:57:37.475; org.apache.solr.handler.dataimport.DocBuilder; Time taken = 0:16:46.986
INFO  - 2015-01-31 18:57:37.475; org.apache.solr.update.processor.LogUpdateProcessor; [ProductsCoreThird] webapp=/migrossolr path=/dataimport10 params={debug=false&optimize=false&indent=true&commit=true&clean=true&rows=1500&wt=json&command=full-import&verbose=false} status=0 QTime=10 {deleteByQuery=*:* (-1491840170243129344),add=[809980 (1491840170851303424), 818450 (1491840171157487616), 817240 (1491840171241373696), 817361 (1491840171585306624), 818692 (1491840171629346816), 817482 (1491840171651366912), 816272 (1491840172555239424), 839020 (1491840173382565888), 827041 (1491840173420314624), 816393 (1491840173467500544), ... (1311 adds)],commit=} 0 10
INFO  - 2015-01-31 18:57:37.475; org.apache.solr.core.SolrCore; SolrIndexSearcher has not changed - not re-opening: org.apache.solr.search.SolrIndexSearcher
INFO  - 2015-01-31 18:57:37.475; org.apache.solr.update.DirectUpdateHandler2; end_commit_flush
INFO  - 2015-01-31 18:57:37.475; org.apache.solr.update.DirectUpdateHandler2; start commit{,optimize=false,openSearcher=true,waitSearcher=true,expungeDeletes=false,softCommit=false,prepareCommit=false}
WARN  - 2015-01-31 18:57:37.475; org.apache.solr.handler.dataimport.SimplePropertiesWriter; Unable to read: dataimport2.properties
INFO  - 2015-01-31 18:57:37.476; org.apache.solr.update.DirectUpdateHandler2; No uncommitted changes. Skipping IW.commit.
INFO  - 2015-01-31 18:57:37.476; org.apache.solr.handler.dataimport.SimplePropertiesWriter; Wrote last indexed time to dataimport2.properties
INFO  - 2015-01-31 18:57:37.476; org.apache.solr.core.SolrCore; SolrIndexSearcher has not changed - not re-opening: org.apache.solr.search.SolrIndexSearcher
INFO  - 2015-01-31 18:57:37.476; org.apache.solr.handler.dataimport.DocBuilder; Time taken = 0:19:5.116
INFO  - 2015-01-31 18:57:37.476; org.apache.solr.update.processor.LogUpdateProcessor; [ProductsCoreThird] webapp=/migrossolr path=/dataimport2 params={debug=false&optimize=false&indent=true&commit=true&clean=true&rows=1500&wt=json&command=full-import&verbose=false} status=0 QTime=9 {deleteByQuery=*:* (-1491840022821732352),add=[834417 (1491840023173005312), 111211 (1491840023206559744), 486553 (1491840023361748992), 846528 (1491840023759159296), 833218 (1491840024009768961), 111343 (1491840024030740480), 845318 (1491840024771035136), 844108 (1491840024782569472), 845439 (1491840024864358400), 832129 (1491840024879038464), ... (1311 adds)],commit=} 0 9
INFO  - 2015-01-31 18:57:37.476; org.apache.solr.update.DirectUpdateHandler2; end_commit_flush
INFO  - 2015-01-31 18:57:37.476; org.apache.solr.update.DirectUpdateHandler2; start commit{,optimize=false,openSearcher=true,waitSearcher=true,expungeDeletes=false,softCommit=false,prepareCommit=false}
INFO  - 2015-01-31 18:57:37.477; org.apache.solr.update.DirectUpdateHandler2; No uncommitted changes. Skipping IW.commit.
WARN  - 2015-01-31 18:57:37.476; org.apache.solr.handler.dataimport.SimplePropertiesWriter; Unable to read: dataimport20.properties
INFO  - 2015-01-31 18:57:37.477; org.apache.solr.core.SolrCore; SolrIndexSearcher has not changed - not re-opening: org.apache.solr.search.SolrIndexSearcher
INFO  - 2015-01-31 18:57:37.477; org.apache.solr.update.DirectUpdateHandler2; end_commit_flush
INFO  - 2015-01-31 18:57:37.477; org.apache.solr.handler.dataimport.SimplePropertiesWriter; Wrote last indexed time to dataimport20.properties
WARN  - 2015-01-31 18:57:37.477; org.apache.solr.handler.dataimport.SimplePropertiesWriter; Unable to read: dataimport22.properties
INFO  - 2015-01-31 18:57:37.477; org.apache.solr.handler.dataimport.DocBuilder; Time taken = 0:17:14.867
INFO  - 2015-01-31 18:57:37.477; org.apache.solr.update.DirectUpdateHandler2; start commit{,optimize=false,openSearcher=true,waitSearcher=true,expungeDeletes=false,softCommit=false,prepareCommit=false}
INFO  - 2015-01-31 18:57:37.477; org.apache.solr.update.DirectUpdateHandler2; No uncommitted changes. Skipping IW.commit.
INFO  - 2015-01-31 18:57:37.477; org.apache.solr.handler.dataimport.SimplePropertiesWriter; Wrote last indexed time to dataimport22.properties
INFO  - 2015-01-31 18:57:37.477; org.apache.solr.update.processor.LogUpdateProcessor; [ProductsCoreThird] webapp=/migrossolr path=/dataimport20 params={debug=false&optimize=false&indent=true&commit=true&clean=true&rows=1500&wt=json&command=full-import&verbose=false} status=0 QTime=8 {deleteByQuery=*:* (-1491840138587668480),add=[827329 (1491840138906435584), 129533 (1491840138924261376), 839429 (1491840139092033536), 105575 (1491840140972130304), 841860 (1491840142288093184), 838219 (1491840142813429760), 115013 (1491840142859567104), 840650 (1491840143952183297), 841981 (1491840144001466368), 103155 (1491840144025583616), ... (1311 adds)],commit=} 0 8
INFO  - 2015-01-31 18:57:37.478; org.apache.solr.core.SolrCore; SolrIndexSearcher has not changed - not re-opening: org.apache.solr.search.SolrIndexSearcher
INFO  - 2015-01-31 18:57:37.478; org.apache.solr.handler.dataimport.DocBuilder; Time taken = 0:17:27.632
INFO  - 2015-01-31 18:57:37.478; org.apache.solr.update.DirectUpdateHandler2; end_commit_flush
INFO  - 2015-01-31 18:57:37.478; org.apache.solr.update.processor.LogUpdateProcessor; [ProductsCoreThird] webapp=/migrossolr path=/dataimport22 params={debug=false&optimize=false&indent=true&commit=true&clean=true&rows=1500&wt=json&command=full-import&verbose=false} status=0 QTime=9 {deleteByQuery=*:* (-1491840124992880640),add=[832467 (1491840125180575744), 855215 (1491840125719543808), 146650 (1491840126093885440), 854005 (1491840126113808384), 831378 (1491840126151557120), 855457 (1491840126373855232), 747767 (1491840126429429760), 143020 (1491840126449352704), 843599 (1491840126555258880), 830289 (1491840126640193536), ... (1311 adds)],commit=} 0 9
INFO  - 2015-01-31 18:57:37.478; org.apache.solr.update.DirectUpdateHandler2; start commit{,optimize=false,openSearcher=true,waitSearcher=true,expungeDeletes=false,softCommit=false,prepareCommit=false}
INFO  - 2015-01-31 18:57:37.478; org.apache.solr.update.DirectUpdateHandler2; No uncommitted changes. Skipping IW.commit.
WARN  - 2015-01-31 18:57:37.478; org.apache.solr.handler.dataimport.SimplePropertiesWriter; Unable to read: dataimport6.properties
INFO  - 2015-01-31 18:57:37.479; org.apache.solr.core.SolrCore; SolrIndexSearcher has not changed - not re-opening: org.apache.solr.search.SolrIndexSearcher
INFO  - 2015-01-31 18:57:37.479; org.apache.solr.update.DirectUpdateHandler2; end_commit_flush
INFO  - 2015-01-31 18:57:37.479; org.apache.solr.handler.dataimport.SimplePropertiesWriter; Wrote last indexed time to dataimport6.properties
INFO  - 2015-01-31 18:57:37.479; org.apache.solr.update.DirectUpdateHandler2; start commit{,optimize=false,openSearcher=true,waitSearcher=true,expungeDeletes=false,softCommit=false,prepareCommit=false}
INFO  - 2015-01-31 18:57:37.479; org.apache.solr.update.DirectUpdateHandler2; No uncommitted changes. Skipping IW.commit.
WARN  - 2015-01-31 18:57:37.479; org.apache.solr.handler.dataimport.SimplePropertiesWriter; Unable to read: dataimport21.properties
INFO  - 2015-01-31 18:57:37.479; org.apache.solr.handler.dataimport.DocBuilder; Time taken = 0:20:6.308
INFO  - 2015-01-31 18:57:37.479; org.apache.solr.handler.dataimport.SimplePropertiesWriter; Wrote last indexed time to dataimport21.properties
INFO  - 2015-01-31 18:57:37.480; org.apache.solr.handler.dataimport.DocBuilder; Time taken = 0:17:7.168
INFO  - 2015-01-31 18:57:37.480; org.apache.solr.update.processor.LogUpdateProcessor; [ProductsCoreThird] webapp=/migrossolr path=/dataimport21 params={debug=false&optimize=false&indent=true&commit=true&clean=true&rows=1500&wt=json&command=full-import&verbose=false} status=0 QTime=8 {deleteByQuery=*:* (-1491840148517683200),add=[838725 (1491840150182821888), 800126 (1491840150203793408), 837515 (1491840150416654336), 813557 (1491840150464888832), 800247 (1491840150536192000), 608704 (1491840150717595648), 849615 (1491840150977642496), 836305 (1491840151008051200), 837636 (1491840151035314176), 705867 (1491840153050677256), ... (1311 adds)],commit=} 0 8
INFO  - 2015-01-31 18:57:37.479; org.apache.solr.core.SolrCore; SolrIndexSearcher has not changed - not re-opening: org.apache.solr.search.SolrIndexSearcher
INFO  - 2015-01-31 18:57:37.479; org.apache.solr.update.processor.LogUpdateProcessor; [ProductsCoreThird] webapp=/migrossolr path=/dataimport6 params={debug=false&optimize=false&indent=true&commit=true&clean=true&rows=1500&wt=json&command=full-import&verbose=false} status=0 QTime=30 {deleteByQuery=*:* (-1491839957022539776),add=[221556 (1491839957151514624), 340015 (1491839957380104192), 690068 (1491839957730328576), 232325 (1491839957745008640), 499856 (1491839957821554688), 148725 (1491839959396515840), 111578 (1491839959768760320), 148967 (1491839961659342848), 267426 (1491839961726451712), 121016 (1491839961939312640), ... (1311 adds)],commit=} 0 30
INFO  - 2015-01-31 18:57:37.480; org.apache.solr.update.DirectUpdateHandler2; end_commit_flush
WARN  - 2015-01-31 18:57:37.480; org.apache.solr.handler.dataimport.SimplePropertiesWriter; Unable to read: dataimport7.properties
INFO  - 2015-01-31 18:57:37.481; org.apache.solr.update.DirectUpdateHandler2; start commit{,optimize=false,openSearcher=true,waitSearcher=true,expungeDeletes=false,softCommit=false,prepareCommit=false}
INFO  - 2015-01-31 18:57:37.481; org.apache.solr.update.DirectUpdateHandler2; No uncommitted changes. Skipping IW.commit.
INFO  - 2015-01-31 18:57:37.481; org.apache.solr.core.SolrCore; SolrIndexSearcher has not changed - not re-opening: org.apache.solr.search.SolrIndexSearcher
INFO  - 2015-01-31 18:57:37.481; org.apache.solr.update.DirectUpdateHandler2; end_commit_flush
INFO  - 2015-01-31 18:57:37.481; org.apache.solr.handler.dataimport.SimplePropertiesWriter; Wrote last indexed time to dataimport7.properties
INFO  - 2015-01-31 18:57:37.481; org.apache.solr.update.DirectUpdateHandler2; start commit{,optimize=false,openSearcher=true,waitSearcher=true,expungeDeletes=false,softCommit=false,prepareCommit=false}
INFO  - 2015-01-31 18:57:37.481; org.apache.solr.update.DirectUpdateHandler2; No uncommitted changes. Skipping IW.commit.
WARN  - 2015-01-31 18:57:37.481; org.apache.solr.handler.dataimport.SimplePropertiesWriter; Unable to read: dataimport23.properties
INFO  - 2015-01-31 18:57:37.481; org.apache.solr.handler.dataimport.DocBuilder; Time taken = 0:19:56.348
INFO  - 2015-01-31 18:57:37.482; org.apache.solr.update.processor.LogUpdateProcessor; [ProductsCoreThird] webapp=/migrossolr path=/dataimport7 params={debug=false&optimize=false&indent=true&commit=true&clean=true&rows=1500&wt=json&command=full-import&verbose=false} status=0 QTime=20 {deleteByQuery=*:* (-1491839968197214208),add=[799948 (1491839968346112000), 797407 (1491839968427900928), 798738 (1491839968445726720), 196653 (1491839968561070080), 798859 (1491839974216040448), 676528 (1491839974226526208), 567507 (1491839975009812480), 687418 (1491839975016103936), 579728 (1491839975095795712), 445418 (1491839975120961536), ... (1311 adds)],commit=} 0 20
INFO  - 2015-01-31 18:57:37.481; org.apache.solr.core.SolrCore; SolrIndexSearcher has not changed - not re-opening: org.apache.solr.search.SolrIndexSearcher
INFO  - 2015-01-31 18:57:37.482; org.apache.solr.handler.dataimport.SimplePropertiesWriter; Wrote last indexed time to dataimport23.properties
INFO  - 2015-01-31 18:57:37.482; org.apache.solr.handler.dataimport.DocBuilder; Time taken = 0:17:21.531
INFO  - 2015-01-31 18:57:37.482; org.apache.solr.update.processor.LogUpdateProcessor; [ProductsCoreThird] webapp=/migrossolr path=/dataimport23 params={debug=false&optimize=false&indent=true&commit=true&clean=true&rows=1500&wt=json&command=full-import&verbose=false} status=0 QTime=10 {deleteByQuery=*:* (-1491840135157776384),add=[522015 (1491840135870808064), 776236 (1491840135972519936), 186251 (1491840136072134657), 548877 (1491840138884415494), 799105 (1491840140565282816), 401257 (1491840141812039680), 799226 (1491840149199257608), 666247 (1491840149937455104), 787368 (1491840153051725824), 208504 (1491840153078988802), ... (1304 adds)],commit=} 0 10
INFO  - 2015-01-31 18:57:37.482; org.apache.solr.update.DirectUpdateHandler2; end_commit_flush
WARN  - 2015-01-31 18:57:37.482; org.apache.solr.handler.dataimport.SimplePropertiesWriter; Unable to read: dataimport4.properties
INFO  - 2015-01-31 18:57:37.482; org.apache.solr.update.DirectUpdateHandler2; start commit{,optimize=false,openSearcher=true,waitSearcher=true,expungeDeletes=false,softCommit=false,prepareCommit=false}
INFO  - 2015-01-31 18:57:37.482; org.apache.solr.update.DirectUpdateHandler2; No uncommitted changes. Skipping IW.commit.
INFO  - 2015-01-31 18:57:37.483; org.apache.solr.handler.dataimport.SimplePropertiesWriter; Wrote last indexed time to dataimport4.properties
INFO  - 2015-01-31 18:57:37.483; org.apache.solr.core.SolrCore; SolrIndexSearcher has not changed - not re-opening: org.apache.solr.search.SolrIndexSearcher
INFO  - 2015-01-31 18:57:37.483; org.apache.solr.handler.dataimport.DocBuilder; Time taken = 0:18:48.419
INFO  - 2015-01-31 18:57:37.483; org.apache.solr.update.processor.LogUpdateProcessor; [ProductsCoreThird] webapp=/migrossolr path=/dataimport4 params={debug=false&optimize=false&indent=true&commit=true&clean=true&rows=1500&wt=json&command=full-import&verbose=false} status=0 QTime=12 {deleteByQuery=*:* (-1491840047353167872),add=[800704 (1491840048300032001), 197167 (1491840048377626624), 691331 (1491840048518135808), 691584 (1491840048599924736), 810516 (1491840048649207808), 834716 (1491840049534205953), 111510 (1491840049653743616), 821406 (1491840054193029120), 810758 (1491840054622945280), 846816 (1491840054777085952), ... (1311 adds)],commit=} 0 12
INFO  - 2015-01-31 18:57:37.483; org.apache.solr.update.DirectUpdateHandler2; end_commit_flush
INFO  - 2015-01-31 18:57:37.483; org.apache.solr.update.DirectUpdateHandler2; start commit{,optimize=false,openSearcher=true,waitSearcher=true,expungeDeletes=false,softCommit=false,prepareCommit=false}
INFO  - 2015-01-31 18:57:37.483; org.apache.solr.update.DirectUpdateHandler2; No uncommitted changes. Skipping IW.commit.
INFO  - 2015-01-31 18:57:37.483; org.apache.solr.core.SolrCore; SolrIndexSearcher has not changed - not re-opening: org.apache.solr.search.SolrIndexSearcher
INFO  - 2015-01-31 18:57:37.483; org.apache.solr.update.DirectUpdateHandler2; end_commit_flush
WARN  - 2015-01-31 18:57:37.484; org.apache.solr.handler.dataimport.SimplePropertiesWriter; Unable to read: dataimport8.properties
WARN  - 2015-01-31 18:57:37.484; org.apache.solr.handler.dataimport.SimplePropertiesWriter; Unable to read: dataimport5.properties
INFO  - 2015-01-31 18:57:37.484; org.apache.solr.handler.dataimport.SimplePropertiesWriter; Wrote last indexed time to dataimport8.properties
INFO  - 2015-01-31 18:57:37.484; org.apache.solr.handler.dataimport.SimplePropertiesWriter; Wrote last indexed time to dataimport5.properties
INFO  - 2015-01-31 18:57:37.484; org.apache.solr.handler.dataimport.DocBuilder; Time taken = 0:18:40.672
INFO  - 2015-01-31 18:57:37.484; org.apache.solr.update.processor.LogUpdateProcessor; [ProductsCoreThird] webapp=/migrossolr path=/dataimport5 params={debug=false&optimize=false&indent=true&commit=true&clean=true&rows=1500&wt=json&command=full-import&verbose=false} status=0 QTime=8 {deleteByQuery=*:* (-1491840048255991808),add=[830119 (1491840048333586433), 146964 (1491840048372383744), 482497 (1491840049889673216), 853109 (1491840050635210752), 155555 (1491840050669813760), 153014 (1491840052696711168), 155797 (1491840052912717824), 154587 (1491840054621896704), 406619 (1491840054662791168), 189314 (1491840054933323776), ... (1311 adds)],commit=} 0 8
INFO  - 2015-01-31 18:57:37.484; org.apache.solr.handler.dataimport.DocBuilder; Time taken = 0:19:47.785
INFO  - 2015-01-31 18:57:37.484; org.apache.solr.update.processor.LogUpdateProcessor; [ProductsCoreThird] webapp=/migrossolr path=/dataimport8 params={debug=false&optimize=false&indent=true&commit=true&clean=true&rows=1500&wt=json&command=full-import&verbose=false} status=0 QTime=9 {deleteByQuery=*:* (-1491839977656418304),add=[588607 (1491839977815801856), 190286 (1491839977855647744), 201528 (1491839978017128448), 105817 (1491839978126180352), 358707 (1491839979022712832), 213749 (1491839979033198592), 103518 (1491839979084578816), 851903 (1491839979233476608), 101219 (1491839979255496704), 221009 (1491839980370132992), ... (1311 adds)],commit=} 0 9
INFO  - 2015-01-31 18:57:38.107; org.apache.solr.core.SolrCore; [ProductsCoreThird] webapp=/migrossolr path=/admin/mbeans params={cat=QUERYHANDLER&wt=json&_=1422730656924} status=0 QTime=1 
INFO  - 2015-01-31 18:57:38.108; org.apache.solr.core.SolrCore; [ProductsCoreThird] webapp=/migrossolr path=/dataimport23 params={indent=true&command=show-config&_=1422730656924} status=0 QTime=1 
INFO  - 2015-01-31 18:57:38.109; org.apache.solr.core.SolrCore; [ProductsCoreThird] webapp=/migrossolr path=/dataimport23 params={indent=true&wt=json&command=status&_=1422730656926} status=0 QTime=0 
INFO  - 2015-01-31 18:57:40.276; org.apache.solr.core.SolrCore; [ProductsCoreThird] webapp=/migrossolr path=/admin/mbeans params={cat=QUERYHANDLER&wt=json&_=1422730659104} status=0 QTime=0 
INFO  - 2015-01-31 18:57:40.277; org.apache.solr.core.SolrCore; [ProductsCoreThird] webapp=/migrossolr path=/dataimport22 params={indent=true&command=show-config&_=1422730659104} status=0 QTime=0 
INFO  - 2015-01-31 18:57:40.279; org.apache.solr.core.SolrCore; [ProductsCoreThird] webapp=/migrossolr path=/dataimport22 params={indent=true&wt=json&command=status&_=1422730659106} status=0 QTime=0 
INFO  - 2015-01-31 18:57:42.520; org.apache.solr.core.SolrCore; [ProductsCoreThird] webapp=/migrossolr path=/admin/mbeans params={cat=QUERYHANDLER&wt=json&_=1422730661354} status=0 QTime=1 
INFO  - 2015-01-31 18:57:42.521; org.apache.solr.core.SolrCore; [ProductsCoreThird] webapp=/migrossolr path=/dataimport18 params={indent=true&command=show-config&_=1422730661357} status=0 QTime=0 
INFO  - 2015-01-31 18:57:42.522; org.apache.solr.core.SolrCore; [ProductsCoreThird] webapp=/migrossolr path=/dataimport18 params={indent=true&wt=json&command=status&_=1422730661359} status=0 QTime=1 
INFO  - 2015-01-31 18:57:44.186; org.apache.solr.core.SolrCore; [ProductsCoreThird] webapp=/migrossolr path=/admin/mbeans params={cat=QUERYHANDLER&wt=json&_=1422730663027} status=0 QTime=0 
INFO  - 2015-01-31 18:57:44.187; org.apache.solr.core.SolrCore; [ProductsCoreThird] webapp=/migrossolr path=/dataimport17 params={indent=true&command=show-config&_=1422730663029} status=0 QTime=0 
INFO  - 2015-01-31 18:57:44.190; org.apache.solr.core.SolrCore; [ProductsCoreThird] webapp=/migrossolr path=/dataimport17 params={indent=true&wt=json&command=status&_=1422730663032} status=0 QTime=0 
INFO  - 2015-01-31 18:57:45.963; org.apache.solr.core.SolrCore; [ProductsCoreThird] webapp=/migrossolr path=/admin/mbeans params={cat=QUERYHANDLER&wt=json&_=1422730664805} status=0 QTime=0 
INFO  - 2015-01-31 18:57:45.966; org.apache.solr.core.SolrCore; [ProductsCoreThird] webapp=/migrossolr path=/dataimport19 params={indent=true&command=show-config&_=1422730664805} status=0 QTime=1 
INFO  - 2015-01-31 18:57:45.986; org.apache.solr.core.SolrCore; [ProductsCoreThird] webapp=/migrossolr path=/dataimport19 params={indent=true&wt=json&command=status&_=1422730664808} status=0 QTime=1 
INFO  - 2015-01-31 18:57:47.524; org.apache.solr.core.SolrCore; [ProductsCoreThird] webapp=/migrossolr path=/admin/mbeans params={cat=QUERYHANDLER&wt=json&_=1422730666325} status=0 QTime=0 
INFO  - 2015-01-31 18:57:47.526; org.apache.solr.core.SolrCore; [ProductsCoreThird] webapp=/migrossolr path=/dataimport14 params={indent=true&command=show-config&_=1422730666325} status=0 QTime=1 
INFO  - 2015-01-31 18:57:47.527; org.apache.solr.core.SolrCore; [ProductsCoreThird] webapp=/migrossolr path=/dataimport14 params={indent=true&wt=json&command=status&_=1422730666328} status=0 QTime=0 
INFO  - 2015-01-31 18:57:49.776; org.apache.solr.core.SolrCore; [ProductsCoreThird] webapp=/migrossolr path=/admin/mbeans params={cat=QUERYHANDLER&wt=json&_=1422730668602} status=0 QTime=0 
INFO  - 2015-01-31 18:57:49.777; org.apache.solr.core.SolrCore; [ProductsCoreThird] webapp=/migrossolr path=/dataimport13 params={indent=true&command=show-config&_=1422730668605} status=0 QTime=0 
INFO  - 2015-01-31 18:57:49.778; org.apache.solr.core.SolrCore; [ProductsCoreThird] webapp=/migrossolr path=/dataimport13 params={indent=true&wt=json&command=status&_=1422730668607} status=0 QTime=0 
INFO  - 2015-01-31 18:57:51.501; org.apache.solr.core.SolrCore; [ProductsCoreThird] webapp=/migrossolr path=/admin/mbeans params={cat=QUERYHANDLER&wt=json&_=1422730670322} status=0 QTime=0 
INFO  - 2015-01-31 18:57:51.518; org.apache.solr.core.SolrCore; [ProductsCoreThird] webapp=/migrossolr path=/dataimport16 params={indent=true&command=show-config&_=1422730670322} status=0 QTime=0 
INFO  - 2015-01-31 18:57:51.519; org.apache.solr.core.SolrCore; [ProductsCoreThird] webapp=/migrossolr path=/dataimport16 params={indent=true&wt=json&command=status&_=1422730670325} status=0 QTime=0 
INFO  - 2015-01-31 18:57:53.112; org.apache.solr.core.SolrCore; [ProductsCoreThird] webapp=/migrossolr path=/admin/mbeans params={cat=QUERYHANDLER&wt=json&_=1422730671935} status=0 QTime=0 
INFO  - 2015-01-31 18:57:53.113; org.apache.solr.core.SolrCore; [ProductsCoreThird] webapp=/migrossolr path=/dataimport15 params={indent=true&command=show-config&_=1422730671938} status=0 QTime=1 
INFO  - 2015-01-31 18:57:53.115; org.apache.solr.core.SolrCore; [ProductsCoreThird] webapp=/migrossolr path=/dataimport15 params={indent=true&wt=json&command=status&_=1422730671938} status=0 QTime=0 
INFO  - 2015-01-31 18:57:54.623; org.apache.solr.core.SolrCore; [ProductsCoreThird] webapp=/migrossolr path=/admin/mbeans params={cat=QUERYHANDLER&wt=json&_=1422730673450} status=0 QTime=0 
INFO  - 2015-01-31 18:57:54.625; org.apache.solr.core.SolrCore; [ProductsCoreThird] webapp=/migrossolr path=/dataimport5 params={indent=true&wt=json&command=status&_=1422730673454} status=0 QTime=0 
INFO  - 2015-01-31 18:57:54.625; org.apache.solr.core.SolrCore; [ProductsCoreThird] webapp=/migrossolr path=/dataimport5 params={indent=true&command=show-config&_=1422730673452} status=0 QTime=0 
INFO  - 2015-01-31 18:57:57.680; org.apache.solr.core.SolrCore; [ProductsCoreThird] webapp=/migrossolr path=/select params={q=*:*&indent=true&wt=json&_=1422730676475} hits=27891 status=0 QTime=30 
INFO  - 2015-01-31 19:01:42.694; org.apache.solr.core.SolrCore; [ProductsCoreThird] webapp=/migrossolr path=/select params={q=*:*&indent=true&wt=json&_=1422730901217} hits=27891 status=0 QTime=94 
INFO  - 2015-01-31 19:12:18.921; org.apache.solr.core.SolrCore; [ProductsCoreThird] webapp=/migrossolr path=/select params={q=*:*&indent=true&wt=json&_=1422731537154} hits=27891 status=0 QTime=24 
INFO  - 2015-01-31 19:13:13.346; org.apache.solr.core.SolrCore; [ProductsCoreThird] webapp=/migrossolr path=/admin/mbeans params={cat=QUERYHANDLER&wt=json&_=1422731592050} status=0 QTime=1 
INFO  - 2015-01-31 19:13:15.040; org.apache.solr.core.SolrCore; [ProductsCoreThird] webapp=/migrossolr path=/admin/mbeans params={cat=QUERYHANDLER&wt=json&_=1422731593881} status=0 QTime=0 
INFO  - 2015-01-31 19:13:15.195; org.apache.solr.core.SolrCore; [ProductsCoreThird] webapp=/migrossolr path=/dataimport6 params={indent=true&command=show-config&_=1422731593882} status=0 QTime=2 
INFO  - 2015-01-31 19:13:15.647; org.apache.solr.core.SolrCore; [ProductsCoreThird] webapp=/migrossolr path=/dataimport6 params={indent=true&wt=json&command=status&_=1422731593885} status=0 QTime=0 
INFO  - 2015-01-31 19:13:18.740; org.apache.solr.core.SolrCore; [ProductsCoreThird] webapp=/migrossolr path=/admin/mbeans params={cat=QUERYHANDLER&wt=json&_=1422731597588} status=0 QTime=1 
INFO  - 2015-01-31 19:13:18.741; org.apache.solr.core.SolrCore; [ProductsCoreThird] webapp=/migrossolr path=/dataimport7 params={indent=true&command=show-config&_=1422731597588} status=0 QTime=1 
INFO  - 2015-01-31 19:13:18.741; org.apache.solr.core.SolrCore; [ProductsCoreThird] webapp=/migrossolr path=/dataimport7 params={indent=true&wt=json&command=status&_=1422731597591} status=0 QTime=0 
INFO  - 2015-01-31 19:13:20.669; org.apache.solr.core.SolrCore; [ProductsCoreThird] webapp=/migrossolr path=/admin/mbeans params={cat=QUERYHANDLER&wt=json&_=1422731599530} status=0 QTime=0 
INFO  - 2015-01-31 19:13:20.671; org.apache.solr.core.SolrCore; [ProductsCoreThird] webapp=/migrossolr path=/dataimport8 params={indent=true&command=show-config&_=1422731599533} status=0 QTime=0 
INFO  - 2015-01-31 19:13:20.672; org.apache.solr.core.SolrCore; [ProductsCoreThird] webapp=/migrossolr path=/dataimport8 params={indent=true&wt=json&command=status&_=1422731599535} status=0 QTime=0 
INFO  - 2015-01-31 19:13:22.809; org.apache.solr.core.SolrCore; [ProductsCoreThird] webapp=/migrossolr path=/admin/mbeans params={cat=QUERYHANDLER&wt=json&_=1422731601671} status=0 QTime=0 
INFO  - 2015-01-31 19:13:22.812; org.apache.solr.core.SolrCore; [ProductsCoreThird] webapp=/migrossolr path=/dataimport9 params={indent=true&command=show-config&_=1422731601671} status=0 QTime=0 
INFO  - 2015-01-31 19:13:22.813; org.apache.solr.core.SolrCore; [ProductsCoreThird] webapp=/migrossolr path=/dataimport9 params={indent=true&wt=json&command=status&_=1422731601673} status=0 QTime=0 
INFO  - 2015-01-31 19:13:24.384; org.apache.solr.core.SolrCore; [ProductsCoreThird] webapp=/migrossolr path=/admin/mbeans params={cat=QUERYHANDLER&wt=json&_=1422731603247} status=0 QTime=0 
INFO  - 2015-01-31 19:13:24.387; org.apache.solr.core.SolrCore; [ProductsCoreThird] webapp=/migrossolr path=/dataimport0 params={indent=true&command=show-config&_=1422731603247} status=0 QTime=0 
INFO  - 2015-01-31 19:13:24.388; org.apache.solr.core.SolrCore; [ProductsCoreThird] webapp=/migrossolr path=/dataimport0 params={indent=true&wt=json&command=status&_=1422731603249} status=0 QTime=0 
INFO  - 2015-01-31 19:13:25.992; org.apache.solr.core.SolrCore; [ProductsCoreThird] webapp=/migrossolr path=/admin/mbeans params={cat=QUERYHANDLER&wt=json&_=1422731604854} status=0 QTime=1 
INFO  - 2015-01-31 19:13:26.005; org.apache.solr.core.SolrCore; [ProductsCoreThird] webapp=/migrossolr path=/dataimport1 params={indent=true&command=show-config&_=1422731604854} status=0 QTime=0 
INFO  - 2015-01-31 19:13:26.022; org.apache.solr.core.SolrCore; [ProductsCoreThird] webapp=/migrossolr path=/dataimport1 params={indent=true&wt=json&command=status&_=1422731604857} status=0 QTime=0 
INFO  - 2015-01-31 19:13:28.535; org.apache.solr.core.SolrCore; [ProductsCoreThird] webapp=/migrossolr path=/admin/mbeans params={cat=QUERYHANDLER&wt=json&_=1422731607376} status=0 QTime=0 
INFO  - 2015-01-31 19:13:28.536; org.apache.solr.core.SolrCore; [ProductsCoreThird] webapp=/migrossolr path=/dataimport2 params={indent=true&command=show-config&_=1422731607379} status=0 QTime=0 
INFO  - 2015-01-31 19:13:28.537; org.apache.solr.core.SolrCore; [ProductsCoreThird] webapp=/migrossolr path=/dataimport2 params={indent=true&wt=json&command=status&_=1422731607379} status=0 QTime=0 
INFO  - 2015-01-31 19:13:31.659; org.apache.solr.core.SolrCore; [ProductsCoreThird] webapp=/migrossolr path=/admin/mbeans params={cat=QUERYHANDLER&wt=json&_=1422731610521} status=0 QTime=0 
INFO  - 2015-01-31 19:13:31.660; org.apache.solr.core.SolrCore; [ProductsCoreThird] webapp=/migrossolr path=/dataimport3 params={indent=true&command=show-config&_=1422731610521} status=0 QTime=0 
INFO  - 2015-01-31 19:13:31.674; org.apache.solr.core.SolrCore; [ProductsCoreThird] webapp=/migrossolr path=/dataimport3 params={indent=true&wt=json&command=status&_=1422731610523} status=0 QTime=0 
INFO  - 2015-01-31 19:13:33.862; org.apache.solr.core.SolrCore; [ProductsCoreThird] webapp=/migrossolr path=/admin/mbeans params={cat=QUERYHANDLER&wt=json&_=1422731612724} status=0 QTime=0 
INFO  - 2015-01-31 19:13:33.863; org.apache.solr.core.SolrCore; [ProductsCoreThird] webapp=/migrossolr path=/dataimport4 params={indent=true&command=show-config&_=1422731612724} status=0 QTime=0 
INFO  - 2015-01-31 19:13:33.864; org.apache.solr.core.SolrCore; [ProductsCoreThird] webapp=/migrossolr path=/dataimport4 params={indent=true&wt=json&command=status&_=1422731612726} status=0 QTime=0 
INFO  - 2015-01-31 19:13:35.449; org.apache.solr.core.SolrCore; [ProductsCoreThird] webapp=/migrossolr path=/admin/mbeans params={cat=QUERYHANDLER&wt=json&_=1422731614282} status=0 QTime=1 
INFO  - 2015-01-31 19:13:35.451; org.apache.solr.core.SolrCore; [ProductsCoreThird] webapp=/migrossolr path=/dataimport5 params={indent=true&command=show-config&_=1422731614282} status=0 QTime=0 
INFO  - 2015-01-31 19:13:35.451; org.apache.solr.core.SolrCore; [ProductsCoreThird] webapp=/migrossolr path=/dataimport5 params={indent=true&wt=json&command=status&_=1422731614285} status=0 QTime=0 
INFO  - 2015-01-31 19:13:37.063; org.apache.solr.core.SolrCore; [ProductsCoreThird] webapp=/migrossolr path=/admin/mbeans params={cat=QUERYHANDLER&wt=json&_=1422731615923} status=0 QTime=1 
INFO  - 2015-01-31 19:13:37.064; org.apache.solr.core.SolrCore; [ProductsCoreThird] webapp=/migrossolr path=/dataimport15 params={indent=true&command=show-config&_=1422731615923} status=0 QTime=1 
INFO  - 2015-01-31 19:13:37.066; org.apache.solr.core.SolrCore; [ProductsCoreThird] webapp=/migrossolr path=/dataimport15 params={indent=true&wt=json&command=status&_=1422731615926} status=0 QTime=1 
INFO  - 2015-01-31 19:13:39.287; org.apache.solr.core.SolrCore; [ProductsCoreThird] webapp=/migrossolr path=/admin/mbeans params={cat=QUERYHANDLER&wt=json&_=1422731618146} status=0 QTime=0 
INFO  - 2015-01-31 19:13:39.311; org.apache.solr.core.SolrCore; [ProductsCoreThird] webapp=/migrossolr path=/dataimport16 params={indent=true&command=show-config&_=1422731618149} status=0 QTime=0 
INFO  - 2015-01-31 19:13:39.313; org.apache.solr.core.SolrCore; [ProductsCoreThird] webapp=/migrossolr path=/dataimport16 params={indent=true&wt=json&command=status&_=1422731618151} status=0 QTime=0 
INFO  - 2015-01-31 19:13:40.976; org.apache.solr.core.SolrCore; [ProductsCoreThird] webapp=/migrossolr path=/admin/mbeans params={cat=QUERYHANDLER&wt=json&_=1422731619836} status=0 QTime=2 
INFO  - 2015-01-31 19:13:40.977; org.apache.solr.core.SolrCore; [ProductsCoreThird] webapp=/migrossolr path=/dataimport13 params={indent=true&command=show-config&_=1422731619839} status=0 QTime=0 
INFO  - 2015-01-31 19:13:40.978; org.apache.solr.core.SolrCore; [ProductsCoreThird] webapp=/migrossolr path=/dataimport13 params={indent=true&wt=json&command=status&_=1422731619839} status=0 QTime=0 
INFO  - 2015-01-31 19:13:43.027; org.apache.solr.core.SolrCore; [ProductsCoreThird] webapp=/migrossolr path=/admin/mbeans params={cat=QUERYHANDLER&wt=json&_=1422731621888} status=0 QTime=0 
INFO  - 2015-01-31 19:13:43.028; org.apache.solr.core.SolrCore; [ProductsCoreThird] webapp=/migrossolr path=/dataimport14 params={indent=true&command=show-config&_=1422731621888} status=0 QTime=1 
INFO  - 2015-01-31 19:13:43.029; org.apache.solr.core.SolrCore; [ProductsCoreThird] webapp=/migrossolr path=/dataimport14 params={indent=true&wt=json&command=status&_=1422731621890} status=0 QTime=1 
INFO  - 2015-01-31 19:13:45.059; org.apache.solr.core.SolrCore; [ProductsCoreThird] webapp=/migrossolr path=/admin/mbeans params={cat=QUERYHANDLER&wt=json&_=1422731623923} status=0 QTime=0 
INFO  - 2015-01-31 19:13:45.062; org.apache.solr.core.SolrCore; [ProductsCoreThird] webapp=/migrossolr path=/dataimport19 params={indent=true&command=show-config&_=1422731623923} status=0 QTime=1 
INFO  - 2015-01-31 19:13:45.062; org.apache.solr.core.SolrCore; [ProductsCoreThird] webapp=/migrossolr path=/dataimport19 params={indent=true&wt=json&command=status&_=1422731623925} status=0 QTime=0 
INFO  - 2015-01-31 19:13:46.631; org.apache.solr.core.SolrCore; [ProductsCoreThird] webapp=/migrossolr path=/admin/mbeans params={cat=QUERYHANDLER&wt=json&_=1422731625492} status=0 QTime=0 
INFO  - 2015-01-31 19:13:46.633; org.apache.solr.core.SolrCore; [ProductsCoreThird] webapp=/migrossolr path=/dataimport17 params={indent=true&command=show-config&_=1422731625492} status=0 QTime=1 
INFO  - 2015-01-31 19:13:46.634; org.apache.solr.core.SolrCore; [ProductsCoreThird] webapp=/migrossolr path=/dataimport17 params={indent=true&wt=json&command=status&_=1422731625495} status=0 QTime=0 
INFO  - 2015-01-31 19:13:48.737; org.apache.solr.core.SolrCore; [ProductsCoreThird] webapp=/migrossolr path=/admin/mbeans params={cat=QUERYHANDLER&wt=json&_=1422731627598} status=0 QTime=0 
INFO  - 2015-01-31 19:13:48.738; org.apache.solr.core.SolrCore; [ProductsCoreThird] webapp=/migrossolr path=/dataimport18 params={indent=true&command=show-config&_=1422731627601} status=0 QTime=0 
INFO  - 2015-01-31 19:13:48.772; org.apache.solr.core.SolrCore; [ProductsCoreThird] webapp=/migrossolr path=/dataimport18 params={indent=true&wt=json&command=status&_=1422731627601} status=0 QTime=0 
INFO  - 2015-01-31 19:13:50.722; org.apache.solr.core.SolrCore; [ProductsCoreThird] webapp=/migrossolr path=/admin/mbeans params={cat=QUERYHANDLER&wt=json&_=1422731629556} status=0 QTime=0 
INFO  - 2015-01-31 19:13:50.723; org.apache.solr.core.SolrCore; [ProductsCoreThird] webapp=/migrossolr path=/dataimport22 params={indent=true&command=show-config&_=1422731629558} status=0 QTime=0 
INFO  - 2015-01-31 19:13:50.725; org.apache.solr.core.SolrCore; [ProductsCoreThird] webapp=/migrossolr path=/dataimport22 params={indent=true&wt=json&command=status&_=1422731629558} status=0 QTime=0 
INFO  - 2015-01-31 19:13:52.402; org.apache.solr.core.SolrCore; [ProductsCoreThird] webapp=/migrossolr path=/admin/mbeans params={cat=QUERYHANDLER&wt=json&_=1422731631232} status=0 QTime=0 
INFO  - 2015-01-31 19:13:52.403; org.apache.solr.core.SolrCore; [ProductsCoreThird] webapp=/migrossolr path=/dataimport23 params={indent=true&command=show-config&_=1422731631235} status=0 QTime=0 
INFO  - 2015-01-31 19:13:52.404; org.apache.solr.core.SolrCore; [ProductsCoreThird] webapp=/migrossolr path=/dataimport23 params={indent=true&wt=json&command=status&_=1422731631235} status=0 QTime=0 
INFO  - 2015-01-31 19:13:54.548; org.apache.solr.core.SolrCore; [ProductsCoreThird] webapp=/migrossolr path=/admin/mbeans params={cat=QUERYHANDLER&wt=json&_=1422731633408} status=0 QTime=0 
INFO  - 2015-01-31 19:13:54.550; org.apache.solr.core.SolrCore; [ProductsCoreThird] webapp=/migrossolr path=/dataimport20 params={indent=true&command=show-config&_=1422731633410} status=0 QTime=0 
INFO  - 2015-01-31 19:13:54.551; org.apache.solr.core.SolrCore; [ProductsCoreThird] webapp=/migrossolr path=/dataimport20 params={indent=true&wt=json&command=status&_=1422731633412} status=0 QTime=0 
INFO  - 2015-01-31 19:13:56.204; org.apache.solr.core.SolrCore; [ProductsCoreThird] webapp=/migrossolr path=/admin/mbeans params={cat=QUERYHANDLER&wt=json&_=1422731635065} status=0 QTime=0 
INFO  - 2015-01-31 19:13:56.205; org.apache.solr.core.SolrCore; [ProductsCoreThird] webapp=/migrossolr path=/dataimport21 params={indent=true&command=show-config&_=1422731635065} status=0 QTime=0 
INFO  - 2015-01-31 19:13:56.206; org.apache.solr.core.SolrCore; [ProductsCoreThird] webapp=/migrossolr path=/dataimport21 params={indent=true&wt=json&command=status&_=1422731635067} status=0 QTime=0 
INFO  - 2015-01-31 19:13:58.102; org.apache.solr.core.SolrCore; [ProductsCoreThird] webapp=/migrossolr path=/admin/mbeans params={cat=QUERYHANDLER&wt=json&_=1422731636964} status=0 QTime=0 
INFO  - 2015-01-31 19:13:58.104; org.apache.solr.core.SolrCore; [ProductsCoreThird] webapp=/migrossolr path=/dataimport11 params={indent=true&command=show-config&_=1422731636966} status=0 QTime=0 
INFO  - 2015-01-31 19:13:58.106; org.apache.solr.core.SolrCore; [ProductsCoreThird] webapp=/migrossolr path=/dataimport11 params={indent=true&wt=json&command=status&_=1422731636966} status=0 QTime=0 
INFO  - 2015-01-31 19:14:06.416; org.apache.solr.core.SolrCore; [ProductsCoreThird] webapp=/migrossolr path=/admin/mbeans params={cat=QUERYHANDLER&wt=json&_=1422731645277} status=0 QTime=1 
INFO  - 2015-01-31 19:14:06.418; org.apache.solr.core.SolrCore; [ProductsCoreThird] webapp=/migrossolr path=/dataimport12 params={indent=true&command=show-config&_=1422731645277} status=0 QTime=1 
INFO  - 2015-01-31 19:14:06.420; org.apache.solr.core.SolrCore; [ProductsCoreThird] webapp=/migrossolr path=/dataimport12 params={indent=true&wt=json&command=status&_=1422731645281} status=0 QTime=0 
INFO  - 2015-01-31 19:14:09.353; org.apache.solr.core.SolrCore; [ProductsCoreThird] webapp=/migrossolr path=/admin/mbeans params={cat=QUERYHANDLER&wt=json&_=1422731648214} status=0 QTime=1 
INFO  - 2015-01-31 19:14:09.354; org.apache.solr.core.SolrCore; [ProductsCoreThird] webapp=/migrossolr path=/dataimport10 params={indent=true&command=show-config&_=1422731648214} status=0 QTime=1 
INFO  - 2015-01-31 19:14:09.354; org.apache.solr.core.SolrCore; [ProductsCoreThird] webapp=/migrossolr path=/dataimport10 params={indent=true&wt=json&command=status&_=1422731648214} status=0 QTime=0 
INFO  - 2015-01-31 19:14:25.032; org.apache.solr.core.CoreContainer; Shutting down CoreContainer instance=1894889160
INFO  - 2015-01-31 19:14:25.033; org.apache.solr.core.SolrCore; [ProductsCoreFirst]  CLOSING SolrCore org.apache.solr.core.SolrCore@46b8aef9
INFO  - 2015-01-31 19:14:25.036; org.apache.solr.update.DirectUpdateHandler2; closing DirectUpdateHandler2{commits=0,autocommits=0,soft autocommit maxTime=1000ms,soft autocommits=0,optimizes=0,rollbacks=0,expungeDeletes=0,docsPending=0,adds=0,deletesById=0,deletesByQuery=0,errors=0,cumulative_adds=0,cumulative_deletesById=0,cumulative_deletesByQuery=0,cumulative_errors=0,transaction_logs_total_size=386352973,transaction_logs_total_number=1}
INFO  - 2015-01-31 19:14:25.036; org.apache.solr.update.SolrCoreState; Closing SolrCoreState
INFO  - 2015-01-31 19:14:25.036; org.apache.solr.update.DefaultSolrCoreState; SolrCoreState ref count has reached 0 - closing IndexWriter
INFO  - 2015-01-31 19:14:25.036; org.apache.solr.update.DefaultSolrCoreState; closing IndexWriter with IndexWriterCloser
INFO  - 2015-01-31 19:14:25.040; org.apache.solr.core.SolrCore; [ProductsCoreFirst] Closing main searcher on request.
INFO  - 2015-01-31 19:14:25.042; org.apache.solr.core.CachingDirectoryFactory; Closing NRTCachingDirectoryFactory - 2 directories currently being tracked
INFO  - 2015-01-31 19:14:25.043; org.apache.solr.core.CachingDirectoryFactory; looking to close /opt/migros/data/ProductsCoreFirst [CachedDir<<refCount=0;path=/opt/migros/data/ProductsCoreFirst;done=false>>]
INFO  - 2015-01-31 19:14:25.043; org.apache.solr.core.CachingDirectoryFactory; Closing directory: /opt/migros/data/ProductsCoreFirst
INFO  - 2015-01-31 19:14:25.043; org.apache.solr.core.CachingDirectoryFactory; looking to close /opt/migros/data/ProductsCoreFirst/index [CachedDir<<refCount=0;path=/opt/migros/data/ProductsCoreFirst/index;done=false>>]
INFO  - 2015-01-31 19:14:25.043; org.apache.solr.core.CachingDirectoryFactory; Closing directory: /opt/migros/data/ProductsCoreFirst/index
INFO  - 2015-01-31 19:14:25.043; org.apache.solr.core.SolrCore; [ProductsCoreSecond]  CLOSING SolrCore org.apache.solr.core.SolrCore@2e08e886
INFO  - 2015-01-31 19:14:25.045; org.apache.solr.update.DirectUpdateHandler2; closing DirectUpdateHandler2{commits=0,autocommits=0,soft autocommit maxTime=1000ms,soft autocommits=0,optimizes=0,rollbacks=0,expungeDeletes=0,docsPending=0,adds=0,deletesById=0,deletesByQuery=0,errors=0,cumulative_adds=0,cumulative_deletesById=0,cumulative_deletesByQuery=0,cumulative_errors=0,transaction_logs_total_size=678834,transaction_logs_total_number=2}
INFO  - 2015-01-31 19:14:25.045; org.apache.solr.update.SolrCoreState; Closing SolrCoreState
INFO  - 2015-01-31 19:14:25.046; org.apache.solr.update.DefaultSolrCoreState; SolrCoreState ref count has reached 0 - closing IndexWriter
INFO  - 2015-01-31 19:14:25.046; org.apache.solr.update.DefaultSolrCoreState; closing IndexWriter with IndexWriterCloser
INFO  - 2015-01-31 19:14:25.049; org.apache.solr.core.SolrCore; [ProductsCoreSecond] Closing main searcher on request.
INFO  - 2015-01-31 19:14:25.050; org.apache.solr.core.CachingDirectoryFactory; Closing NRTCachingDirectoryFactory - 2 directories currently being tracked
INFO  - 2015-01-31 19:14:25.050; org.apache.solr.core.CachingDirectoryFactory; looking to close /opt/migros/data/ProductsCoreSecond [CachedDir<<refCount=0;path=/opt/migros/data/ProductsCoreSecond;done=false>>]
INFO  - 2015-01-31 19:14:25.051; org.apache.solr.core.CachingDirectoryFactory; Closing directory: /opt/migros/data/ProductsCoreSecond
INFO  - 2015-01-31 19:14:25.051; org.apache.solr.core.CachingDirectoryFactory; looking to close /opt/migros/data/ProductsCoreSecond/index [CachedDir<<refCount=0;path=/opt/migros/data/ProductsCoreSecond/index;done=false>>]
INFO  - 2015-01-31 19:14:25.051; org.apache.solr.core.CachingDirectoryFactory; Closing directory: /opt/migros/data/ProductsCoreSecond/index
INFO  - 2015-01-31 19:14:25.051; org.apache.solr.core.SolrCore; [Products]  CLOSING SolrCore org.apache.solr.core.SolrCore@45ebeac1
INFO  - 2015-01-31 19:14:25.053; org.apache.solr.update.DirectUpdateHandler2; closing DirectUpdateHandler2{commits=0,autocommit maxTime=15000ms,autocommits=0,soft autocommits=0,optimizes=0,rollbacks=0,expungeDeletes=0,docsPending=0,adds=0,deletesById=0,deletesByQuery=0,errors=0,cumulative_adds=0,cumulative_deletesById=0,cumulative_deletesByQuery=0,cumulative_errors=0,transaction_logs_total_size=0,transaction_logs_total_number=0}
INFO  - 2015-01-31 19:14:25.053; org.apache.solr.update.SolrCoreState; Closing SolrCoreState
INFO  - 2015-01-31 19:14:25.053; org.apache.solr.update.DefaultSolrCoreState; SolrCoreState ref count has reached 0 - closing IndexWriter
INFO  - 2015-01-31 19:14:25.053; org.apache.solr.update.DefaultSolrCoreState; closing IndexWriter with IndexWriterCloser
INFO  - 2015-01-31 19:14:25.054; org.apache.solr.core.SolrCore; [Products] Closing main searcher on request.
INFO  - 2015-01-31 19:14:25.055; org.apache.solr.core.CachingDirectoryFactory; Closing NRTCachingDirectoryFactory - 2 directories currently being tracked
INFO  - 2015-01-31 19:14:25.055; org.apache.solr.core.CachingDirectoryFactory; looking to close /opt/migros/data/Products/index [CachedDir<<refCount=0;path=/opt/migros/data/Products/index;done=false>>]
INFO  - 2015-01-31 19:14:25.055; org.apache.solr.core.CachingDirectoryFactory; Closing directory: /opt/migros/data/Products/index
INFO  - 2015-01-31 19:14:25.055; org.apache.solr.core.CachingDirectoryFactory; looking to close /opt/migros/data/Products [CachedDir<<refCount=0;path=/opt/migros/data/Products;done=false>>]
INFO  - 2015-01-31 19:14:25.055; org.apache.solr.core.CachingDirectoryFactory; Closing directory: /opt/migros/data/Products
INFO  - 2015-01-31 19:14:25.055; org.apache.solr.core.SolrCore; [ClickstreamClick]  CLOSING SolrCore org.apache.solr.core.SolrCore@10ce68f8
INFO  - 2015-01-31 19:14:25.056; org.apache.solr.update.DirectUpdateHandler2; closing DirectUpdateHandler2{commits=0,autocommits=0,soft autocommit maxTime=1000ms,soft autocommits=0,optimizes=0,rollbacks=0,expungeDeletes=0,docsPending=0,adds=0,deletesById=0,deletesByQuery=0,errors=0,cumulative_adds=0,cumulative_deletesById=0,cumulative_deletesByQuery=0,cumulative_errors=0,transaction_logs_total_size=408951965,transaction_logs_total_number=1}
INFO  - 2015-01-31 19:14:25.056; org.apache.solr.update.SolrCoreState; Closing SolrCoreState
INFO  - 2015-01-31 19:14:25.057; org.apache.solr.update.DefaultSolrCoreState; SolrCoreState ref count has reached 0 - closing IndexWriter
INFO  - 2015-01-31 19:14:25.057; org.apache.solr.update.DefaultSolrCoreState; closing IndexWriter with IndexWriterCloser
INFO  - 2015-01-31 19:14:25.058; org.apache.solr.core.SolrCore; [ClickstreamClick] Closing main searcher on request.
INFO  - 2015-01-31 19:14:25.059; org.apache.solr.core.CachingDirectoryFactory; Closing NRTCachingDirectoryFactory - 2 directories currently being tracked
INFO  - 2015-01-31 19:14:25.059; org.apache.solr.core.CachingDirectoryFactory; looking to close /opt/migros/data/ClickstreamClick [CachedDir<<refCount=0;path=/opt/migros/data/ClickstreamClick;done=false>>]
INFO  - 2015-01-31 19:14:25.059; org.apache.solr.core.CachingDirectoryFactory; Closing directory: /opt/migros/data/ClickstreamClick
INFO  - 2015-01-31 19:14:25.059; org.apache.solr.core.CachingDirectoryFactory; looking to close /opt/migros/data/ClickstreamClick/index [CachedDir<<refCount=0;path=/opt/migros/data/ClickstreamClick/index;done=false>>]
INFO  - 2015-01-31 19:14:25.059; org.apache.solr.core.CachingDirectoryFactory; Closing directory: /opt/migros/data/ClickstreamClick/index
INFO  - 2015-01-31 19:14:25.059; org.apache.solr.core.SolrCore; [ClickstreamCart]  CLOSING SolrCore org.apache.solr.core.SolrCore@cfb896a
INFO  - 2015-01-31 19:14:25.061; org.apache.solr.update.DirectUpdateHandler2; closing DirectUpdateHandler2{commits=0,autocommits=0,soft autocommit maxTime=1000ms,soft autocommits=0,optimizes=0,rollbacks=0,expungeDeletes=0,docsPending=0,adds=0,deletesById=0,deletesByQuery=0,errors=0,cumulative_adds=0,cumulative_deletesById=0,cumulative_deletesByQuery=0,cumulative_errors=0,transaction_logs_total_size=495950183,transaction_logs_total_number=1}
INFO  - 2015-01-31 19:14:25.061; org.apache.solr.update.SolrCoreState; Closing SolrCoreState
INFO  - 2015-01-31 19:14:25.061; org.apache.solr.update.DefaultSolrCoreState; SolrCoreState ref count has reached 0 - closing IndexWriter
INFO  - 2015-01-31 19:14:25.061; org.apache.solr.update.DefaultSolrCoreState; closing IndexWriter with IndexWriterCloser
INFO  - 2015-01-31 19:14:25.063; org.apache.solr.core.SolrCore; [ClickstreamCart] Closing main searcher on request.
INFO  - 2015-01-31 19:14:25.065; org.apache.solr.core.CachingDirectoryFactory; Closing NRTCachingDirectoryFactory - 2 directories currently being tracked
INFO  - 2015-01-31 19:14:25.065; org.apache.solr.core.CachingDirectoryFactory; looking to close /opt/migros/data/ClickstreamCart/index [CachedDir<<refCount=0;path=/opt/migros/data/ClickstreamCart/index;done=false>>]
INFO  - 2015-01-31 19:14:25.065; org.apache.solr.core.CachingDirectoryFactory; Closing directory: /opt/migros/data/ClickstreamCart/index
INFO  - 2015-01-31 19:14:25.065; org.apache.solr.core.CachingDirectoryFactory; looking to close /opt/migros/data/ClickstreamCart [CachedDir<<refCount=0;path=/opt/migros/data/ClickstreamCart;done=false>>]
INFO  - 2015-01-31 19:14:25.065; org.apache.solr.core.CachingDirectoryFactory; Closing directory: /opt/migros/data/ClickstreamCart
INFO  - 2015-01-31 19:14:25.065; org.apache.solr.core.SolrCore; [ProductsCoreThird]  CLOSING SolrCore org.apache.solr.core.SolrCore@793bc58f
INFO  - 2015-01-31 19:14:25.067; org.apache.solr.update.DirectUpdateHandler2; closing DirectUpdateHandler2{commits=112,autocommits=0,soft autocommit maxTime=1000ms,soft autocommits=88,optimizes=0,rollbacks=0,expungeDeletes=0,docsPending=0,adds=0,deletesById=0,deletesByQuery=0,errors=0,cumulative_adds=31457,cumulative_deletesById=0,cumulative_deletesByQuery=24,cumulative_errors=0,transaction_logs_total_size=4560785,transaction_logs_total_number=3}
INFO  - 2015-01-31 19:14:25.067; org.apache.solr.update.SolrCoreState; Closing SolrCoreState
INFO  - 2015-01-31 19:14:25.068; org.apache.solr.update.DefaultSolrCoreState; SolrCoreState ref count has reached 0 - closing IndexWriter
INFO  - 2015-01-31 19:14:25.068; org.apache.solr.update.DefaultSolrCoreState; closing IndexWriter with IndexWriterCloser
INFO  - 2015-01-31 19:14:25.071; org.apache.solr.core.SolrCore; [ProductsCoreThird] Closing main searcher on request.
INFO  - 2015-01-31 19:14:25.074; org.apache.solr.core.CachingDirectoryFactory; Closing NRTCachingDirectoryFactory - 2 directories currently being tracked
INFO  - 2015-01-31 19:14:25.074; org.apache.solr.core.CachingDirectoryFactory; looking to close /opt/migros/data/ProductsCoreThird [CachedDir<<refCount=0;path=/opt/migros/data/ProductsCoreThird;done=false>>]
INFO  - 2015-01-31 19:14:25.074; org.apache.solr.core.CachingDirectoryFactory; Closing directory: /opt/migros/data/ProductsCoreThird
INFO  - 2015-01-31 19:14:25.075; org.apache.solr.core.CachingDirectoryFactory; looking to close /opt/migros/data/ProductsCoreThird/index [CachedDir<<refCount=0;path=/opt/migros/data/ProductsCoreThird/index;done=false>>]
INFO  - 2015-01-31 19:14:25.075; org.apache.solr.core.CachingDirectoryFactory; Closing directory: /opt/migros/data/ProductsCoreThird/index
INFO  - 2015-01-31 19:14:25.075; org.apache.solr.core.SolrCore; [ProductsCoreTest]  CLOSING SolrCore org.apache.solr.core.SolrCore@1325f96f
INFO  - 2015-01-31 19:14:25.076; org.apache.solr.update.DirectUpdateHandler2; closing DirectUpdateHandler2{commits=0,autocommits=0,soft autocommit maxTime=1000ms,soft autocommits=0,optimizes=0,rollbacks=0,expungeDeletes=0,docsPending=0,adds=0,deletesById=0,deletesByQuery=0,errors=0,cumulative_adds=0,cumulative_deletesById=0,cumulative_deletesByQuery=0,cumulative_errors=0,transaction_logs_total_size=386736195,transaction_logs_total_number=1}
INFO  - 2015-01-31 19:14:25.076; org.apache.solr.update.SolrCoreState; Closing SolrCoreState
INFO  - 2015-01-31 19:14:25.076; org.apache.solr.update.DefaultSolrCoreState; SolrCoreState ref count has reached 0 - closing IndexWriter
INFO  - 2015-01-31 19:14:25.076; org.apache.solr.update.DefaultSolrCoreState; closing IndexWriter with IndexWriterCloser
INFO  - 2015-01-31 19:14:25.078; org.apache.solr.core.SolrCore; [ProductsCoreTest] Closing main searcher on request.
INFO  - 2015-01-31 19:14:25.082; org.apache.solr.core.CachingDirectoryFactory; Closing NRTCachingDirectoryFactory - 2 directories currently being tracked
INFO  - 2015-01-31 19:14:25.082; org.apache.solr.core.CachingDirectoryFactory; looking to close /opt/migros/data/ProductsCoreTest [CachedDir<<refCount=0;path=/opt/migros/data/ProductsCoreTest;done=false>>]
INFO  - 2015-01-31 19:14:25.082; org.apache.solr.core.CachingDirectoryFactory; Closing directory: /opt/migros/data/ProductsCoreTest
INFO  - 2015-01-31 19:14:25.082; org.apache.solr.core.CachingDirectoryFactory; looking to close /opt/migros/data/ProductsCoreTest/index [CachedDir<<refCount=0;path=/opt/migros/data/ProductsCoreTest/index;done=false>>]
INFO  - 2015-01-31 19:14:25.082; org.apache.solr.core.CachingDirectoryFactory; Closing directory: /opt/migros/data/ProductsCoreTest/index
INFO  - 2015-01-31 19:15:04.953; org.apache.solr.servlet.SolrDispatchFilter; SolrDispatchFilter.init()
INFO  - 2015-01-31 19:15:04.965; org.apache.solr.core.SolrResourceLoader; No /solr/home in JNDI
INFO  - 2015-01-31 19:15:04.965; org.apache.solr.core.SolrResourceLoader; using system property solr.solr.home: /opt/migros/solr
INFO  - 2015-01-31 19:15:04.967; org.apache.solr.core.SolrResourceLoader; new SolrResourceLoader for directory: '/opt/migros/solr/'
INFO  - 2015-01-31 19:15:05.147; org.apache.solr.core.ConfigSolr; Loading container configuration from /opt/migros/solr/solr.xml
INFO  - 2015-01-31 19:15:05.239; org.apache.solr.core.CoreContainer; New CoreContainer 1894889160
INFO  - 2015-01-31 19:15:05.241; org.apache.solr.core.CoreContainer; Loading cores into CoreContainer [instanceDir=/opt/migros/solr/]
INFO  - 2015-01-31 19:15:05.257; org.apache.solr.handler.component.HttpShardHandlerFactory; Setting socketTimeout to: 0
INFO  - 2015-01-31 19:15:05.258; org.apache.solr.handler.component.HttpShardHandlerFactory; Setting urlScheme to: 
INFO  - 2015-01-31 19:15:05.261; org.apache.solr.handler.component.HttpShardHandlerFactory; Setting connTimeout to: 0
INFO  - 2015-01-31 19:15:05.262; org.apache.solr.handler.component.HttpShardHandlerFactory; Setting maxConnectionsPerHost to: 20
INFO  - 2015-01-31 19:15:05.262; org.apache.solr.handler.component.HttpShardHandlerFactory; Setting corePoolSize to: 0
INFO  - 2015-01-31 19:15:05.262; org.apache.solr.handler.component.HttpShardHandlerFactory; Setting maximumPoolSize to: 2147483647
INFO  - 2015-01-31 19:15:05.262; org.apache.solr.handler.component.HttpShardHandlerFactory; Setting maxThreadIdleTime to: 5
INFO  - 2015-01-31 19:15:05.262; org.apache.solr.handler.component.HttpShardHandlerFactory; Setting sizeOfQueue to: -1
INFO  - 2015-01-31 19:15:05.263; org.apache.solr.handler.component.HttpShardHandlerFactory; Setting fairnessPolicy to: false
INFO  - 2015-01-31 19:15:05.346; org.apache.solr.logging.LogWatcher; SLF4J impl is org.slf4j.impl.Log4jLoggerFactory
INFO  - 2015-01-31 19:15:05.348; org.apache.solr.logging.LogWatcher; Registering Log Listener [Log4j (org.slf4j.impl.Log4jLoggerFactory)]
INFO  - 2015-01-31 19:15:05.350; org.apache.solr.core.CoreContainer; Host Name: null
INFO  - 2015-01-31 19:15:05.412; org.apache.solr.core.SolrResourceLoader; new SolrResourceLoader for directory: '/opt/migros/solr/Products/'
INFO  - 2015-01-31 19:15:05.413; org.apache.solr.core.SolrResourceLoader; new SolrResourceLoader for directory: '/opt/migros/solr/ProductsCoreFirst/'
INFO  - 2015-01-31 19:15:05.413; org.apache.solr.core.SolrResourceLoader; new SolrResourceLoader for directory: '/opt/migros/solr/ProductsCoreSecond/'
INFO  - 2015-01-31 19:15:05.414; org.apache.solr.core.SolrResourceLoader; Adding 'file:/opt/migros/solr/Products/lib/zemberek-core-0.9.1.jar' to classloader
INFO  - 2015-01-31 19:15:05.414; org.apache.solr.core.SolrResourceLoader; Adding 'file:/opt/migros/solr/ProductsCoreSecond/lib/zemberek-core-0.9.1.jar' to classloader
INFO  - 2015-01-31 19:15:05.414; org.apache.solr.core.SolrResourceLoader; Adding 'file:/opt/migros/solr/ProductsCoreFirst/lib/zemberek-core-0.9.1.jar' to classloader
INFO  - 2015-01-31 19:15:05.415; org.apache.solr.core.SolrResourceLoader; Adding 'file:/opt/migros/solr/ProductsCoreFirst/lib/commons-beanutils-1.8.3.jar' to classloader
INFO  - 2015-01-31 19:15:05.414; org.apache.solr.core.SolrResourceLoader; Adding 'file:/opt/migros/solr/ProductsCoreSecond/lib/commons-beanutils-1.8.3.jar' to classloader
INFO  - 2015-01-31 19:15:05.414; org.apache.solr.core.SolrResourceLoader; Adding 'file:/opt/migros/solr/Products/lib/commons-beanutils-1.8.3.jar' to classloader
INFO  - 2015-01-31 19:15:05.415; org.apache.solr.core.SolrResourceLoader; Adding 'file:/opt/migros/solr/ProductsCoreFirst/lib/commons-collections-3.2.1.jar' to classloader
INFO  - 2015-01-31 19:15:05.415; org.apache.solr.core.SolrResourceLoader; Adding 'file:/opt/migros/solr/ProductsCoreSecond/lib/commons-collections-3.2.1.jar' to classloader
INFO  - 2015-01-31 19:15:05.416; org.apache.solr.core.SolrResourceLoader; Adding 'file:/opt/migros/solr/ProductsCoreFirst/lib/solr-velocity-4.9.0.jar' to classloader
INFO  - 2015-01-31 19:15:05.415; org.apache.solr.core.SolrResourceLoader; Adding 'file:/opt/migros/solr/Products/lib/commons-collections-3.2.1.jar' to classloader
INFO  - 2015-01-31 19:15:05.416; org.apache.solr.core.SolrResourceLoader; Adding 'file:/opt/migros/solr/ProductsCoreFirst/lib/TurkishAnalysis-4.8.0.jar' to classloader
INFO  - 2015-01-31 19:15:05.416; org.apache.solr.core.SolrResourceLoader; Adding 'file:/opt/migros/solr/ProductsCoreFirst/lib/velocity-1.7.jar' to classloader
INFO  - 2015-01-31 19:15:05.417; org.apache.solr.core.SolrResourceLoader; Adding 'file:/opt/migros/solr/ProductsCoreFirst/lib/zemberek-morphology-0.9.1.jar' to classloader
INFO  - 2015-01-31 19:15:05.416; org.apache.solr.core.SolrResourceLoader; Adding 'file:/opt/migros/solr/ProductsCoreSecond/lib/solr-velocity-4.9.0.jar' to classloader
INFO  - 2015-01-31 19:15:05.417; org.apache.solr.core.SolrResourceLoader; Adding 'file:/opt/migros/solr/ProductsCoreFirst/lib/velocity-tools-2.0.jar' to classloader
INFO  - 2015-01-31 19:15:05.416; org.apache.solr.core.SolrResourceLoader; Adding 'file:/opt/migros/solr/Products/lib/solr-velocity-4.9.0.jar' to classloader
INFO  - 2015-01-31 19:15:05.417; org.apache.solr.core.SolrResourceLoader; Adding 'file:/opt/migros/solr/ProductsCoreFirst/lib/solr-dataimporthandler-4.9.0.jar' to classloader
INFO  - 2015-01-31 19:15:05.417; org.apache.solr.core.SolrResourceLoader; Adding 'file:/opt/migros/solr/ProductsCoreSecond/lib/TurkishAnalysis-4.8.0.jar' to classloader
INFO  - 2015-01-31 19:15:05.418; org.apache.solr.core.SolrResourceLoader; Adding 'file:/opt/migros/solr/ProductsCoreFirst/lib/solr-dataimporthandler-extras-4.9.0.jar' to classloader
INFO  - 2015-01-31 19:15:05.418; org.apache.solr.core.SolrResourceLoader; Adding 'file:/opt/migros/solr/Products/lib/TurkishAnalysis-4.8.0.jar' to classloader
INFO  - 2015-01-31 19:15:05.418; org.apache.solr.core.SolrResourceLoader; Adding 'file:/opt/migros/solr/ProductsCoreSecond/lib/velocity-1.7.jar' to classloader
INFO  - 2015-01-31 19:15:05.419; org.apache.solr.core.SolrResourceLoader; Adding 'file:/opt/migros/solr/Products/lib/velocity-1.7.jar' to classloader
INFO  - 2015-01-31 19:15:05.420; org.apache.solr.core.SolrResourceLoader; Adding 'file:/opt/migros/solr/ProductsCoreSecond/lib/zemberek-morphology-0.9.1.jar' to classloader
INFO  - 2015-01-31 19:15:05.421; org.apache.solr.core.SolrResourceLoader; Adding 'file:/opt/migros/solr/Products/lib/zemberek-morphology-0.9.1.jar' to classloader
INFO  - 2015-01-31 19:15:05.421; org.apache.solr.core.SolrResourceLoader; Adding 'file:/opt/migros/solr/ProductsCoreSecond/lib/velocity-tools-2.0.jar' to classloader
INFO  - 2015-01-31 19:15:05.421; org.apache.solr.core.SolrResourceLoader; Adding 'file:/opt/migros/solr/Products/lib/velocity-tools-2.0.jar' to classloader
INFO  - 2015-01-31 19:15:05.421; org.apache.solr.core.SolrResourceLoader; Adding 'file:/opt/migros/solr/ProductsCoreSecond/lib/solr-dataimporthandler-4.9.0.jar' to classloader
INFO  - 2015-01-31 19:15:05.422; org.apache.solr.core.SolrResourceLoader; Adding 'file:/opt/migros/solr/ProductsCoreSecond/lib/solr-dataimporthandler-extras-4.9.0.jar' to classloader
INFO  - 2015-01-31 19:15:05.483; org.apache.solr.core.SolrConfig; Adding specified lib dirs to ClassLoader
WARN  - 2015-01-31 19:15:05.485; org.apache.solr.core.SolrResourceLoader; Can't find (or read) directory to add to classloader: ../../../contrib/extraction/lib (resolved as: /opt/migros/solr/Products/../../../contrib/extraction/lib).
WARN  - 2015-01-31 19:15:05.485; org.apache.solr.core.SolrResourceLoader; Can't find (or read) directory to add to classloader: ../../../dist/ (resolved as: /opt/migros/solr/Products/../../../dist).
WARN  - 2015-01-31 19:15:05.485; org.apache.solr.core.SolrResourceLoader; Can't find (or read) directory to add to classloader: ../../../contrib/clustering/lib/ (resolved as: /opt/migros/solr/Products/../../../contrib/clustering/lib).
WARN  - 2015-01-31 19:15:05.486; org.apache.solr.core.SolrResourceLoader; Can't find (or read) directory to add to classloader: ../../../dist/ (resolved as: /opt/migros/solr/Products/../../../dist).
WARN  - 2015-01-31 19:15:05.486; org.apache.solr.core.SolrResourceLoader; Can't find (or read) directory to add to classloader: ../../../contrib/langid/lib/ (resolved as: /opt/migros/solr/Products/../../../contrib/langid/lib).
WARN  - 2015-01-31 19:15:05.486; org.apache.solr.core.SolrResourceLoader; Can't find (or read) directory to add to classloader: ../../../dist/ (resolved as: /opt/migros/solr/Products/../../../dist).
WARN  - 2015-01-31 19:15:05.486; org.apache.solr.core.SolrResourceLoader; Can't find (or read) directory to add to classloader: ../../../contrib/velocity/lib (resolved as: /opt/migros/solr/Products/../../../contrib/velocity/lib).
WARN  - 2015-01-31 19:15:05.486; org.apache.solr.core.SolrResourceLoader; Can't find (or read) directory to add to classloader: ../../../dist/ (resolved as: /opt/migros/solr/Products/../../../dist).
INFO  - 2015-01-31 19:15:05.504; org.apache.solr.core.SolrConfig; Adding specified lib dirs to ClassLoader
WARN  - 2015-01-31 19:15:05.504; org.apache.solr.core.SolrResourceLoader; Can't find (or read) directory to add to classloader: ../../../contrib/extraction/lib (resolved as: /opt/migros/solr/ProductsCoreSecond/../../../contrib/extraction/lib).
INFO  - 2015-01-31 19:15:05.505; org.apache.solr.core.SolrConfig; Adding specified lib dirs to ClassLoader
WARN  - 2015-01-31 19:15:05.505; org.apache.solr.core.SolrResourceLoader; Can't find (or read) directory to add to classloader: ../../../dist/ (resolved as: /opt/migros/solr/ProductsCoreSecond/../../../dist).
WARN  - 2015-01-31 19:15:05.505; org.apache.solr.core.SolrResourceLoader; Can't find (or read) directory to add to classloader: ../../../contrib/extraction/lib (resolved as: /opt/migros/solr/ProductsCoreFirst/../../../contrib/extraction/lib).
WARN  - 2015-01-31 19:15:05.505; org.apache.solr.core.SolrResourceLoader; Can't find (or read) directory to add to classloader: ../../../contrib/clustering/lib/ (resolved as: /opt/migros/solr/ProductsCoreSecond/../../../contrib/clustering/lib).
WARN  - 2015-01-31 19:15:05.505; org.apache.solr.core.SolrResourceLoader; Can't find (or read) directory to add to classloader: ../../../dist/ (resolved as: /opt/migros/solr/ProductsCoreFirst/../../../dist).
WARN  - 2015-01-31 19:15:05.505; org.apache.solr.core.SolrResourceLoader; Can't find (or read) directory to add to classloader: ../../../dist/ (resolved as: /opt/migros/solr/ProductsCoreSecond/../../../dist).
WARN  - 2015-01-31 19:15:05.506; org.apache.solr.core.SolrResourceLoader; Can't find (or read) directory to add to classloader: ../../../contrib/clustering/lib/ (resolved as: /opt/migros/solr/ProductsCoreFirst/../../../contrib/clustering/lib).
WARN  - 2015-01-31 19:15:05.506; org.apache.solr.core.SolrResourceLoader; Can't find (or read) directory to add to classloader: ../../../contrib/langid/lib/ (resolved as: /opt/migros/solr/ProductsCoreSecond/../../../contrib/langid/lib).
WARN  - 2015-01-31 19:15:05.506; org.apache.solr.core.SolrResourceLoader; Can't find (or read) directory to add to classloader: ../../../dist/ (resolved as: /opt/migros/solr/ProductsCoreSecond/../../../dist).
WARN  - 2015-01-31 19:15:05.506; org.apache.solr.core.SolrResourceLoader; Can't find (or read) directory to add to classloader: ../../../dist/ (resolved as: /opt/migros/solr/ProductsCoreFirst/../../../dist).
WARN  - 2015-01-31 19:15:05.506; org.apache.solr.core.SolrResourceLoader; Can't find (or read) directory to add to classloader: ../../../contrib/velocity/lib (resolved as: /opt/migros/solr/ProductsCoreSecond/../../../contrib/velocity/lib).
WARN  - 2015-01-31 19:15:05.506; org.apache.solr.core.SolrResourceLoader; Can't find (or read) directory to add to classloader: ../../../contrib/langid/lib/ (resolved as: /opt/migros/solr/ProductsCoreFirst/../../../contrib/langid/lib).
WARN  - 2015-01-31 19:15:05.507; org.apache.solr.core.SolrResourceLoader; Can't find (or read) directory to add to classloader: ../../../dist/ (resolved as: /opt/migros/solr/ProductsCoreSecond/../../../dist).
WARN  - 2015-01-31 19:15:05.507; org.apache.solr.core.SolrResourceLoader; Can't find (or read) directory to add to classloader: ../../../dist/ (resolved as: /opt/migros/solr/ProductsCoreFirst/../../../dist).
WARN  - 2015-01-31 19:15:05.507; org.apache.solr.core.SolrResourceLoader; Can't find (or read) directory to add to classloader: ../../../contrib/velocity/lib (resolved as: /opt/migros/solr/ProductsCoreFirst/../../../contrib/velocity/lib).
WARN  - 2015-01-31 19:15:05.507; org.apache.solr.core.SolrResourceLoader; Can't find (or read) directory to add to classloader: ../../../dist/ (resolved as: /opt/migros/solr/ProductsCoreFirst/../../../dist).
INFO  - 2015-01-31 19:15:05.552; org.apache.solr.update.SolrIndexConfig; IndexWriter infoStream solr logging is enabled
INFO  - 2015-01-31 19:15:05.564; org.apache.solr.core.SolrConfig; Using Lucene MatchVersion: LUCENE_4_9
INFO  - 2015-01-31 19:15:05.616; org.apache.solr.update.SolrIndexConfig; IndexWriter infoStream solr logging is enabled
INFO  - 2015-01-31 19:15:05.616; org.apache.solr.update.SolrIndexConfig; IndexWriter infoStream solr logging is enabled
INFO  - 2015-01-31 19:15:05.627; org.apache.solr.core.SolrConfig; Using Lucene MatchVersion: LUCENE_4_9
INFO  - 2015-01-31 19:15:05.627; org.apache.solr.core.SolrConfig; Using Lucene MatchVersion: LUCENE_4_9
INFO  - 2015-01-31 19:15:05.734; org.apache.solr.core.SolrConfig; Loaded SolrConfig: solrconfig.xml
INFO  - 2015-01-31 19:15:05.738; org.apache.solr.core.SolrConfig; Loaded SolrConfig: solrconfig.xml
INFO  - 2015-01-31 19:15:05.742; org.apache.solr.core.SolrConfig; Loaded SolrConfig: solrconfig.xml
INFO  - 2015-01-31 19:15:05.742; org.apache.solr.schema.IndexSchema; Reading Solr Schema from schema.xml
INFO  - 2015-01-31 19:15:05.742; org.apache.solr.schema.IndexSchema; Reading Solr Schema from schema.xml
INFO  - 2015-01-31 19:15:05.743; org.apache.solr.schema.IndexSchema; Reading Solr Schema from schema.xml
INFO  - 2015-01-31 19:15:05.774; org.apache.solr.schema.IndexSchema; [Products] Schema name=example
INFO  - 2015-01-31 19:15:05.778; org.apache.solr.schema.IndexSchema; [ProductsCoreSecond] Schema name=example
INFO  - 2015-01-31 19:15:05.781; org.apache.solr.schema.IndexSchema; [ProductsCoreFirst] Schema name=example
INFO  - 2015-01-31 19:15:06.446; org.apache.solr.schema.IndexSchema; unique key field: ProductID
INFO  - 2015-01-31 19:15:06.447; org.apache.solr.schema.IndexSchema; unique key field: ProductID
INFO  - 2015-01-31 19:15:06.447; org.apache.solr.schema.IndexSchema; unique key field: ProductID
INFO  - 2015-01-31 19:15:06.467; org.apache.solr.rest.RestManager$Registry; Registered ManagedResource impl org.apache.solr.rest.schema.analysis.ManagedWordSetResource for path /schema/analysis/stopwords/english
INFO  - 2015-01-31 19:15:06.467; org.apache.solr.rest.RestManager$Registry; Registered ManagedResource impl org.apache.solr.rest.schema.analysis.ManagedWordSetResource for path /schema/analysis/stopwords/english
INFO  - 2015-01-31 19:15:06.467; org.apache.solr.rest.RestManager$Registry; Registered ManagedResource impl org.apache.solr.rest.schema.analysis.ManagedWordSetResource for path /schema/analysis/stopwords/english
INFO  - 2015-01-31 19:15:06.468; org.apache.solr.rest.RestManager$Registry; Registered ManagedResource impl org.apache.solr.rest.schema.analysis.ManagedSynonymFilterFactory$SynonymManager for path /schema/analysis/synonyms/english
INFO  - 2015-01-31 19:15:06.468; org.apache.solr.rest.RestManager$Registry; Registered ManagedResource impl org.apache.solr.rest.schema.analysis.ManagedSynonymFilterFactory$SynonymManager for path /schema/analysis/synonyms/english
INFO  - 2015-01-31 19:15:06.468; org.apache.solr.rest.RestManager$Registry; Registered ManagedResource impl org.apache.solr.rest.schema.analysis.ManagedSynonymFilterFactory$SynonymManager for path /schema/analysis/synonyms/english
INFO  - 2015-01-31 19:15:06.576; org.apache.solr.schema.FileExchangeRateProvider; Reloading exchange rates from file currency.xml
INFO  - 2015-01-31 19:15:06.578; org.apache.solr.schema.FileExchangeRateProvider; Reloading exchange rates from file currency.xml
INFO  - 2015-01-31 19:15:06.579; org.apache.solr.schema.FileExchangeRateProvider; Reloading exchange rates from file currency.xml
INFO  - 2015-01-31 19:15:06.581; org.apache.solr.schema.FileExchangeRateProvider; Reloading exchange rates from file currency.xml
INFO  - 2015-01-31 19:15:06.581; org.apache.solr.schema.FileExchangeRateProvider; Reloading exchange rates from file currency.xml
INFO  - 2015-01-31 19:15:06.581; org.apache.solr.schema.FileExchangeRateProvider; Reloading exchange rates from file currency.xml
INFO  - 2015-01-31 19:15:06.654; org.apache.solr.core.CoreContainer; Creating SolrCore 'Products' using configuration from instancedir /opt/migros/solr/Products/
INFO  - 2015-01-31 19:15:06.659; org.apache.solr.core.CoreContainer; Creating SolrCore 'ProductsCoreFirst' using configuration from instancedir /opt/migros/solr/ProductsCoreFirst/
INFO  - 2015-01-31 19:15:06.661; org.apache.solr.core.CoreContainer; Creating SolrCore 'ProductsCoreSecond' using configuration from instancedir /opt/migros/solr/ProductsCoreSecond/
INFO  - 2015-01-31 19:15:06.685; org.apache.solr.core.SolrCore; solr.NRTCachingDirectoryFactory
INFO  - 2015-01-31 19:15:06.685; org.apache.solr.core.SolrCore; solr.NRTCachingDirectoryFactory
INFO  - 2015-01-31 19:15:06.685; org.apache.solr.core.SolrCore; solr.NRTCachingDirectoryFactory
INFO  - 2015-01-31 19:15:06.702; org.apache.solr.core.SolrCore; [ProductsCoreSecond] Opening new SolrCore at /opt/migros/solr/ProductsCoreSecond/, dataDir=/opt/migros/data/ProductsCoreSecond/
INFO  - 2015-01-31 19:15:06.702; org.apache.solr.core.SolrCore; [ProductsCoreFirst] Opening new SolrCore at /opt/migros/solr/ProductsCoreFirst/, dataDir=/opt/migros/data/ProductsCoreFirst/
INFO  - 2015-01-31 19:15:06.702; org.apache.solr.core.SolrCore; [Products] Opening new SolrCore at /opt/migros/solr/Products/, dataDir=/opt/migros/data/Products/
INFO  - 2015-01-31 19:15:06.705; org.apache.solr.core.JmxMonitoredMap; JMX monitoring is enabled. Adding Solr mbeans to JMX Server: com.sun.jmx.mbeanserver.JmxMBeanServer@200a570f
INFO  - 2015-01-31 19:15:06.705; org.apache.solr.core.JmxMonitoredMap; JMX monitoring is enabled. Adding Solr mbeans to JMX Server: com.sun.jmx.mbeanserver.JmxMBeanServer@200a570f
INFO  - 2015-01-31 19:15:06.705; org.apache.solr.core.JmxMonitoredMap; JMX monitoring is enabled. Adding Solr mbeans to JMX Server: com.sun.jmx.mbeanserver.JmxMBeanServer@200a570f
INFO  - 2015-01-31 19:15:06.747; org.apache.solr.core.SolrCore; [ProductsCoreSecond] Added SolrEventListener for newSearcher: org.apache.solr.core.QuerySenderListener{queries=[]}
INFO  - 2015-01-31 19:15:06.747; org.apache.solr.core.SolrCore; [ProductsCoreFirst] Added SolrEventListener for newSearcher: org.apache.solr.core.QuerySenderListener{queries=[]}
INFO  - 2015-01-31 19:15:06.747; org.apache.solr.core.SolrCore; [Products] Added SolrEventListener for newSearcher: org.apache.solr.core.QuerySenderListener{queries=[]}
INFO  - 2015-01-31 19:15:06.747; org.apache.solr.core.SolrCore; [ProductsCoreFirst] Added SolrEventListener for firstSearcher: org.apache.solr.core.QuerySenderListener{queries=[]}
INFO  - 2015-01-31 19:15:06.747; org.apache.solr.core.SolrCore; [ProductsCoreSecond] Added SolrEventListener for firstSearcher: org.apache.solr.core.QuerySenderListener{queries=[]}
INFO  - 2015-01-31 19:15:06.748; org.apache.solr.core.SolrCore; [Products] Added SolrEventListener for firstSearcher: org.apache.solr.core.QuerySenderListener{queries=[{q=static firstSearcher warming in solrconfig.xml}]}
INFO  - 2015-01-31 19:15:06.773; org.apache.solr.core.CachingDirectoryFactory; return new directory for /opt/migros/data/ProductsCoreSecond
INFO  - 2015-01-31 19:15:06.773; org.apache.solr.core.CachingDirectoryFactory; return new directory for /opt/migros/data/ProductsCoreFirst
INFO  - 2015-01-31 19:15:06.773; org.apache.solr.core.CachingDirectoryFactory; return new directory for /opt/migros/data/Products
INFO  - 2015-01-31 19:15:06.775; org.apache.solr.core.SolrCore; New index directory detected: old=null new=/opt/migros/data/ProductsCoreFirst/index/
INFO  - 2015-01-31 19:15:06.775; org.apache.solr.core.SolrCore; New index directory detected: old=null new=/opt/migros/data/ProductsCoreSecond/index/
INFO  - 2015-01-31 19:15:06.775; org.apache.solr.core.SolrCore; New index directory detected: old=null new=/opt/migros/data/Products/index/
INFO  - 2015-01-31 19:15:06.776; org.apache.solr.core.CachingDirectoryFactory; return new directory for /opt/migros/data/Products/index
INFO  - 2015-01-31 19:15:06.776; org.apache.solr.core.CachingDirectoryFactory; return new directory for /opt/migros/data/ProductsCoreSecond/index
INFO  - 2015-01-31 19:15:06.776; org.apache.solr.core.CachingDirectoryFactory; return new directory for /opt/migros/data/ProductsCoreFirst/index
INFO  - 2015-01-31 19:15:06.797; org.apache.solr.core.SolrCore; created json: solr.JSONResponseWriter
INFO  - 2015-01-31 19:15:06.798; org.apache.solr.core.SolrCore; adding lazy queryResponseWriter: solr.VelocityResponseWriter
INFO  - 2015-01-31 19:15:06.799; org.apache.solr.core.SolrCore; created json: solr.JSONResponseWriter
INFO  - 2015-01-31 19:15:06.800; org.apache.solr.core.SolrCore; adding lazy queryResponseWriter: solr.VelocityResponseWriter
INFO  - 2015-01-31 19:15:06.799; org.apache.solr.core.SolrCore; created velocity: solr.VelocityResponseWriter
INFO  - 2015-01-31 19:15:06.800; org.apache.solr.core.SolrCore; created velocity: solr.VelocityResponseWriter
INFO  - 2015-01-31 19:15:06.800; org.apache.solr.core.SolrCore; created json: solr.JSONResponseWriter
INFO  - 2015-01-31 19:15:06.800; org.apache.solr.core.SolrCore; adding lazy queryResponseWriter: solr.VelocityResponseWriter
INFO  - 2015-01-31 19:15:06.800; org.apache.solr.core.SolrCore; created velocity: solr.VelocityResponseWriter
INFO  - 2015-01-31 19:15:06.808; org.apache.solr.core.SolrCore; created xslt: solr.XSLTResponseWriter
INFO  - 2015-01-31 19:15:06.808; org.apache.solr.core.SolrCore; created xslt: solr.XSLTResponseWriter
INFO  - 2015-01-31 19:15:06.808; org.apache.solr.core.SolrCore; created xslt: solr.XSLTResponseWriter
INFO  - 2015-01-31 19:15:06.808; org.apache.solr.response.XSLTResponseWriter; xsltCacheLifetimeSeconds=5
INFO  - 2015-01-31 19:15:06.808; org.apache.solr.response.XSLTResponseWriter; xsltCacheLifetimeSeconds=5
INFO  - 2015-01-31 19:15:06.809; org.apache.solr.response.XSLTResponseWriter; xsltCacheLifetimeSeconds=5
INFO  - 2015-01-31 19:15:07.028; org.apache.solr.core.SolrCore; no updateRequestProcessorChain defined as default, creating implicit default
INFO  - 2015-01-31 19:15:07.028; org.apache.solr.core.SolrCore; no updateRequestProcessorChain defined as default, creating implicit default
INFO  - 2015-01-31 19:15:07.028; org.apache.solr.core.SolrCore; no updateRequestProcessorChain defined as default, creating implicit default
INFO  - 2015-01-31 19:15:07.051; org.apache.solr.core.RequestHandlers; created /select: solr.SearchHandler
INFO  - 2015-01-31 19:15:07.051; org.apache.solr.core.RequestHandlers; created /myselect2: solr.SearchHandler
INFO  - 2015-01-31 19:15:07.051; org.apache.solr.core.RequestHandlers; created /myselect2: solr.SearchHandler
INFO  - 2015-01-31 19:15:07.052; org.apache.solr.core.RequestHandlers; created /query: solr.SearchHandler
INFO  - 2015-01-31 19:15:07.052; org.apache.solr.core.RequestHandlers; created /myselect: solr.SearchHandler
INFO  - 2015-01-31 19:15:07.053; org.apache.solr.core.RequestHandlers; created /myselect: solr.SearchHandler
INFO  - 2015-01-31 19:15:07.053; org.apache.solr.core.RequestHandlers; created /select: solr.SearchHandler
INFO  - 2015-01-31 19:15:07.054; org.apache.solr.core.RequestHandlers; created /query: solr.SearchHandler
INFO  - 2015-01-31 19:15:07.054; org.apache.solr.core.RequestHandlers; created /select: solr.SearchHandler
INFO  - 2015-01-31 19:15:07.054; org.apache.solr.core.RequestHandlers; created /query: solr.SearchHandler
INFO  - 2015-01-31 19:15:07.056; org.apache.solr.core.RequestHandlers; created /get: solr.RealTimeGetHandler
INFO  - 2015-01-31 19:15:07.056; org.apache.solr.core.RequestHandlers; created /browse: solr.SearchHandler
INFO  - 2015-01-31 19:15:07.057; org.apache.solr.core.RequestHandlers; created /get: solr.RealTimeGetHandler
INFO  - 2015-01-31 19:15:07.058; org.apache.solr.core.RequestHandlers; created /browse: solr.SearchHandler
INFO  - 2015-01-31 19:15:07.058; org.apache.solr.core.RequestHandlers; created /get: solr.RealTimeGetHandler
INFO  - 2015-01-31 19:15:07.059; org.apache.solr.core.RequestHandlers; created /browse: solr.SearchHandler
INFO  - 2015-01-31 19:15:07.063; org.apache.solr.core.RequestHandlers; created /update: solr.UpdateRequestHandler
INFO  - 2015-01-31 19:15:07.063; org.apache.solr.core.RequestHandlers; created /update: solr.UpdateRequestHandler
INFO  - 2015-01-31 19:15:07.063; org.apache.solr.core.RequestHandlers; created /update: solr.UpdateRequestHandler
INFO  - 2015-01-31 19:15:07.063; org.apache.solr.core.RequestHandlers; created /update/json: solr.UpdateRequestHandler
INFO  - 2015-01-31 19:15:07.064; org.apache.solr.core.RequestHandlers; created /update/json: solr.UpdateRequestHandler
INFO  - 2015-01-31 19:15:07.064; org.apache.solr.core.RequestHandlers; created /update/csv: solr.UpdateRequestHandler
INFO  - 2015-01-31 19:15:07.064; org.apache.solr.core.RequestHandlers; created /update/json: solr.UpdateRequestHandler
INFO  - 2015-01-31 19:15:07.064; org.apache.solr.core.RequestHandlers; adding lazy requestHandler: solr.extraction.ExtractingRequestHandler
INFO  - 2015-01-31 19:15:07.064; org.apache.solr.core.RequestHandlers; created /update/csv: solr.UpdateRequestHandler
INFO  - 2015-01-31 19:15:07.064; org.apache.solr.core.RequestHandlers; adding lazy requestHandler: solr.extraction.ExtractingRequestHandler
INFO  - 2015-01-31 19:15:07.064; org.apache.solr.core.RequestHandlers; created /update/csv: solr.UpdateRequestHandler
INFO  - 2015-01-31 19:15:07.065; org.apache.solr.core.RequestHandlers; adding lazy requestHandler: solr.extraction.ExtractingRequestHandler
INFO  - 2015-01-31 19:15:07.065; org.apache.solr.core.RequestHandlers; created /update/extract: solr.extraction.ExtractingRequestHandler
INFO  - 2015-01-31 19:15:07.065; org.apache.solr.core.RequestHandlers; adding lazy requestHandler: solr.FieldAnalysisRequestHandler
INFO  - 2015-01-31 19:15:07.065; org.apache.solr.core.RequestHandlers; created /update/extract: solr.extraction.ExtractingRequestHandler
INFO  - 2015-01-31 19:15:07.066; org.apache.solr.core.RequestHandlers; adding lazy requestHandler: solr.FieldAnalysisRequestHandler
INFO  - 2015-01-31 19:15:07.065; org.apache.solr.core.RequestHandlers; created /update/extract: solr.extraction.ExtractingRequestHandler
INFO  - 2015-01-31 19:15:07.066; org.apache.solr.core.RequestHandlers; adding lazy requestHandler: solr.FieldAnalysisRequestHandler
INFO  - 2015-01-31 19:15:07.066; org.apache.solr.core.RequestHandlers; created /analysis/field: solr.FieldAnalysisRequestHandler
INFO  - 2015-01-31 19:15:07.066; org.apache.solr.core.RequestHandlers; adding lazy requestHandler: solr.DocumentAnalysisRequestHandler
INFO  - 2015-01-31 19:15:07.066; org.apache.solr.core.RequestHandlers; created /analysis/field: solr.FieldAnalysisRequestHandler
INFO  - 2015-01-31 19:15:07.067; org.apache.solr.core.RequestHandlers; adding lazy requestHandler: solr.DocumentAnalysisRequestHandler
INFO  - 2015-01-31 19:15:07.066; org.apache.solr.core.RequestHandlers; created /analysis/document: solr.DocumentAnalysisRequestHandler
INFO  - 2015-01-31 19:15:07.066; org.apache.solr.core.RequestHandlers; created /analysis/field: solr.FieldAnalysisRequestHandler
INFO  - 2015-01-31 19:15:07.067; org.apache.solr.core.RequestHandlers; adding lazy requestHandler: solr.DocumentAnalysisRequestHandler
INFO  - 2015-01-31 19:15:07.067; org.apache.solr.core.RequestHandlers; created /analysis/document: solr.DocumentAnalysisRequestHandler
INFO  - 2015-01-31 19:15:07.067; org.apache.solr.core.RequestHandlers; created /analysis/document: solr.DocumentAnalysisRequestHandler
INFO  - 2015-01-31 19:15:07.071; org.apache.solr.core.RequestHandlers; created /admin/: solr.admin.AdminHandlers
INFO  - 2015-01-31 19:15:07.071; org.apache.solr.core.RequestHandlers; created /admin/: solr.admin.AdminHandlers
INFO  - 2015-01-31 19:15:07.072; org.apache.solr.core.RequestHandlers; created /admin/: solr.admin.AdminHandlers
INFO  - 2015-01-31 19:15:07.076; org.apache.solr.core.RequestHandlers; created /admin/ping: solr.PingRequestHandler
INFO  - 2015-01-31 19:15:07.077; org.apache.solr.core.RequestHandlers; created /admin/ping: solr.PingRequestHandler
INFO  - 2015-01-31 19:15:07.077; org.apache.solr.core.RequestHandlers; created /admin/ping: solr.PingRequestHandler
INFO  - 2015-01-31 19:15:07.081; org.apache.solr.core.RequestHandlers; created /debug/dump: solr.DumpRequestHandler
INFO  - 2015-01-31 19:15:07.081; org.apache.solr.core.RequestHandlers; created /debug/dump: solr.DumpRequestHandler
INFO  - 2015-01-31 19:15:07.081; org.apache.solr.core.RequestHandlers; created /debug/dump: solr.DumpRequestHandler
INFO  - 2015-01-31 19:15:07.098; org.apache.solr.core.RequestHandlers; created /replication: solr.ReplicationHandler
INFO  - 2015-01-31 19:15:07.098; org.apache.solr.core.RequestHandlers; adding lazy requestHandler: solr.SearchHandler
INFO  - 2015-01-31 19:15:07.098; org.apache.solr.core.RequestHandlers; created /replication: solr.ReplicationHandler
INFO  - 2015-01-31 19:15:07.098; org.apache.solr.core.RequestHandlers; adding lazy requestHandler: solr.SearchHandler
INFO  - 2015-01-31 19:15:07.098; org.apache.solr.core.RequestHandlers; created /replication: solr.ReplicationHandler
INFO  - 2015-01-31 19:15:07.099; org.apache.solr.core.RequestHandlers; adding lazy requestHandler: solr.SearchHandler
INFO  - 2015-01-31 19:15:07.099; org.apache.solr.core.RequestHandlers; created /spell: solr.SearchHandler
INFO  - 2015-01-31 19:15:07.099; org.apache.solr.core.RequestHandlers; created /spell: solr.SearchHandler
INFO  - 2015-01-31 19:15:07.098; org.apache.solr.core.RequestHandlers; created /spell: solr.SearchHandler
INFO  - 2015-01-31 19:15:07.099; org.apache.solr.core.RequestHandlers; adding lazy requestHandler: solr.SearchHandler
INFO  - 2015-01-31 19:15:07.099; org.apache.solr.core.RequestHandlers; created /suggest_topic: org.apache.solr.handler.component.SearchHandler
INFO  - 2015-01-31 19:15:07.100; org.apache.solr.core.RequestHandlers; created /suggest_topic: org.apache.solr.handler.component.SearchHandler
INFO  - 2015-01-31 19:15:07.100; org.apache.solr.core.RequestHandlers; created /suggest: solr.SearchHandler
INFO  - 2015-01-31 19:15:07.100; org.apache.solr.core.RequestHandlers; created /suggest: org.apache.solr.handler.component.SearchHandler
INFO  - 2015-01-31 19:15:07.100; org.apache.solr.core.RequestHandlers; adding lazy requestHandler: solr.SearchHandler
INFO  - 2015-01-31 19:15:07.100; org.apache.solr.core.RequestHandlers; adding lazy requestHandler: solr.SearchHandler
INFO  - 2015-01-31 19:15:07.100; org.apache.solr.core.RequestHandlers; created /tvrh: solr.SearchHandler
INFO  - 2015-01-31 19:15:07.100; org.apache.solr.core.RequestHandlers; created /suggest: org.apache.solr.handler.component.SearchHandler
INFO  - 2015-01-31 19:15:07.101; org.apache.solr.core.RequestHandlers; adding lazy requestHandler: solr.SearchHandler
INFO  - 2015-01-31 19:15:07.101; org.apache.solr.core.RequestHandlers; adding lazy requestHandler: solr.SearchHandler
INFO  - 2015-01-31 19:15:07.101; org.apache.solr.core.RequestHandlers; created /tvrh: solr.SearchHandler
INFO  - 2015-01-31 19:15:07.102; org.apache.solr.core.RequestHandlers; adding lazy requestHandler: solr.SearchHandler
INFO  - 2015-01-31 19:15:07.102; org.apache.solr.core.RequestHandlers; created /terms: solr.SearchHandler
INFO  - 2015-01-31 19:15:07.102; org.apache.solr.core.RequestHandlers; adding lazy requestHandler: solr.SearchHandler
INFO  - 2015-01-31 19:15:07.101; org.apache.solr.core.RequestHandlers; created /tvrh: solr.SearchHandler
INFO  - 2015-01-31 19:15:07.102; org.apache.solr.core.RequestHandlers; adding lazy requestHandler: solr.SearchHandler
INFO  - 2015-01-31 19:15:07.102; org.apache.solr.core.RequestHandlers; created /elevate: solr.SearchHandler
INFO  - 2015-01-31 19:15:07.102; org.apache.solr.core.RequestHandlers; created /terms: solr.SearchHandler
INFO  - 2015-01-31 19:15:07.103; org.apache.solr.core.RequestHandlers; adding lazy requestHandler: solr.SearchHandler
INFO  - 2015-01-31 19:15:07.103; org.apache.solr.core.RequestHandlers; created /terms: solr.SearchHandler
INFO  - 2015-01-31 19:15:07.103; org.apache.solr.core.RequestHandlers; adding lazy requestHandler: solr.SearchHandler
INFO  - 2015-01-31 19:15:07.103; org.apache.solr.core.RequestHandlers; created /elevate: solr.SearchHandler
INFO  - 2015-01-31 19:15:07.103; org.apache.solr.core.RequestHandlers; created /elevate: solr.SearchHandler
INFO  - 2015-01-31 19:15:07.120; org.apache.solr.handler.loader.XMLLoader; xsltCacheLifetimeSeconds=60
INFO  - 2015-01-31 19:15:07.120; org.apache.solr.handler.loader.XMLLoader; xsltCacheLifetimeSeconds=60
INFO  - 2015-01-31 19:15:07.120; org.apache.solr.handler.loader.XMLLoader; xsltCacheLifetimeSeconds=60
INFO  - 2015-01-31 19:15:07.123; org.apache.solr.handler.loader.XMLLoader; xsltCacheLifetimeSeconds=60
INFO  - 2015-01-31 19:15:07.123; org.apache.solr.handler.loader.XMLLoader; xsltCacheLifetimeSeconds=60
INFO  - 2015-01-31 19:15:07.123; org.apache.solr.handler.loader.XMLLoader; xsltCacheLifetimeSeconds=60
INFO  - 2015-01-31 19:15:07.124; org.apache.solr.handler.loader.XMLLoader; xsltCacheLifetimeSeconds=60
INFO  - 2015-01-31 19:15:07.124; org.apache.solr.handler.loader.XMLLoader; xsltCacheLifetimeSeconds=60
INFO  - 2015-01-31 19:15:07.124; org.apache.solr.handler.loader.XMLLoader; xsltCacheLifetimeSeconds=60
INFO  - 2015-01-31 19:15:07.150; org.apache.solr.update.CommitTracker; Hard AutoCommit: if uncommited for 15000ms; 
INFO  - 2015-01-31 19:15:07.151; org.apache.solr.update.CommitTracker; Soft AutoCommit: disabled
INFO  - 2015-01-31 19:15:07.158; org.apache.solr.update.CommitTracker; Hard AutoCommit: disabled
INFO  - 2015-01-31 19:15:07.158; org.apache.solr.update.CommitTracker; Soft AutoCommit: if uncommited for 1000ms; 
INFO  - 2015-01-31 19:15:07.158; org.apache.solr.update.CommitTracker; Hard AutoCommit: disabled
INFO  - 2015-01-31 19:15:07.159; org.apache.solr.update.CommitTracker; Soft AutoCommit: if uncommited for 1000ms; 
INFO  - 2015-01-31 19:15:07.214; org.apache.solr.core.SolrDeletionPolicy; SolrDeletionPolicy.onInit: commits: num=1
	commit{dir=NRTCachingDirectory(MMapDirectory@/opt/migros/data/Products/index lockFactory=NativeFSLockFactory@/opt/migros/data/Products/index; maxCacheMB=48.0 maxMergeSizeMB=4.0),segFN=segments_1b,generation=47}
INFO  - 2015-01-31 19:15:07.215; org.apache.solr.core.SolrDeletionPolicy; newest commit generation = 47
INFO  - 2015-01-31 19:15:07.236; org.apache.solr.core.SolrDeletionPolicy; SolrDeletionPolicy.onInit: commits: num=1
	commit{dir=NRTCachingDirectory(MMapDirectory@/opt/migros/data/ProductsCoreSecond/index lockFactory=NativeFSLockFactory@/opt/migros/data/ProductsCoreSecond/index; maxCacheMB=48.0 maxMergeSizeMB=4.0),segFN=segments_11,generation=37}
INFO  - 2015-01-31 19:15:07.237; org.apache.solr.core.SolrDeletionPolicy; newest commit generation = 37
INFO  - 2015-01-31 19:15:07.250; org.apache.solr.search.SolrIndexSearcher; Opening Searcher@39a8bd9e[Products] main
INFO  - 2015-01-31 19:15:07.261; org.apache.solr.rest.ManagedResourceStorage$FileStorageIO; File-based storage initialized to use dir: /opt/migros/solr/Products/conf
INFO  - 2015-01-31 19:15:07.261; org.apache.solr.rest.RestManager; Initializing RestManager with initArgs: {storageDir=/opt/migros/solr/Products/conf/}
INFO  - 2015-01-31 19:15:07.263; org.apache.solr.rest.ManagedResourceStorage; Reading _rest_managed.json using file:dir=/opt/migros/solr/Products/conf
WARN  - 2015-01-31 19:15:07.263; org.apache.solr.rest.ManagedResource; No stored data found for /rest/managed
WARN  - 2015-01-31 19:15:07.264; org.apache.solr.rest.ManagedResource; No registered observers for /rest/managed
INFO  - 2015-01-31 19:15:07.265; org.apache.solr.rest.RestManager; Initializing 2 registered ManagedResources
INFO  - 2015-01-31 19:15:07.265; org.apache.solr.rest.ManagedResourceStorage; Reading _schema_analysis_stopwords_english.json using file:dir=/opt/migros/solr/Products/conf
INFO  - 2015-01-31 19:15:07.274; org.apache.solr.rest.ManagedResourceStorage; Loaded LinkedHashMap at path _schema_analysis_stopwords_english.json using file:dir=/opt/migros/solr/Products/conf
INFO  - 2015-01-31 19:15:07.275; org.apache.solr.rest.ManagedResource; Loaded initArgs {ignoreCase=true} for /schema/analysis/stopwords/english
INFO  - 2015-01-31 19:15:07.277; org.apache.solr.core.SolrDeletionPolicy; SolrDeletionPolicy.onInit: commits: num=1
	commit{dir=NRTCachingDirectory(MMapDirectory@/opt/migros/data/ProductsCoreFirst/index lockFactory=NativeFSLockFactory@/opt/migros/data/ProductsCoreFirst/index; maxCacheMB=48.0 maxMergeSizeMB=4.0),segFN=segments_2,generation=2}
INFO  - 2015-01-31 19:15:07.277; org.apache.solr.core.SolrDeletionPolicy; newest commit generation = 2
INFO  - 2015-01-31 19:15:07.278; org.apache.solr.rest.schema.analysis.ManagedWordSetResource; Loaded 35 words for /schema/analysis/stopwords/english
INFO  - 2015-01-31 19:15:07.278; org.apache.solr.rest.ManagedResource; Notified 1 observers of /schema/analysis/stopwords/english
INFO  - 2015-01-31 19:15:07.280; org.apache.solr.rest.ManagedResourceStorage; Reading _schema_analysis_synonyms_english.json using file:dir=/opt/migros/solr/Products/conf
INFO  - 2015-01-31 19:15:07.281; org.apache.solr.rest.ManagedResourceStorage; Loaded LinkedHashMap at path _schema_analysis_synonyms_english.json using file:dir=/opt/migros/solr/Products/conf
INFO  - 2015-01-31 19:15:07.281; org.apache.solr.rest.ManagedResource; Loaded initArgs {ignoreCase=true,format=solr} for /schema/analysis/synonyms/english
INFO  - 2015-01-31 19:15:07.283; org.apache.solr.rest.schema.analysis.ManagedSynonymFilterFactory$SynonymManager; Loaded 3 synonym mappings for /schema/analysis/synonyms/english
INFO  - 2015-01-31 19:15:07.287; org.apache.solr.rest.ManagedResource; Notified 1 observers of /schema/analysis/synonyms/english
INFO  - 2015-01-31 19:15:07.288; org.apache.solr.handler.component.SpellCheckComponent; Initializing spell checkers
INFO  - 2015-01-31 19:15:07.301; org.apache.solr.spelling.DirectSolrSpellChecker; init: {name=default,field=turkishtext,classname=solr.DirectSolrSpellChecker,distanceMeasure=internal,accuracy=0.5,maxEdits=2,minPrefix=1,maxInspections=5,minQueryLength=4,maxQueryFrequency=0.01}
INFO  - 2015-01-31 19:15:07.315; org.apache.solr.handler.component.SpellCheckComponent; No queryConverter defined, using default converter
INFO  - 2015-01-31 19:15:07.317; org.apache.solr.handler.component.SuggestComponent; Initializing SuggestComponent
INFO  - 2015-01-31 19:15:07.320; org.apache.solr.spelling.suggest.SolrSuggester; init: {name=mySuggester,lookupImpl=FuzzyLookupFactory,dictionaryImpl=DocumentDictionaryFactory,field=cat,weightField=price,suggestAnalyzerFieldType=string}
INFO  - 2015-01-31 19:15:07.350; org.apache.solr.spelling.suggest.SolrSuggester; Dictionary loaded with params: {name=mySuggester,lookupImpl=FuzzyLookupFactory,dictionaryImpl=DocumentDictionaryFactory,field=cat,weightField=price,suggestAnalyzerFieldType=string}
INFO  - 2015-01-31 19:15:07.354; org.apache.solr.handler.component.QueryElevationComponent; Loading QueryElevation from: /opt/migros/solr/Products/conf/elevate.xml
INFO  - 2015-01-31 19:15:07.381; org.apache.solr.search.SolrIndexSearcher; Opening Searcher@79011d76[ProductsCoreSecond] main
INFO  - 2015-01-31 19:15:07.388; org.apache.solr.rest.ManagedResourceStorage$FileStorageIO; File-based storage initialized to use dir: /opt/migros/solr/ProductsCoreSecond/conf
INFO  - 2015-01-31 19:15:07.388; org.apache.solr.rest.RestManager; Initializing RestManager with initArgs: {storageDir=/opt/migros/solr/ProductsCoreSecond/conf/}
INFO  - 2015-01-31 19:15:07.388; org.apache.solr.rest.ManagedResourceStorage; Reading _rest_managed.json using file:dir=/opt/migros/solr/ProductsCoreSecond/conf
WARN  - 2015-01-31 19:15:07.389; org.apache.solr.rest.ManagedResource; No stored data found for /rest/managed
WARN  - 2015-01-31 19:15:07.389; org.apache.solr.rest.ManagedResource; No registered observers for /rest/managed
INFO  - 2015-01-31 19:15:07.389; org.apache.solr.rest.RestManager; Initializing 2 registered ManagedResources
INFO  - 2015-01-31 19:15:07.389; org.apache.solr.rest.ManagedResourceStorage; Reading _schema_analysis_stopwords_english.json using file:dir=/opt/migros/solr/ProductsCoreSecond/conf
INFO  - 2015-01-31 19:15:07.390; org.apache.solr.rest.ManagedResourceStorage; Loaded LinkedHashMap at path _schema_analysis_stopwords_english.json using file:dir=/opt/migros/solr/ProductsCoreSecond/conf
INFO  - 2015-01-31 19:15:07.390; org.apache.solr.rest.ManagedResource; Loaded initArgs {ignoreCase=true} for /schema/analysis/stopwords/english
INFO  - 2015-01-31 19:15:07.391; org.apache.solr.rest.schema.analysis.ManagedWordSetResource; Loaded 35 words for /schema/analysis/stopwords/english
INFO  - 2015-01-31 19:15:07.391; org.apache.solr.rest.ManagedResource; Notified 1 observers of /schema/analysis/stopwords/english
INFO  - 2015-01-31 19:15:07.391; org.apache.solr.rest.ManagedResourceStorage; Reading _schema_analysis_synonyms_english.json using file:dir=/opt/migros/solr/ProductsCoreSecond/conf
INFO  - 2015-01-31 19:15:07.392; org.apache.solr.rest.ManagedResourceStorage; Loaded LinkedHashMap at path _schema_analysis_synonyms_english.json using file:dir=/opt/migros/solr/ProductsCoreSecond/conf
INFO  - 2015-01-31 19:15:07.392; org.apache.solr.rest.ManagedResource; Loaded initArgs {ignoreCase=true,format=solr} for /schema/analysis/synonyms/english
INFO  - 2015-01-31 19:15:07.392; org.apache.solr.rest.schema.analysis.ManagedSynonymFilterFactory$SynonymManager; Loaded 3 synonym mappings for /schema/analysis/synonyms/english
INFO  - 2015-01-31 19:15:07.393; org.apache.solr.rest.ManagedResource; Notified 1 observers of /schema/analysis/synonyms/english
INFO  - 2015-01-31 19:15:07.393; org.apache.solr.handler.component.SpellCheckComponent; Initializing spell checkers
INFO  - 2015-01-31 19:15:07.393; org.apache.solr.spelling.DirectSolrSpellChecker; init: {name=default,field=suggest,classname=solr.DirectSolrSpellChecker,distanceMeasure=internal,accuracy=0.5,maxEdits=2,minPrefix=1,maxInspections=5,minQueryLength=4,maxQueryFrequency=0.01}
INFO  - 2015-01-31 19:15:07.394; org.apache.solr.handler.component.SpellCheckComponent; No queryConverter defined, using default converter
INFO  - 2015-01-31 19:15:07.394; org.apache.solr.handler.component.SpellCheckComponent; Initializing spell checkers
INFO  - 2015-01-31 19:15:07.399; org.apache.solr.handler.ReplicationHandler; Commits will be reserved for  10000
INFO  - 2015-01-31 19:15:07.400; org.apache.solr.core.QuerySenderListener; QuerySenderListener sending requests to Searcher@39a8bd9e[Products] main{StandardDirectoryReader(segments_1b:197:nrt _2p(4.9):C13338)}
INFO  - 2015-01-31 19:15:07.400; org.apache.solr.spelling.suggest.Suggester; init: {name=suggestDictionary,classname=org.apache.solr.spelling.suggest.Suggester,lookupImpl=org.apache.solr.spelling.suggest.fst.FSTLookupFactory,field=suggest,threshold=0.0,buildOnCommit=true,distanceMeasure=internal,accuracy=0.5,maxEdits=2,minPrefix=1,maxInspections=10,minQueryLength=4,maxQueryFrequency=0.01}
INFO  - 2015-01-31 19:15:07.407; org.apache.solr.handler.component.SpellCheckComponent; Registering newSearcher listener for spellchecker: suggestDictionary
INFO  - 2015-01-31 19:15:07.407; org.apache.solr.handler.component.SpellCheckComponent; No queryConverter defined, using default converter
INFO  - 2015-01-31 19:15:07.410; org.apache.solr.handler.component.QueryElevationComponent; Loading QueryElevation from: /opt/migros/solr/ProductsCoreSecond/conf/elevate.xml
INFO  - 2015-01-31 19:15:07.420; org.apache.solr.handler.ReplicationHandler; Commits will be reserved for  10000
INFO  - 2015-01-31 19:15:07.421; org.apache.solr.core.QuerySenderListener; QuerySenderListener sending requests to Searcher@79011d76[ProductsCoreSecond] main{StandardDirectoryReader(segments_11:11533:nrt _48c(4.9):C20358/11:delGen=1 _4fh(4.9):C7589/20:delGen=1 _4an(4.9):C3510/2:delGen=1 _4ev(4.9):C5 _4f1(4.9):C6 _4f5(4.9):C1 _4fb(4.9):C1 _4fi(4.9):C4 _4fj(4.9):C4 _4fk(4.9):C6 _4fl(4.9):C6)}
INFO  - 2015-01-31 19:15:07.422; org.apache.solr.core.QuerySenderListener; QuerySenderListener done.
INFO  - 2015-01-31 19:15:07.422; org.apache.solr.handler.component.SpellCheckComponent$SpellCheckerListener; Loading spell index for spellchecker: default
INFO  - 2015-01-31 19:15:07.423; org.apache.solr.handler.component.SpellCheckComponent$SpellCheckerListener; Loading spell index for spellchecker: wordbreak
INFO  - 2015-01-31 19:15:07.423; org.apache.solr.handler.component.SpellCheckComponent$SpellCheckerListener; Loading spell index for spellchecker: suggestDictionary
INFO  - 2015-01-31 19:15:07.423; org.apache.solr.spelling.suggest.Suggester; reload()
INFO  - 2015-01-31 19:15:07.423; org.apache.solr.spelling.suggest.Suggester; build()
INFO  - 2015-01-31 19:15:07.446; org.apache.solr.search.SolrIndexSearcher; Opening Searcher@48839cdb[ProductsCoreFirst] main
INFO  - 2015-01-31 19:15:07.451; org.apache.solr.rest.ManagedResourceStorage$FileStorageIO; File-based storage initialized to use dir: /opt/migros/solr/ProductsCoreFirst/conf
INFO  - 2015-01-31 19:15:07.452; org.apache.solr.rest.RestManager; Initializing RestManager with initArgs: {storageDir=/opt/migros/solr/ProductsCoreFirst/conf/}
INFO  - 2015-01-31 19:15:07.452; org.apache.solr.rest.ManagedResourceStorage; Reading _rest_managed.json using file:dir=/opt/migros/solr/ProductsCoreFirst/conf
WARN  - 2015-01-31 19:15:07.452; org.apache.solr.rest.ManagedResource; No stored data found for /rest/managed
WARN  - 2015-01-31 19:15:07.452; org.apache.solr.rest.ManagedResource; No registered observers for /rest/managed
INFO  - 2015-01-31 19:15:07.452; org.apache.solr.rest.RestManager; Initializing 2 registered ManagedResources
INFO  - 2015-01-31 19:15:07.452; org.apache.solr.rest.ManagedResourceStorage; Reading _schema_analysis_stopwords_english.json using file:dir=/opt/migros/solr/ProductsCoreFirst/conf
INFO  - 2015-01-31 19:15:07.453; org.apache.solr.rest.ManagedResourceStorage; Loaded LinkedHashMap at path _schema_analysis_stopwords_english.json using file:dir=/opt/migros/solr/ProductsCoreFirst/conf
INFO  - 2015-01-31 19:15:07.453; org.apache.solr.rest.ManagedResource; Loaded initArgs {ignoreCase=true} for /schema/analysis/stopwords/english
INFO  - 2015-01-31 19:15:07.453; org.apache.solr.rest.schema.analysis.ManagedWordSetResource; Loaded 35 words for /schema/analysis/stopwords/english
INFO  - 2015-01-31 19:15:07.453; org.apache.solr.rest.ManagedResource; Notified 1 observers of /schema/analysis/stopwords/english
INFO  - 2015-01-31 19:15:07.453; org.apache.solr.rest.ManagedResourceStorage; Reading _schema_analysis_synonyms_english.json using file:dir=/opt/migros/solr/ProductsCoreFirst/conf
INFO  - 2015-01-31 19:15:07.453; org.apache.solr.rest.ManagedResourceStorage; Loaded LinkedHashMap at path _schema_analysis_synonyms_english.json using file:dir=/opt/migros/solr/ProductsCoreFirst/conf
INFO  - 2015-01-31 19:15:07.454; org.apache.solr.rest.ManagedResource; Loaded initArgs {ignoreCase=true,format=solr} for /schema/analysis/synonyms/english
INFO  - 2015-01-31 19:15:07.454; org.apache.solr.rest.schema.analysis.ManagedSynonymFilterFactory$SynonymManager; Loaded 3 synonym mappings for /schema/analysis/synonyms/english
INFO  - 2015-01-31 19:15:07.454; org.apache.solr.rest.ManagedResource; Notified 1 observers of /schema/analysis/synonyms/english
INFO  - 2015-01-31 19:15:07.454; org.apache.solr.handler.component.SpellCheckComponent; Initializing spell checkers
INFO  - 2015-01-31 19:15:07.454; org.apache.solr.spelling.DirectSolrSpellChecker; init: {name=default,field=suggest,classname=solr.DirectSolrSpellChecker,distanceMeasure=internal,accuracy=0.5,maxEdits=2,minPrefix=1,maxInspections=5,minQueryLength=4,maxQueryFrequency=0.01}
INFO  - 2015-01-31 19:15:07.455; org.apache.solr.handler.component.SpellCheckComponent; No queryConverter defined, using default converter
INFO  - 2015-01-31 19:15:07.455; org.apache.solr.handler.component.SpellCheckComponent; Initializing spell checkers
INFO  - 2015-01-31 19:15:07.455; org.apache.solr.spelling.suggest.Suggester; init: {name=suggestDictionary,classname=org.apache.solr.spelling.suggest.Suggester,lookupImpl=org.apache.solr.spelling.suggest.fst.FSTLookupFactory,field=suggest,threshold=0.0,buildOnCommit=true,distanceMeasure=internal,accuracy=0.5,maxEdits=2,minPrefix=1,maxInspections=10,minQueryLength=4,maxQueryFrequency=0.01}
INFO  - 2015-01-31 19:15:07.455; org.apache.solr.handler.component.SpellCheckComponent; Registering newSearcher listener for spellchecker: suggestDictionary
INFO  - 2015-01-31 19:15:07.455; org.apache.solr.handler.component.SpellCheckComponent; No queryConverter defined, using default converter
INFO  - 2015-01-31 19:15:07.456; org.apache.solr.handler.component.QueryElevationComponent; Loading QueryElevation from: /opt/migros/solr/ProductsCoreFirst/conf/elevate.xml
WARN  - 2015-01-31 19:15:07.456; org.apache.lucene.analysis.tr.TRMorphStemFilter; unexpected stem ?+
WARN  - 2015-01-31 19:15:07.457; org.apache.lucene.analysis.tr.TRMorphStemFilter; unexpected stem ?+
WARN  - 2015-01-31 19:15:07.458; org.apache.lucene.analysis.tr.TRMorphStemFilter; unexpected stem ?+
WARN  - 2015-01-31 19:15:07.459; org.apache.lucene.analysis.tr.TRMorphStemFilter; unexpected stem ?+
INFO  - 2015-01-31 19:15:07.461; org.apache.solr.handler.ReplicationHandler; Commits will be reserved for  10000
INFO  - 2015-01-31 19:15:07.461; org.apache.solr.core.QuerySenderListener; QuerySenderListener sending requests to Searcher@48839cdb[ProductsCoreFirst] main{StandardDirectoryReader(segments_2:839:nrt _3l(4.9):C3553 _4o(4.9):C3881 _6y(4.9):C6383 _5r(4.9):C3214 _7z(4.9):C4088 _8y(4.9):C3361 _a8(4.9):C2654 _ak(4.9):C3055 _be(4.9):C1180 _bc(4.9):C7 _bd(4.9):C2 _bf(4.9):C4 _bg(4.9):C3 _bi(4.9):C21 _bh(4.9):C13 _bk(4.9):C6 _bj(4.9):C19 _bl(4.9):C12 _bm(4.9):C1)}
INFO  - 2015-01-31 19:15:07.462; org.apache.solr.core.QuerySenderListener; QuerySenderListener done.
INFO  - 2015-01-31 19:15:07.462; org.apache.solr.handler.component.SpellCheckComponent$SpellCheckerListener; Loading spell index for spellchecker: default
INFO  - 2015-01-31 19:15:07.462; org.apache.solr.handler.component.SpellCheckComponent$SpellCheckerListener; Loading spell index for spellchecker: wordbreak
INFO  - 2015-01-31 19:15:07.462; org.apache.solr.handler.component.SpellCheckComponent$SpellCheckerListener; Loading spell index for spellchecker: suggestDictionary
INFO  - 2015-01-31 19:15:07.462; org.apache.solr.spelling.suggest.Suggester; reload()
INFO  - 2015-01-31 19:15:07.462; org.apache.solr.spelling.suggest.Suggester; build()
INFO  - 2015-01-31 19:15:07.492; org.apache.solr.core.SolrCore; [Products] webapp=null path=null params={q=static+firstSearcher+warming+in+solrconfig.xml&distrib=false&event=firstSearcher} hits=162 status=0 QTime=88 
INFO  - 2015-01-31 19:15:07.506; org.apache.solr.core.QuerySenderListener; QuerySenderListener done.
INFO  - 2015-01-31 19:15:07.506; org.apache.solr.handler.component.SpellCheckComponent$SpellCheckerListener; Loading spell index for spellchecker: default
INFO  - 2015-01-31 19:15:07.506; org.apache.solr.handler.component.SpellCheckComponent$SpellCheckerListener; Loading spell index for spellchecker: wordbreak
INFO  - 2015-01-31 19:15:07.506; org.apache.solr.handler.component.SuggestComponent$SuggesterListener; Loading suggester index for: mySuggester
INFO  - 2015-01-31 19:15:07.506; org.apache.solr.spelling.suggest.SolrSuggester; reload()
INFO  - 2015-01-31 19:15:07.506; org.apache.solr.spelling.suggest.SolrSuggester; build()
INFO  - 2015-01-31 19:15:07.710; org.apache.solr.core.SolrCore; [ProductsCoreSecond] Registered new searcher Searcher@79011d76[ProductsCoreSecond] main{StandardDirectoryReader(segments_11:11533:nrt _48c(4.9):C20358/11:delGen=1 _4fh(4.9):C7589/20:delGen=1 _4an(4.9):C3510/2:delGen=1 _4ev(4.9):C5 _4f1(4.9):C6 _4f5(4.9):C1 _4fb(4.9):C1 _4fi(4.9):C4 _4fj(4.9):C4 _4fk(4.9):C6 _4fl(4.9):C6)}
INFO  - 2015-01-31 19:15:07.714; org.apache.solr.core.CoreContainer; registering core: ProductsCoreSecond
INFO  - 2015-01-31 19:15:07.714; org.apache.solr.core.SolrResourceLoader; new SolrResourceLoader for directory: '/opt/migros/solr/ClickstreamClick/'
INFO  - 2015-01-31 19:15:07.714; org.apache.solr.core.SolrResourceLoader; Adding 'file:/opt/migros/solr/ClickstreamClick/lib/zemberek-core-0.9.1.jar' to classloader
INFO  - 2015-01-31 19:15:07.715; org.apache.solr.core.SolrResourceLoader; Adding 'file:/opt/migros/solr/ClickstreamClick/lib/commons-beanutils-1.8.3.jar' to classloader
INFO  - 2015-01-31 19:15:07.715; org.apache.solr.core.SolrResourceLoader; Adding 'file:/opt/migros/solr/ClickstreamClick/lib/commons-collections-3.2.1.jar' to classloader
INFO  - 2015-01-31 19:15:07.715; org.apache.solr.core.SolrResourceLoader; Adding 'file:/opt/migros/solr/ClickstreamClick/lib/solr-velocity-4.9.0.jar' to classloader
INFO  - 2015-01-31 19:15:07.715; org.apache.solr.core.SolrResourceLoader; Adding 'file:/opt/migros/solr/ClickstreamClick/lib/TurkishAnalysis-4.8.0.jar' to classloader
INFO  - 2015-01-31 19:15:07.715; org.apache.solr.core.SolrResourceLoader; Adding 'file:/opt/migros/solr/ClickstreamClick/lib/velocity-1.7.jar' to classloader
INFO  - 2015-01-31 19:15:07.715; org.apache.solr.core.SolrResourceLoader; Adding 'file:/opt/migros/solr/ClickstreamClick/lib/zemberek-morphology-0.9.1.jar' to classloader
INFO  - 2015-01-31 19:15:07.715; org.apache.solr.core.SolrResourceLoader; Adding 'file:/opt/migros/solr/ClickstreamClick/lib/velocity-tools-2.0.jar' to classloader
INFO  - 2015-01-31 19:15:07.715; org.apache.solr.core.SolrResourceLoader; Adding 'file:/opt/migros/solr/ClickstreamClick/lib/solr-dataimporthandler-4.9.0.jar' to classloader
INFO  - 2015-01-31 19:15:07.716; org.apache.solr.core.SolrResourceLoader; Adding 'file:/opt/migros/solr/ClickstreamClick/lib/solr-dataimporthandler-extras-4.9.0.jar' to classloader
INFO  - 2015-01-31 19:15:07.732; org.apache.solr.core.SolrCore; [ProductsCoreFirst] Registered new searcher Searcher@48839cdb[ProductsCoreFirst] main{StandardDirectoryReader(segments_2:839:nrt _3l(4.9):C3553 _4o(4.9):C3881 _6y(4.9):C6383 _5r(4.9):C3214 _7z(4.9):C4088 _8y(4.9):C3361 _a8(4.9):C2654 _ak(4.9):C3055 _be(4.9):C1180 _bc(4.9):C7 _bd(4.9):C2 _bf(4.9):C4 _bg(4.9):C3 _bi(4.9):C21 _bh(4.9):C13 _bk(4.9):C6 _bj(4.9):C19 _bl(4.9):C12 _bm(4.9):C1)}
INFO  - 2015-01-31 19:15:07.732; org.apache.solr.core.SolrConfig; Adding specified lib dirs to ClassLoader
WARN  - 2015-01-31 19:15:07.732; org.apache.solr.core.SolrResourceLoader; Can't find (or read) directory to add to classloader: ../../../contrib/extraction/lib (resolved as: /opt/migros/solr/ClickstreamClick/../../../contrib/extraction/lib).
WARN  - 2015-01-31 19:15:07.733; org.apache.solr.core.SolrResourceLoader; Can't find (or read) directory to add to classloader: ../../../dist/ (resolved as: /opt/migros/solr/ClickstreamClick/../../../dist).
WARN  - 2015-01-31 19:15:07.733; org.apache.solr.core.SolrResourceLoader; Can't find (or read) directory to add to classloader: ../../../contrib/clustering/lib/ (resolved as: /opt/migros/solr/ClickstreamClick/../../../contrib/clustering/lib).
WARN  - 2015-01-31 19:15:07.733; org.apache.solr.core.SolrResourceLoader; Can't find (or read) directory to add to classloader: ../../../dist/ (resolved as: /opt/migros/solr/ClickstreamClick/../../../dist).
WARN  - 2015-01-31 19:15:07.733; org.apache.solr.core.SolrResourceLoader; Can't find (or read) directory to add to classloader: ../../../contrib/langid/lib/ (resolved as: /opt/migros/solr/ClickstreamClick/../../../contrib/langid/lib).
WARN  - 2015-01-31 19:15:07.733; org.apache.solr.core.SolrResourceLoader; Can't find (or read) directory to add to classloader: ../../../dist/ (resolved as: /opt/migros/solr/ClickstreamClick/../../../dist).
WARN  - 2015-01-31 19:15:07.733; org.apache.solr.core.SolrResourceLoader; Can't find (or read) directory to add to classloader: ../../../contrib/velocity/lib (resolved as: /opt/migros/solr/ClickstreamClick/../../../contrib/velocity/lib).
WARN  - 2015-01-31 19:15:07.734; org.apache.solr.core.SolrResourceLoader; Can't find (or read) directory to add to classloader: ../../../dist/ (resolved as: /opt/migros/solr/ClickstreamClick/../../../dist).
INFO  - 2015-01-31 19:15:07.734; org.apache.solr.core.CoreContainer; registering core: ProductsCoreFirst
INFO  - 2015-01-31 19:15:07.734; org.apache.solr.core.SolrResourceLoader; new SolrResourceLoader for directory: '/opt/migros/solr/ClickstreamCart/'
INFO  - 2015-01-31 19:15:07.735; org.apache.solr.core.SolrResourceLoader; Adding 'file:/opt/migros/solr/ClickstreamCart/lib/zemberek-core-0.9.1.jar' to classloader
INFO  - 2015-01-31 19:15:07.735; org.apache.solr.core.SolrResourceLoader; Adding 'file:/opt/migros/solr/ClickstreamCart/lib/commons-beanutils-1.8.3.jar' to classloader
INFO  - 2015-01-31 19:15:07.735; org.apache.solr.core.SolrResourceLoader; Adding 'file:/opt/migros/solr/ClickstreamCart/lib/commons-collections-3.2.1.jar' to classloader
INFO  - 2015-01-31 19:15:07.735; org.apache.solr.core.SolrResourceLoader; Adding 'file:/opt/migros/solr/ClickstreamCart/lib/solr-velocity-4.9.0.jar' to classloader
INFO  - 2015-01-31 19:15:07.735; org.apache.solr.core.SolrResourceLoader; Adding 'file:/opt/migros/solr/ClickstreamCart/lib/TurkishAnalysis-4.8.0.jar' to classloader
INFO  - 2015-01-31 19:15:07.736; org.apache.solr.core.SolrResourceLoader; Adding 'file:/opt/migros/solr/ClickstreamCart/lib/velocity-1.7.jar' to classloader
INFO  - 2015-01-31 19:15:07.736; org.apache.solr.core.SolrResourceLoader; Adding 'file:/opt/migros/solr/ClickstreamCart/lib/zemberek-morphology-0.9.1.jar' to classloader
INFO  - 2015-01-31 19:15:07.736; org.apache.solr.core.SolrResourceLoader; Adding 'file:/opt/migros/solr/ClickstreamCart/lib/velocity-tools-2.0.jar' to classloader
INFO  - 2015-01-31 19:15:07.736; org.apache.solr.core.SolrResourceLoader; Adding 'file:/opt/migros/solr/ClickstreamCart/lib/solr-dataimporthandler-4.9.0.jar' to classloader
INFO  - 2015-01-31 19:15:07.736; org.apache.solr.core.SolrResourceLoader; Adding 'file:/opt/migros/solr/ClickstreamCart/lib/solr-dataimporthandler-extras-4.9.0.jar' to classloader
INFO  - 2015-01-31 19:15:07.753; org.apache.solr.update.SolrIndexConfig; IndexWriter infoStream solr logging is enabled
INFO  - 2015-01-31 19:15:07.755; org.apache.solr.core.SolrConfig; Using Lucene MatchVersion: LUCENE_4_9
INFO  - 2015-01-31 19:15:07.760; org.apache.solr.core.SolrConfig; Adding specified lib dirs to ClassLoader
WARN  - 2015-01-31 19:15:07.761; org.apache.solr.core.SolrResourceLoader; Can't find (or read) directory to add to classloader: ../../../contrib/extraction/lib (resolved as: /opt/migros/solr/ClickstreamCart/../../../contrib/extraction/lib).
WARN  - 2015-01-31 19:15:07.761; org.apache.solr.core.SolrResourceLoader; Can't find (or read) directory to add to classloader: ../../../dist/ (resolved as: /opt/migros/solr/ClickstreamCart/../../../dist).
WARN  - 2015-01-31 19:15:07.761; org.apache.solr.core.SolrResourceLoader; Can't find (or read) directory to add to classloader: ../../../contrib/clustering/lib/ (resolved as: /opt/migros/solr/ClickstreamCart/../../../contrib/clustering/lib).
WARN  - 2015-01-31 19:15:07.762; org.apache.solr.core.SolrResourceLoader; Can't find (or read) directory to add to classloader: ../../../dist/ (resolved as: /opt/migros/solr/ClickstreamCart/../../../dist).
WARN  - 2015-01-31 19:15:07.763; org.apache.solr.core.SolrResourceLoader; Can't find (or read) directory to add to classloader: ../../../contrib/langid/lib/ (resolved as: /opt/migros/solr/ClickstreamCart/../../../contrib/langid/lib).
WARN  - 2015-01-31 19:15:07.763; org.apache.solr.core.SolrResourceLoader; Can't find (or read) directory to add to classloader: ../../../dist/ (resolved as: /opt/migros/solr/ClickstreamCart/../../../dist).
WARN  - 2015-01-31 19:15:07.763; org.apache.solr.core.SolrResourceLoader; Can't find (or read) directory to add to classloader: ../../../contrib/velocity/lib (resolved as: /opt/migros/solr/ClickstreamCart/../../../contrib/velocity/lib).
WARN  - 2015-01-31 19:15:07.763; org.apache.solr.core.SolrResourceLoader; Can't find (or read) directory to add to classloader: ../../../dist/ (resolved as: /opt/migros/solr/ClickstreamCart/../../../dist).
INFO  - 2015-01-31 19:15:07.784; org.apache.solr.update.SolrIndexConfig; IndexWriter infoStream solr logging is enabled
INFO  - 2015-01-31 19:15:07.786; org.apache.solr.core.SolrConfig; Using Lucene MatchVersion: LUCENE_4_9
INFO  - 2015-01-31 19:15:07.794; org.apache.solr.core.SolrConfig; Loaded SolrConfig: solrconfig.xml
INFO  - 2015-01-31 19:15:07.794; org.apache.solr.schema.IndexSchema; Reading Solr Schema from schema.xml
INFO  - 2015-01-31 19:15:07.803; org.apache.solr.schema.IndexSchema; [ClickstreamClick] Schema name=example
INFO  - 2015-01-31 19:15:07.828; org.apache.solr.core.SolrConfig; Loaded SolrConfig: solrconfig.xml
INFO  - 2015-01-31 19:15:07.828; org.apache.solr.schema.IndexSchema; Reading Solr Schema from schema.xml
INFO  - 2015-01-31 19:15:07.838; org.apache.solr.schema.IndexSchema; [ClickstreamCart] Schema name=example
INFO  - 2015-01-31 19:15:08.069; org.apache.solr.core.SolrCore; [Products] Registered new searcher Searcher@39a8bd9e[Products] main{StandardDirectoryReader(segments_1b:197:nrt _2p(4.9):C13338)}
INFO  - 2015-01-31 19:15:08.070; org.apache.solr.core.CoreContainer; registering core: Products
INFO  - 2015-01-31 19:15:08.070; org.apache.solr.core.SolrResourceLoader; new SolrResourceLoader for directory: '/opt/migros/solr/ProductsCoreTest/'
INFO  - 2015-01-31 19:15:08.071; org.apache.solr.core.SolrResourceLoader; Adding 'file:/opt/migros/solr/ProductsCoreTest/lib/zemberek-core-0.9.1.jar' to classloader
INFO  - 2015-01-31 19:15:08.071; org.apache.solr.core.SolrResourceLoader; Adding 'file:/opt/migros/solr/ProductsCoreTest/lib/commons-beanutils-1.8.3.jar' to classloader
INFO  - 2015-01-31 19:15:08.071; org.apache.solr.core.SolrResourceLoader; Adding 'file:/opt/migros/solr/ProductsCoreTest/lib/commons-collections-3.2.1.jar' to classloader
INFO  - 2015-01-31 19:15:08.071; org.apache.solr.core.SolrResourceLoader; Adding 'file:/opt/migros/solr/ProductsCoreTest/lib/solr-velocity-4.9.0.jar' to classloader
INFO  - 2015-01-31 19:15:08.071; org.apache.solr.core.SolrResourceLoader; Adding 'file:/opt/migros/solr/ProductsCoreTest/lib/TurkishAnalysis-4.8.0.jar' to classloader
INFO  - 2015-01-31 19:15:08.071; org.apache.solr.core.SolrResourceLoader; Adding 'file:/opt/migros/solr/ProductsCoreTest/lib/velocity-1.7.jar' to classloader
INFO  - 2015-01-31 19:15:08.071; org.apache.solr.core.SolrResourceLoader; Adding 'file:/opt/migros/solr/ProductsCoreTest/lib/zemberek-morphology-0.9.1.jar' to classloader
INFO  - 2015-01-31 19:15:08.071; org.apache.solr.core.SolrResourceLoader; Adding 'file:/opt/migros/solr/ProductsCoreTest/lib/velocity-tools-2.0.jar' to classloader
INFO  - 2015-01-31 19:15:08.085; org.apache.solr.core.SolrConfig; Adding specified lib dirs to ClassLoader
WARN  - 2015-01-31 19:15:08.086; org.apache.solr.core.SolrResourceLoader; Can't find (or read) directory to add to classloader: ../../../contrib/extraction/lib (resolved as: /opt/migros/solr/ProductsCoreTest/../../../contrib/extraction/lib).
WARN  - 2015-01-31 19:15:08.086; org.apache.solr.core.SolrResourceLoader; Can't find (or read) directory to add to classloader: ../../../dist/ (resolved as: /opt/migros/solr/ProductsCoreTest/../../../dist).
WARN  - 2015-01-31 19:15:08.086; org.apache.solr.core.SolrResourceLoader; Can't find (or read) directory to add to classloader: ../../../contrib/clustering/lib/ (resolved as: /opt/migros/solr/ProductsCoreTest/../../../contrib/clustering/lib).
WARN  - 2015-01-31 19:15:08.086; org.apache.solr.core.SolrResourceLoader; Can't find (or read) directory to add to classloader: ../../../dist/ (resolved as: /opt/migros/solr/ProductsCoreTest/../../../dist).
WARN  - 2015-01-31 19:15:08.086; org.apache.solr.core.SolrResourceLoader; Can't find (or read) directory to add to classloader: ../../../contrib/langid/lib/ (resolved as: /opt/migros/solr/ProductsCoreTest/../../../contrib/langid/lib).
WARN  - 2015-01-31 19:15:08.086; org.apache.solr.core.SolrResourceLoader; Can't find (or read) directory to add to classloader: ../../../dist/ (resolved as: /opt/migros/solr/ProductsCoreTest/../../../dist).
WARN  - 2015-01-31 19:15:08.086; org.apache.solr.core.SolrResourceLoader; Can't find (or read) directory to add to classloader: ../../../contrib/velocity/lib (resolved as: /opt/migros/solr/ProductsCoreTest/../../../contrib/velocity/lib).
WARN  - 2015-01-31 19:15:08.087; org.apache.solr.core.SolrResourceLoader; Can't find (or read) directory to add to classloader: ../../../dist/ (resolved as: /opt/migros/solr/ProductsCoreTest/../../../dist).
INFO  - 2015-01-31 19:15:08.104; org.apache.solr.update.SolrIndexConfig; IndexWriter infoStream solr logging is enabled
INFO  - 2015-01-31 19:15:08.106; org.apache.solr.core.SolrConfig; Using Lucene MatchVersion: LUCENE_4_9
INFO  - 2015-01-31 19:15:08.138; org.apache.solr.core.SolrConfig; Loaded SolrConfig: solrconfig.xml
INFO  - 2015-01-31 19:15:08.139; org.apache.solr.schema.IndexSchema; Reading Solr Schema from schema.xml
INFO  - 2015-01-31 19:15:08.139; org.apache.solr.schema.IndexSchema; unique key field: CStreamID
INFO  - 2015-01-31 19:15:08.141; org.apache.solr.rest.RestManager$Registry; Registered ManagedResource impl org.apache.solr.rest.schema.analysis.ManagedWordSetResource for path /schema/analysis/stopwords/english
INFO  - 2015-01-31 19:15:08.141; org.apache.solr.rest.RestManager$Registry; Registered ManagedResource impl org.apache.solr.rest.schema.analysis.ManagedSynonymFilterFactory$SynonymManager for path /schema/analysis/synonyms/english
INFO  - 2015-01-31 19:15:08.145; org.apache.solr.schema.IndexSchema; [ProductsCoreTest] Schema name=example
INFO  - 2015-01-31 19:15:08.148; org.apache.solr.schema.FileExchangeRateProvider; Reloading exchange rates from file currency.xml
INFO  - 2015-01-31 19:15:08.151; org.apache.solr.schema.FileExchangeRateProvider; Reloading exchange rates from file currency.xml
INFO  - 2015-01-31 19:15:08.168; org.apache.solr.core.CoreContainer; Creating SolrCore 'ClickstreamClick' using configuration from instancedir /opt/migros/solr/ClickstreamClick/
INFO  - 2015-01-31 19:15:08.168; org.apache.solr.core.SolrCore; solr.NRTCachingDirectoryFactory
INFO  - 2015-01-31 19:15:08.168; org.apache.solr.core.SolrCore; [ClickstreamClick] Opening new SolrCore at /opt/migros/solr/ClickstreamClick/, dataDir=/opt/migros/data/ClickstreamClick/
INFO  - 2015-01-31 19:15:08.168; org.apache.solr.core.JmxMonitoredMap; JMX monitoring is enabled. Adding Solr mbeans to JMX Server: com.sun.jmx.mbeanserver.JmxMBeanServer@200a570f
INFO  - 2015-01-31 19:15:08.169; org.apache.solr.core.SolrCore; [ClickstreamClick] Added SolrEventListener for newSearcher: org.apache.solr.core.QuerySenderListener{queries=[]}
INFO  - 2015-01-31 19:15:08.169; org.apache.solr.core.SolrCore; [ClickstreamClick] Added SolrEventListener for firstSearcher: org.apache.solr.core.QuerySenderListener{queries=[]}
INFO  - 2015-01-31 19:15:08.169; org.apache.solr.core.CachingDirectoryFactory; return new directory for /opt/migros/data/ClickstreamClick
INFO  - 2015-01-31 19:15:08.170; org.apache.solr.core.SolrCore; New index directory detected: old=null new=/opt/migros/data/ClickstreamClick/index/
INFO  - 2015-01-31 19:15:08.170; org.apache.solr.core.CachingDirectoryFactory; return new directory for /opt/migros/data/ClickstreamClick/index
INFO  - 2015-01-31 19:15:08.170; org.apache.solr.core.SolrCore; created json: solr.JSONResponseWriter
INFO  - 2015-01-31 19:15:08.171; org.apache.solr.core.SolrCore; adding lazy queryResponseWriter: solr.VelocityResponseWriter
INFO  - 2015-01-31 19:15:08.171; org.apache.solr.core.SolrCore; created velocity: solr.VelocityResponseWriter
INFO  - 2015-01-31 19:15:08.171; org.apache.solr.core.SolrCore; created xslt: solr.XSLTResponseWriter
INFO  - 2015-01-31 19:15:08.171; org.apache.solr.response.XSLTResponseWriter; xsltCacheLifetimeSeconds=5
INFO  - 2015-01-31 19:15:08.173; org.apache.solr.core.SolrCore; no updateRequestProcessorChain defined as default, creating implicit default
INFO  - 2015-01-31 19:15:08.178; org.apache.solr.core.RequestHandlers; created /dataimport: org.apache.solr.handler.dataimport.DataImportHandler
INFO  - 2015-01-31 19:15:08.178; org.apache.solr.core.RequestHandlers; created /myselect2: solr.SearchHandler
INFO  - 2015-01-31 19:15:08.179; org.apache.solr.core.RequestHandlers; created /myselect: solr.SearchHandler
INFO  - 2015-01-31 19:15:08.179; org.apache.solr.core.RequestHandlers; created /select: solr.SearchHandler
INFO  - 2015-01-31 19:15:08.179; org.apache.solr.core.RequestHandlers; created /query: solr.SearchHandler
INFO  - 2015-01-31 19:15:08.180; org.apache.solr.core.RequestHandlers; created /get: solr.RealTimeGetHandler
INFO  - 2015-01-31 19:15:08.180; org.apache.solr.core.RequestHandlers; created /browse: solr.SearchHandler
INFO  - 2015-01-31 19:15:08.180; org.apache.solr.core.RequestHandlers; created /update: solr.UpdateRequestHandler
INFO  - 2015-01-31 19:15:08.180; org.apache.solr.core.RequestHandlers; created /update/json: solr.UpdateRequestHandler
INFO  - 2015-01-31 19:15:08.181; org.apache.solr.core.RequestHandlers; created /update/csv: solr.UpdateRequestHandler
INFO  - 2015-01-31 19:15:08.181; org.apache.solr.core.RequestHandlers; adding lazy requestHandler: solr.extraction.ExtractingRequestHandler
INFO  - 2015-01-31 19:15:08.181; org.apache.solr.core.RequestHandlers; created /update/extract: solr.extraction.ExtractingRequestHandler
INFO  - 2015-01-31 19:15:08.181; org.apache.solr.core.RequestHandlers; adding lazy requestHandler: solr.FieldAnalysisRequestHandler
INFO  - 2015-01-31 19:15:08.181; org.apache.solr.core.RequestHandlers; created /analysis/field: solr.FieldAnalysisRequestHandler
INFO  - 2015-01-31 19:15:08.181; org.apache.solr.core.RequestHandlers; adding lazy requestHandler: solr.DocumentAnalysisRequestHandler
INFO  - 2015-01-31 19:15:08.181; org.apache.solr.core.RequestHandlers; created /analysis/document: solr.DocumentAnalysisRequestHandler
INFO  - 2015-01-31 19:15:08.182; org.apache.solr.schema.IndexSchema; unique key field: CStreamID
INFO  - 2015-01-31 19:15:08.182; org.apache.solr.core.RequestHandlers; created /admin/: solr.admin.AdminHandlers
INFO  - 2015-01-31 19:15:08.182; org.apache.solr.core.RequestHandlers; created /admin/ping: solr.PingRequestHandler
INFO  - 2015-01-31 19:15:08.182; org.apache.solr.core.RequestHandlers; created /debug/dump: solr.DumpRequestHandler
INFO  - 2015-01-31 19:15:08.183; org.apache.solr.core.RequestHandlers; created /replication: solr.ReplicationHandler
INFO  - 2015-01-31 19:15:08.183; org.apache.solr.core.RequestHandlers; adding lazy requestHandler: solr.SearchHandler
INFO  - 2015-01-31 19:15:08.183; org.apache.solr.core.RequestHandlers; created /spell: solr.SearchHandler
INFO  - 2015-01-31 19:15:08.183; org.apache.solr.core.RequestHandlers; created /suggest_topic: org.apache.solr.handler.component.SearchHandler
INFO  - 2015-01-31 19:15:08.183; org.apache.solr.rest.RestManager$Registry; Registered ManagedResource impl org.apache.solr.rest.schema.analysis.ManagedWordSetResource for path /schema/analysis/stopwords/english
INFO  - 2015-01-31 19:15:08.183; org.apache.solr.rest.RestManager$Registry; Registered ManagedResource impl org.apache.solr.rest.schema.analysis.ManagedSynonymFilterFactory$SynonymManager for path /schema/analysis/synonyms/english
INFO  - 2015-01-31 19:15:08.183; org.apache.solr.core.RequestHandlers; created /suggest: org.apache.solr.handler.component.SearchHandler
INFO  - 2015-01-31 19:15:08.184; org.apache.solr.core.RequestHandlers; adding lazy requestHandler: solr.SearchHandler
INFO  - 2015-01-31 19:15:08.184; org.apache.solr.core.RequestHandlers; created /tvrh: solr.SearchHandler
INFO  - 2015-01-31 19:15:08.184; org.apache.solr.core.RequestHandlers; adding lazy requestHandler: solr.SearchHandler
INFO  - 2015-01-31 19:15:08.184; org.apache.solr.core.RequestHandlers; created /terms: solr.SearchHandler
INFO  - 2015-01-31 19:15:08.184; org.apache.solr.core.RequestHandlers; adding lazy requestHandler: solr.SearchHandler
INFO  - 2015-01-31 19:15:08.184; org.apache.solr.core.RequestHandlers; created /elevate: solr.SearchHandler
INFO  - 2015-01-31 19:15:08.185; org.apache.solr.handler.loader.XMLLoader; xsltCacheLifetimeSeconds=60
INFO  - 2015-01-31 19:15:08.186; org.apache.solr.handler.loader.XMLLoader; xsltCacheLifetimeSeconds=60
INFO  - 2015-01-31 19:15:08.186; org.apache.solr.handler.loader.XMLLoader; xsltCacheLifetimeSeconds=60
INFO  - 2015-01-31 19:15:08.189; org.apache.solr.schema.FileExchangeRateProvider; Reloading exchange rates from file currency.xml
INFO  - 2015-01-31 19:15:08.190; org.apache.solr.update.CommitTracker; Hard AutoCommit: disabled
INFO  - 2015-01-31 19:15:08.190; org.apache.solr.update.CommitTracker; Soft AutoCommit: if uncommited for 1000ms; 
INFO  - 2015-01-31 19:15:08.191; org.apache.solr.schema.FileExchangeRateProvider; Reloading exchange rates from file currency.xml
INFO  - 2015-01-31 19:15:08.195; org.apache.solr.core.SolrDeletionPolicy; SolrDeletionPolicy.onInit: commits: num=1
	commit{dir=NRTCachingDirectory(MMapDirectory@/opt/migros/data/ClickstreamClick/index lockFactory=NativeFSLockFactory@/opt/migros/data/ClickstreamClick/index; maxCacheMB=48.0 maxMergeSizeMB=4.0),segFN=segments_4,generation=4}
INFO  - 2015-01-31 19:15:08.196; org.apache.solr.core.SolrDeletionPolicy; newest commit generation = 4
INFO  - 2015-01-31 19:15:08.205; org.apache.solr.core.CoreContainer; Creating SolrCore 'ClickstreamCart' using configuration from instancedir /opt/migros/solr/ClickstreamCart/
INFO  - 2015-01-31 19:15:08.205; org.apache.solr.core.SolrCore; solr.NRTCachingDirectoryFactory
INFO  - 2015-01-31 19:15:08.205; org.apache.solr.core.SolrCore; [ClickstreamCart] Opening new SolrCore at /opt/migros/solr/ClickstreamCart/, dataDir=/opt/migros/data/ClickstreamCart/
INFO  - 2015-01-31 19:15:08.205; org.apache.solr.core.JmxMonitoredMap; JMX monitoring is enabled. Adding Solr mbeans to JMX Server: com.sun.jmx.mbeanserver.JmxMBeanServer@200a570f
INFO  - 2015-01-31 19:15:08.206; org.apache.solr.core.SolrCore; [ClickstreamCart] Added SolrEventListener for newSearcher: org.apache.solr.core.QuerySenderListener{queries=[]}
INFO  - 2015-01-31 19:15:08.206; org.apache.solr.core.SolrCore; [ClickstreamCart] Added SolrEventListener for firstSearcher: org.apache.solr.core.QuerySenderListener{queries=[]}
INFO  - 2015-01-31 19:15:08.206; org.apache.solr.core.CachingDirectoryFactory; return new directory for /opt/migros/data/ClickstreamCart
INFO  - 2015-01-31 19:15:08.206; org.apache.solr.core.SolrCore; New index directory detected: old=null new=/opt/migros/data/ClickstreamCart/index/
INFO  - 2015-01-31 19:15:08.207; org.apache.solr.core.CachingDirectoryFactory; return new directory for /opt/migros/data/ClickstreamCart/index
INFO  - 2015-01-31 19:15:08.207; org.apache.solr.core.SolrCore; created json: solr.JSONResponseWriter
INFO  - 2015-01-31 19:15:08.207; org.apache.solr.core.SolrCore; adding lazy queryResponseWriter: solr.VelocityResponseWriter
INFO  - 2015-01-31 19:15:08.207; org.apache.solr.core.SolrCore; created velocity: solr.VelocityResponseWriter
INFO  - 2015-01-31 19:15:08.207; org.apache.solr.search.SolrIndexSearcher; Opening Searcher@1a54ff2e[ClickstreamClick] main
INFO  - 2015-01-31 19:15:08.207; org.apache.solr.core.SolrCore; created xslt: solr.XSLTResponseWriter
INFO  - 2015-01-31 19:15:08.208; org.apache.solr.response.XSLTResponseWriter; xsltCacheLifetimeSeconds=5
INFO  - 2015-01-31 19:15:08.208; org.apache.solr.rest.ManagedResourceStorage$FileStorageIO; File-based storage initialized to use dir: /opt/migros/solr/ClickstreamClick/conf
INFO  - 2015-01-31 19:15:08.208; org.apache.solr.rest.RestManager; Initializing RestManager with initArgs: {storageDir=/opt/migros/solr/ClickstreamClick/conf/}
INFO  - 2015-01-31 19:15:08.208; org.apache.solr.rest.ManagedResourceStorage; Reading _rest_managed.json using file:dir=/opt/migros/solr/ClickstreamClick/conf
WARN  - 2015-01-31 19:15:08.208; org.apache.solr.rest.ManagedResource; No stored data found for /rest/managed
WARN  - 2015-01-31 19:15:08.208; org.apache.solr.rest.ManagedResource; No registered observers for /rest/managed
INFO  - 2015-01-31 19:15:08.208; org.apache.solr.rest.RestManager; Initializing 2 registered ManagedResources
INFO  - 2015-01-31 19:15:08.209; org.apache.solr.rest.ManagedResourceStorage; Reading _schema_analysis_stopwords_english.json using file:dir=/opt/migros/solr/ClickstreamClick/conf
INFO  - 2015-01-31 19:15:08.209; org.apache.solr.rest.ManagedResourceStorage; Loaded LinkedHashMap at path _schema_analysis_stopwords_english.json using file:dir=/opt/migros/solr/ClickstreamClick/conf
INFO  - 2015-01-31 19:15:08.209; org.apache.solr.rest.ManagedResource; Loaded initArgs {ignoreCase=true} for /schema/analysis/stopwords/english
INFO  - 2015-01-31 19:15:08.209; org.apache.solr.rest.schema.analysis.ManagedWordSetResource; Loaded 35 words for /schema/analysis/stopwords/english
INFO  - 2015-01-31 19:15:08.209; org.apache.solr.rest.ManagedResource; Notified 1 observers of /schema/analysis/stopwords/english
INFO  - 2015-01-31 19:15:08.210; org.apache.solr.core.SolrCore; no updateRequestProcessorChain defined as default, creating implicit default
INFO  - 2015-01-31 19:15:08.210; org.apache.solr.rest.ManagedResourceStorage; Reading _schema_analysis_synonyms_english.json using file:dir=/opt/migros/solr/ClickstreamClick/conf
INFO  - 2015-01-31 19:15:08.210; org.apache.solr.rest.ManagedResourceStorage; Loaded LinkedHashMap at path _schema_analysis_synonyms_english.json using file:dir=/opt/migros/solr/ClickstreamClick/conf
INFO  - 2015-01-31 19:15:08.210; org.apache.solr.rest.ManagedResource; Loaded initArgs {ignoreCase=true,format=solr} for /schema/analysis/synonyms/english
INFO  - 2015-01-31 19:15:08.210; org.apache.solr.rest.schema.analysis.ManagedSynonymFilterFactory$SynonymManager; Loaded 3 synonym mappings for /schema/analysis/synonyms/english
INFO  - 2015-01-31 19:15:08.211; org.apache.solr.rest.ManagedResource; Notified 1 observers of /schema/analysis/synonyms/english
INFO  - 2015-01-31 19:15:08.211; org.apache.solr.handler.component.SpellCheckComponent; Initializing spell checkers
INFO  - 2015-01-31 19:15:08.211; org.apache.solr.spelling.DirectSolrSpellChecker; init: {name=default,field=suggest,classname=solr.DirectSolrSpellChecker,distanceMeasure=internal,accuracy=0.5,maxEdits=2,minPrefix=1,maxInspections=5,minQueryLength=4,maxQueryFrequency=0.01}
INFO  - 2015-01-31 19:15:08.212; org.apache.solr.handler.component.SpellCheckComponent; No queryConverter defined, using default converter
INFO  - 2015-01-31 19:15:08.212; org.apache.solr.handler.component.SpellCheckComponent; Initializing spell checkers
INFO  - 2015-01-31 19:15:08.212; org.apache.solr.spelling.suggest.Suggester; init: {name=suggestDictionary,classname=org.apache.solr.spelling.suggest.Suggester,lookupImpl=org.apache.solr.spelling.suggest.fst.FSTLookupFactory,field=suggest,threshold=0.0,buildOnCommit=true,distanceMeasure=internal,accuracy=0.5,maxEdits=2,minPrefix=1,maxInspections=10,minQueryLength=4,maxQueryFrequency=0.01}
INFO  - 2015-01-31 19:15:08.212; org.apache.solr.handler.component.SpellCheckComponent; Registering newSearcher listener for spellchecker: suggestDictionary
INFO  - 2015-01-31 19:15:08.212; org.apache.solr.handler.component.SpellCheckComponent; No queryConverter defined, using default converter
INFO  - 2015-01-31 19:15:08.212; org.apache.solr.handler.component.QueryElevationComponent; Loading QueryElevation from: /opt/migros/solr/ClickstreamClick/conf/elevate.xml
INFO  - 2015-01-31 19:15:08.213; org.apache.solr.core.RequestHandlers; created /dataimport: org.apache.solr.handler.dataimport.DataImportHandler
INFO  - 2015-01-31 19:15:08.213; org.apache.solr.core.RequestHandlers; created /myselect2: solr.SearchHandler
INFO  - 2015-01-31 19:15:08.214; org.apache.solr.core.RequestHandlers; created /myselect: solr.SearchHandler
INFO  - 2015-01-31 19:15:08.214; org.apache.solr.core.RequestHandlers; created /select: solr.SearchHandler
INFO  - 2015-01-31 19:15:08.214; org.apache.solr.core.RequestHandlers; created /query: solr.SearchHandler
INFO  - 2015-01-31 19:15:08.214; org.apache.solr.core.RequestHandlers; created /get: solr.RealTimeGetHandler
INFO  - 2015-01-31 19:15:08.215; org.apache.solr.core.RequestHandlers; created /browse: solr.SearchHandler
INFO  - 2015-01-31 19:15:08.215; org.apache.solr.core.RequestHandlers; created /update: solr.UpdateRequestHandler
INFO  - 2015-01-31 19:15:08.215; org.apache.solr.core.RequestHandlers; created /update/json: solr.UpdateRequestHandler
INFO  - 2015-01-31 19:15:08.215; org.apache.solr.core.RequestHandlers; created /update/csv: solr.UpdateRequestHandler
INFO  - 2015-01-31 19:15:08.216; org.apache.solr.core.RequestHandlers; adding lazy requestHandler: solr.extraction.ExtractingRequestHandler
INFO  - 2015-01-31 19:15:08.216; org.apache.solr.core.RequestHandlers; created /update/extract: solr.extraction.ExtractingRequestHandler
INFO  - 2015-01-31 19:15:08.216; org.apache.solr.core.RequestHandlers; adding lazy requestHandler: solr.FieldAnalysisRequestHandler
INFO  - 2015-01-31 19:15:08.216; org.apache.solr.core.RequestHandlers; created /analysis/field: solr.FieldAnalysisRequestHandler
INFO  - 2015-01-31 19:15:08.216; org.apache.solr.core.RequestHandlers; adding lazy requestHandler: solr.DocumentAnalysisRequestHandler
INFO  - 2015-01-31 19:15:08.216; org.apache.solr.core.RequestHandlers; created /analysis/document: solr.DocumentAnalysisRequestHandler
INFO  - 2015-01-31 19:15:08.216; org.apache.solr.core.RequestHandlers; created /admin/: solr.admin.AdminHandlers
INFO  - 2015-01-31 19:15:08.217; org.apache.solr.core.RequestHandlers; created /admin/ping: solr.PingRequestHandler
INFO  - 2015-01-31 19:15:08.217; org.apache.solr.core.RequestHandlers; created /debug/dump: solr.DumpRequestHandler
INFO  - 2015-01-31 19:15:08.217; org.apache.solr.core.RequestHandlers; created /replication: solr.ReplicationHandler
INFO  - 2015-01-31 19:15:08.217; org.apache.solr.core.RequestHandlers; adding lazy requestHandler: solr.SearchHandler
INFO  - 2015-01-31 19:15:08.218; org.apache.solr.core.RequestHandlers; created /spell: solr.SearchHandler
INFO  - 2015-01-31 19:15:08.218; org.apache.solr.core.RequestHandlers; created /suggest_topic: org.apache.solr.handler.component.SearchHandler
INFO  - 2015-01-31 19:15:08.218; org.apache.solr.core.RequestHandlers; created /suggest: org.apache.solr.handler.component.SearchHandler
INFO  - 2015-01-31 19:15:08.218; org.apache.solr.core.RequestHandlers; adding lazy requestHandler: solr.SearchHandler
INFO  - 2015-01-31 19:15:08.218; org.apache.solr.core.RequestHandlers; created /tvrh: solr.SearchHandler
INFO  - 2015-01-31 19:15:08.218; org.apache.solr.core.RequestHandlers; adding lazy requestHandler: solr.SearchHandler
INFO  - 2015-01-31 19:15:08.219; org.apache.solr.core.RequestHandlers; created /terms: solr.SearchHandler
INFO  - 2015-01-31 19:15:08.219; org.apache.solr.core.RequestHandlers; adding lazy requestHandler: solr.SearchHandler
INFO  - 2015-01-31 19:15:08.219; org.apache.solr.core.RequestHandlers; created /elevate: solr.SearchHandler
INFO  - 2015-01-31 19:15:08.220; org.apache.solr.handler.loader.XMLLoader; xsltCacheLifetimeSeconds=60
INFO  - 2015-01-31 19:15:08.220; org.apache.solr.handler.loader.XMLLoader; xsltCacheLifetimeSeconds=60
INFO  - 2015-01-31 19:15:08.221; org.apache.solr.handler.loader.XMLLoader; xsltCacheLifetimeSeconds=60
INFO  - 2015-01-31 19:15:08.223; org.apache.solr.handler.ReplicationHandler; Commits will be reserved for  10000
INFO  - 2015-01-31 19:15:08.223; org.apache.solr.update.CommitTracker; Hard AutoCommit: disabled
INFO  - 2015-01-31 19:15:08.223; org.apache.solr.core.QuerySenderListener; QuerySenderListener sending requests to Searcher@1a54ff2e[ClickstreamClick] main{StandardDirectoryReader(segments_4:2103:nrt _b6(4.9):C1048073 _j0(4.9):C742690 _t1(4.9):C967566 _sl(4.9):C2447 _t0(4.9):C2817 _t2(4.9):C2409 _t3(4.9):C2743 _t4(4.9):C2856 _t5(4.9):C731)}
INFO  - 2015-01-31 19:15:08.224; org.apache.solr.core.QuerySenderListener; QuerySenderListener done.
INFO  - 2015-01-31 19:15:08.224; org.apache.solr.handler.component.SpellCheckComponent$SpellCheckerListener; Loading spell index for spellchecker: default
INFO  - 2015-01-31 19:15:08.224; org.apache.solr.handler.component.SpellCheckComponent$SpellCheckerListener; Loading spell index for spellchecker: wordbreak
INFO  - 2015-01-31 19:15:08.224; org.apache.solr.handler.component.SpellCheckComponent$SpellCheckerListener; Loading spell index for spellchecker: suggestDictionary
INFO  - 2015-01-31 19:15:08.224; org.apache.solr.spelling.suggest.Suggester; reload()
INFO  - 2015-01-31 19:15:08.224; org.apache.solr.spelling.suggest.Suggester; build()
INFO  - 2015-01-31 19:15:08.223; org.apache.solr.update.CommitTracker; Soft AutoCommit: if uncommited for 1000ms; 
INFO  - 2015-01-31 19:15:08.226; org.apache.solr.core.SolrCore; [ClickstreamClick] Registered new searcher Searcher@1a54ff2e[ClickstreamClick] main{StandardDirectoryReader(segments_4:2103:nrt _b6(4.9):C1048073 _j0(4.9):C742690 _t1(4.9):C967566 _sl(4.9):C2447 _t0(4.9):C2817 _t2(4.9):C2409 _t3(4.9):C2743 _t4(4.9):C2856 _t5(4.9):C731)}
INFO  - 2015-01-31 19:15:08.227; org.apache.solr.core.CoreContainer; registering core: ClickstreamClick
INFO  - 2015-01-31 19:15:08.228; org.apache.solr.core.SolrResourceLoader; new SolrResourceLoader for directory: '/opt/migros/solr/ProductsCoreThird/'
INFO  - 2015-01-31 19:15:08.228; org.apache.solr.core.SolrResourceLoader; Adding 'file:/opt/migros/solr/ProductsCoreThird/lib/zemberek-core-0.9.1.jar' to classloader
INFO  - 2015-01-31 19:15:08.228; org.apache.solr.core.SolrResourceLoader; Adding 'file:/opt/migros/solr/ProductsCoreThird/lib/commons-beanutils-1.8.3.jar' to classloader
INFO  - 2015-01-31 19:15:08.228; org.apache.solr.core.SolrResourceLoader; Adding 'file:/opt/migros/solr/ProductsCoreThird/lib/commons-collections-3.2.1.jar' to classloader
INFO  - 2015-01-31 19:15:08.228; org.apache.solr.core.SolrResourceLoader; Adding 'file:/opt/migros/solr/ProductsCoreThird/lib/solr-velocity-4.9.0.jar' to classloader
INFO  - 2015-01-31 19:15:08.228; org.apache.solr.core.SolrResourceLoader; Adding 'file:/opt/migros/solr/ProductsCoreThird/lib/TurkishAnalysis-4.8.0.jar' to classloader
INFO  - 2015-01-31 19:15:08.229; org.apache.solr.core.SolrResourceLoader; Adding 'file:/opt/migros/solr/ProductsCoreThird/lib/velocity-1.7.jar' to classloader
INFO  - 2015-01-31 19:15:08.229; org.apache.solr.core.SolrResourceLoader; Adding 'file:/opt/migros/solr/ProductsCoreThird/lib/zemberek-morphology-0.9.1.jar' to classloader
INFO  - 2015-01-31 19:15:08.229; org.apache.solr.core.SolrResourceLoader; Adding 'file:/opt/migros/solr/ProductsCoreThird/lib/velocity-tools-2.0.jar' to classloader
INFO  - 2015-01-31 19:15:08.229; org.apache.solr.core.SolrResourceLoader; Adding 'file:/opt/migros/solr/ProductsCoreThird/lib/solr-dataimporthandler-4.9.0.jar' to classloader
INFO  - 2015-01-31 19:15:08.229; org.apache.solr.core.SolrResourceLoader; Adding 'file:/opt/migros/solr/ProductsCoreThird/lib/solr-dataimporthandler-extras-4.9.0.jar' to classloader
INFO  - 2015-01-31 19:15:08.238; org.apache.solr.core.SolrDeletionPolicy; SolrDeletionPolicy.onInit: commits: num=1
	commit{dir=NRTCachingDirectory(MMapDirectory@/opt/migros/data/ClickstreamCart/index lockFactory=NativeFSLockFactory@/opt/migros/data/ClickstreamCart/index; maxCacheMB=48.0 maxMergeSizeMB=4.0),segFN=segments_3,generation=3}
INFO  - 2015-01-31 19:15:08.238; org.apache.solr.core.SolrDeletionPolicy; newest commit generation = 3
INFO  - 2015-01-31 19:15:08.244; org.apache.solr.core.SolrConfig; Adding specified lib dirs to ClassLoader
WARN  - 2015-01-31 19:15:08.245; org.apache.solr.core.SolrResourceLoader; Can't find (or read) directory to add to classloader: ../../../contrib/extraction/lib (resolved as: /opt/migros/solr/ProductsCoreThird/../../../contrib/extraction/lib).
WARN  - 2015-01-31 19:15:08.245; org.apache.solr.core.SolrResourceLoader; Can't find (or read) directory to add to classloader: ../../../dist/ (resolved as: /opt/migros/solr/ProductsCoreThird/../../../dist).
WARN  - 2015-01-31 19:15:08.245; org.apache.solr.core.SolrResourceLoader; Can't find (or read) directory to add to classloader: ../../../contrib/clustering/lib/ (resolved as: /opt/migros/solr/ProductsCoreThird/../../../contrib/clustering/lib).
WARN  - 2015-01-31 19:15:08.245; org.apache.solr.core.SolrResourceLoader; Can't find (or read) directory to add to classloader: ../../../dist/ (resolved as: /opt/migros/solr/ProductsCoreThird/../../../dist).
WARN  - 2015-01-31 19:15:08.245; org.apache.solr.core.SolrResourceLoader; Can't find (or read) directory to add to classloader: ../../../contrib/langid/lib/ (resolved as: /opt/migros/solr/ProductsCoreThird/../../../contrib/langid/lib).
WARN  - 2015-01-31 19:15:08.245; org.apache.solr.core.SolrResourceLoader; Can't find (or read) directory to add to classloader: ../../../dist/ (resolved as: /opt/migros/solr/ProductsCoreThird/../../../dist).
WARN  - 2015-01-31 19:15:08.245; org.apache.solr.core.SolrResourceLoader; Can't find (or read) directory to add to classloader: ../../../contrib/velocity/lib (resolved as: /opt/migros/solr/ProductsCoreThird/../../../contrib/velocity/lib).
WARN  - 2015-01-31 19:15:08.245; org.apache.solr.core.SolrResourceLoader; Can't find (or read) directory to add to classloader: ../../../dist/ (resolved as: /opt/migros/solr/ProductsCoreThird/../../../dist).
INFO  - 2015-01-31 19:15:08.262; org.apache.solr.search.SolrIndexSearcher; Opening Searcher@2802cd4[ClickstreamCart] main
INFO  - 2015-01-31 19:15:08.263; org.apache.solr.rest.ManagedResourceStorage$FileStorageIO; File-based storage initialized to use dir: /opt/migros/solr/ClickstreamCart/conf
INFO  - 2015-01-31 19:15:08.263; org.apache.solr.rest.RestManager; Initializing RestManager with initArgs: {storageDir=/opt/migros/solr/ClickstreamCart/conf/}
INFO  - 2015-01-31 19:15:08.263; org.apache.solr.rest.ManagedResourceStorage; Reading _rest_managed.json using file:dir=/opt/migros/solr/ClickstreamCart/conf
WARN  - 2015-01-31 19:15:08.263; org.apache.solr.rest.ManagedResource; No stored data found for /rest/managed
WARN  - 2015-01-31 19:15:08.264; org.apache.solr.rest.ManagedResource; No registered observers for /rest/managed
INFO  - 2015-01-31 19:15:08.264; org.apache.solr.rest.RestManager; Initializing 2 registered ManagedResources
INFO  - 2015-01-31 19:15:08.264; org.apache.solr.rest.ManagedResourceStorage; Reading _schema_analysis_stopwords_english.json using file:dir=/opt/migros/solr/ClickstreamCart/conf
INFO  - 2015-01-31 19:15:08.264; org.apache.solr.rest.ManagedResourceStorage; Loaded LinkedHashMap at path _schema_analysis_stopwords_english.json using file:dir=/opt/migros/solr/ClickstreamCart/conf
INFO  - 2015-01-31 19:15:08.264; org.apache.solr.rest.ManagedResource; Loaded initArgs {ignoreCase=true} for /schema/analysis/stopwords/english
INFO  - 2015-01-31 19:15:08.265; org.apache.solr.rest.schema.analysis.ManagedWordSetResource; Loaded 35 words for /schema/analysis/stopwords/english
INFO  - 2015-01-31 19:15:08.265; org.apache.solr.rest.ManagedResource; Notified 1 observers of /schema/analysis/stopwords/english
INFO  - 2015-01-31 19:15:08.265; org.apache.solr.rest.ManagedResourceStorage; Reading _schema_analysis_synonyms_english.json using file:dir=/opt/migros/solr/ClickstreamCart/conf
INFO  - 2015-01-31 19:15:08.265; org.apache.solr.rest.ManagedResourceStorage; Loaded LinkedHashMap at path _schema_analysis_synonyms_english.json using file:dir=/opt/migros/solr/ClickstreamCart/conf
INFO  - 2015-01-31 19:15:08.265; org.apache.solr.rest.ManagedResource; Loaded initArgs {ignoreCase=true,format=solr} for /schema/analysis/synonyms/english
INFO  - 2015-01-31 19:15:08.265; org.apache.solr.rest.schema.analysis.ManagedSynonymFilterFactory$SynonymManager; Loaded 3 synonym mappings for /schema/analysis/synonyms/english
INFO  - 2015-01-31 19:15:08.266; org.apache.solr.rest.ManagedResource; Notified 1 observers of /schema/analysis/synonyms/english
INFO  - 2015-01-31 19:15:08.266; org.apache.solr.handler.component.SpellCheckComponent; Initializing spell checkers
INFO  - 2015-01-31 19:15:08.266; org.apache.solr.spelling.DirectSolrSpellChecker; init: {name=default,field=suggest,classname=solr.DirectSolrSpellChecker,distanceMeasure=internal,accuracy=0.5,maxEdits=2,minPrefix=1,maxInspections=5,minQueryLength=4,maxQueryFrequency=0.01}
INFO  - 2015-01-31 19:15:08.266; org.apache.solr.handler.component.SpellCheckComponent; No queryConverter defined, using default converter
INFO  - 2015-01-31 19:15:08.267; org.apache.solr.handler.component.SpellCheckComponent; Initializing spell checkers
INFO  - 2015-01-31 19:15:08.267; org.apache.solr.spelling.suggest.Suggester; init: {name=suggestDictionary,classname=org.apache.solr.spelling.suggest.Suggester,lookupImpl=org.apache.solr.spelling.suggest.fst.FSTLookupFactory,field=suggest,threshold=0.0,buildOnCommit=true,distanceMeasure=internal,accuracy=0.5,maxEdits=2,minPrefix=1,maxInspections=10,minQueryLength=4,maxQueryFrequency=0.01}
INFO  - 2015-01-31 19:15:08.267; org.apache.solr.handler.component.SpellCheckComponent; Registering newSearcher listener for spellchecker: suggestDictionary
INFO  - 2015-01-31 19:15:08.267; org.apache.solr.handler.component.SpellCheckComponent; No queryConverter defined, using default converter
INFO  - 2015-01-31 19:15:08.267; org.apache.solr.handler.component.QueryElevationComponent; Loading QueryElevation from: /opt/migros/solr/ClickstreamCart/conf/elevate.xml
INFO  - 2015-01-31 19:15:08.271; org.apache.solr.update.SolrIndexConfig; IndexWriter infoStream solr logging is enabled
INFO  - 2015-01-31 19:15:08.273; org.apache.solr.core.SolrConfig; Using Lucene MatchVersion: LUCENE_4_9
INFO  - 2015-01-31 19:15:08.278; org.apache.solr.handler.ReplicationHandler; Commits will be reserved for  10000
INFO  - 2015-01-31 19:15:08.278; org.apache.solr.core.QuerySenderListener; QuerySenderListener sending requests to Searcher@2802cd4[ClickstreamCart] main{StandardDirectoryReader(segments_3:3817:nrt _fm(4.9):C1066795 _v8(4.9):C1081730 _17h(4.9):C816469 _1f9(4.9):C470987 _1ge(4.9):C68753 _1gd(4.9):C2044 _1gf(4.9):C1717 _1gg(4.9):C1753 _1gh(4.9):C1664 _1gi(4.9):C1660 _1gj(4.9):C1683 _1gk(4.9):C1680 _1gl(4.9):C1422 _1gm(4.9):C1728 _1gn(4.9):C2109 _1go(4.9):C2094 _1gp(4.9):C1986 _1gq(4.9):C1806 _1gr(4.9):C1814 _1gs(4.9):C2047 _1gt(4.9):C1883 _1gu(4.9):C1874 _1gv(4.9):C1707 _1gw(4.9):C1973 _1gx(4.9):C1938 _1gy(4.9):C84)}
INFO  - 2015-01-31 19:15:08.279; org.apache.solr.core.QuerySenderListener; QuerySenderListener done.
INFO  - 2015-01-31 19:15:08.279; org.apache.solr.handler.component.SpellCheckComponent$SpellCheckerListener; Loading spell index for spellchecker: default
INFO  - 2015-01-31 19:15:08.279; org.apache.solr.handler.component.SpellCheckComponent$SpellCheckerListener; Loading spell index for spellchecker: wordbreak
INFO  - 2015-01-31 19:15:08.279; org.apache.solr.handler.component.SpellCheckComponent$SpellCheckerListener; Loading spell index for spellchecker: suggestDictionary
INFO  - 2015-01-31 19:15:08.279; org.apache.solr.spelling.suggest.Suggester; reload()
INFO  - 2015-01-31 19:15:08.279; org.apache.solr.spelling.suggest.Suggester; build()
INFO  - 2015-01-31 19:15:08.281; org.apache.solr.core.SolrCore; [ClickstreamCart] Registered new searcher Searcher@2802cd4[ClickstreamCart] main{StandardDirectoryReader(segments_3:3817:nrt _fm(4.9):C1066795 _v8(4.9):C1081730 _17h(4.9):C816469 _1f9(4.9):C470987 _1ge(4.9):C68753 _1gd(4.9):C2044 _1gf(4.9):C1717 _1gg(4.9):C1753 _1gh(4.9):C1664 _1gi(4.9):C1660 _1gj(4.9):C1683 _1gk(4.9):C1680 _1gl(4.9):C1422 _1gm(4.9):C1728 _1gn(4.9):C2109 _1go(4.9):C2094 _1gp(4.9):C1986 _1gq(4.9):C1806 _1gr(4.9):C1814 _1gs(4.9):C2047 _1gt(4.9):C1883 _1gu(4.9):C1874 _1gv(4.9):C1707 _1gw(4.9):C1973 _1gx(4.9):C1938 _1gy(4.9):C84)}
INFO  - 2015-01-31 19:15:08.283; org.apache.solr.core.CoreContainer; registering core: ClickstreamCart
INFO  - 2015-01-31 19:15:08.311; org.apache.solr.core.SolrConfig; Loaded SolrConfig: solrconfig.xml
INFO  - 2015-01-31 19:15:08.312; org.apache.solr.schema.IndexSchema; Reading Solr Schema from schema.xml
INFO  - 2015-01-31 19:15:08.318; org.apache.solr.schema.IndexSchema; [ProductsCoreThird] Schema name=example
INFO  - 2015-01-31 19:15:08.380; org.apache.solr.schema.IndexSchema; unique key field: ProductID
INFO  - 2015-01-31 19:15:08.381; org.apache.solr.rest.RestManager$Registry; Registered ManagedResource impl org.apache.solr.rest.schema.analysis.ManagedWordSetResource for path /schema/analysis/stopwords/english
INFO  - 2015-01-31 19:15:08.381; org.apache.solr.rest.RestManager$Registry; Registered ManagedResource impl org.apache.solr.rest.schema.analysis.ManagedSynonymFilterFactory$SynonymManager for path /schema/analysis/synonyms/english
INFO  - 2015-01-31 19:15:08.387; org.apache.solr.schema.FileExchangeRateProvider; Reloading exchange rates from file currency.xml
INFO  - 2015-01-31 19:15:08.389; org.apache.solr.schema.FileExchangeRateProvider; Reloading exchange rates from file currency.xml
INFO  - 2015-01-31 19:15:08.401; org.apache.solr.core.CoreContainer; Creating SolrCore 'ProductsCoreTest' using configuration from instancedir /opt/migros/solr/ProductsCoreTest/
INFO  - 2015-01-31 19:15:08.402; org.apache.solr.core.SolrCore; solr.NRTCachingDirectoryFactory
INFO  - 2015-01-31 19:15:08.402; org.apache.solr.core.SolrCore; [ProductsCoreTest] Opening new SolrCore at /opt/migros/solr/ProductsCoreTest/, dataDir=/opt/migros/data/ProductsCoreTest/
INFO  - 2015-01-31 19:15:08.402; org.apache.solr.core.JmxMonitoredMap; JMX monitoring is enabled. Adding Solr mbeans to JMX Server: com.sun.jmx.mbeanserver.JmxMBeanServer@200a570f
INFO  - 2015-01-31 19:15:08.402; org.apache.solr.core.SolrCore; [ProductsCoreTest] Added SolrEventListener for newSearcher: org.apache.solr.core.QuerySenderListener{queries=[]}
INFO  - 2015-01-31 19:15:08.402; org.apache.solr.core.SolrCore; [ProductsCoreTest] Added SolrEventListener for firstSearcher: org.apache.solr.core.QuerySenderListener{queries=[]}
INFO  - 2015-01-31 19:15:08.403; org.apache.solr.core.CachingDirectoryFactory; return new directory for /opt/migros/data/ProductsCoreTest
INFO  - 2015-01-31 19:15:08.403; org.apache.solr.core.SolrCore; New index directory detected: old=null new=/opt/migros/data/ProductsCoreTest/index/
INFO  - 2015-01-31 19:15:08.404; org.apache.solr.core.CachingDirectoryFactory; return new directory for /opt/migros/data/ProductsCoreTest/index
INFO  - 2015-01-31 19:15:08.404; org.apache.solr.core.SolrCore; created json: solr.JSONResponseWriter
INFO  - 2015-01-31 19:15:08.404; org.apache.solr.core.SolrCore; adding lazy queryResponseWriter: solr.VelocityResponseWriter
INFO  - 2015-01-31 19:15:08.404; org.apache.solr.core.SolrCore; created velocity: solr.VelocityResponseWriter
INFO  - 2015-01-31 19:15:08.404; org.apache.solr.core.SolrCore; created xslt: solr.XSLTResponseWriter
INFO  - 2015-01-31 19:15:08.404; org.apache.solr.response.XSLTResponseWriter; xsltCacheLifetimeSeconds=5
INFO  - 2015-01-31 19:15:08.406; org.apache.solr.core.SolrCore; no updateRequestProcessorChain defined as default, creating implicit default
INFO  - 2015-01-31 19:15:08.406; org.apache.solr.core.RequestHandlers; created /myselect2: solr.SearchHandler
INFO  - 2015-01-31 19:15:08.407; org.apache.solr.core.RequestHandlers; created /myselect: solr.SearchHandler
INFO  - 2015-01-31 19:15:08.407; org.apache.solr.core.RequestHandlers; created /select: solr.SearchHandler
INFO  - 2015-01-31 19:15:08.407; org.apache.solr.core.RequestHandlers; created /query: solr.SearchHandler
INFO  - 2015-01-31 19:15:08.407; org.apache.solr.core.RequestHandlers; created /get: solr.RealTimeGetHandler
INFO  - 2015-01-31 19:15:08.408; org.apache.solr.core.RequestHandlers; created /browse: solr.SearchHandler
INFO  - 2015-01-31 19:15:08.408; org.apache.solr.core.RequestHandlers; created /update: solr.UpdateRequestHandler
INFO  - 2015-01-31 19:15:08.408; org.apache.solr.core.RequestHandlers; created /update/json: solr.UpdateRequestHandler
INFO  - 2015-01-31 19:15:08.409; org.apache.solr.core.RequestHandlers; created /update/csv: solr.UpdateRequestHandler
INFO  - 2015-01-31 19:15:08.409; org.apache.solr.core.RequestHandlers; adding lazy requestHandler: solr.extraction.ExtractingRequestHandler
INFO  - 2015-01-31 19:15:08.409; org.apache.solr.core.RequestHandlers; created /update/extract: solr.extraction.ExtractingRequestHandler
INFO  - 2015-01-31 19:15:08.409; org.apache.solr.core.RequestHandlers; adding lazy requestHandler: solr.FieldAnalysisRequestHandler
INFO  - 2015-01-31 19:15:08.409; org.apache.solr.core.RequestHandlers; created /analysis/field: solr.FieldAnalysisRequestHandler
INFO  - 2015-01-31 19:15:08.409; org.apache.solr.core.RequestHandlers; adding lazy requestHandler: solr.DocumentAnalysisRequestHandler
INFO  - 2015-01-31 19:15:08.409; org.apache.solr.core.RequestHandlers; created /analysis/document: solr.DocumentAnalysisRequestHandler
INFO  - 2015-01-31 19:15:08.409; org.apache.solr.core.RequestHandlers; created /admin/: solr.admin.AdminHandlers
INFO  - 2015-01-31 19:15:08.410; org.apache.solr.core.RequestHandlers; created /admin/ping: solr.PingRequestHandler
INFO  - 2015-01-31 19:15:08.410; org.apache.solr.core.RequestHandlers; created /debug/dump: solr.DumpRequestHandler
INFO  - 2015-01-31 19:15:08.411; org.apache.solr.core.RequestHandlers; created /replication: solr.ReplicationHandler
INFO  - 2015-01-31 19:15:08.411; org.apache.solr.core.RequestHandlers; adding lazy requestHandler: solr.SearchHandler
INFO  - 2015-01-31 19:15:08.411; org.apache.solr.core.RequestHandlers; created /spell: solr.SearchHandler
INFO  - 2015-01-31 19:15:08.411; org.apache.solr.core.RequestHandlers; created /suggest_topic: org.apache.solr.handler.component.SearchHandler
INFO  - 2015-01-31 19:15:08.411; org.apache.solr.core.RequestHandlers; created /suggest: org.apache.solr.handler.component.SearchHandler
INFO  - 2015-01-31 19:15:08.411; org.apache.solr.core.RequestHandlers; adding lazy requestHandler: solr.SearchHandler
INFO  - 2015-01-31 19:15:08.412; org.apache.solr.core.RequestHandlers; created /tvrh: solr.SearchHandler
INFO  - 2015-01-31 19:15:08.412; org.apache.solr.core.RequestHandlers; adding lazy requestHandler: solr.SearchHandler
INFO  - 2015-01-31 19:15:08.412; org.apache.solr.core.RequestHandlers; created /terms: solr.SearchHandler
INFO  - 2015-01-31 19:15:08.412; org.apache.solr.core.RequestHandlers; adding lazy requestHandler: solr.SearchHandler
INFO  - 2015-01-31 19:15:08.412; org.apache.solr.core.RequestHandlers; created /elevate: solr.SearchHandler
INFO  - 2015-01-31 19:15:08.413; org.apache.solr.handler.loader.XMLLoader; xsltCacheLifetimeSeconds=60
INFO  - 2015-01-31 19:15:08.413; org.apache.solr.handler.loader.XMLLoader; xsltCacheLifetimeSeconds=60
INFO  - 2015-01-31 19:15:08.414; org.apache.solr.handler.loader.XMLLoader; xsltCacheLifetimeSeconds=60
INFO  - 2015-01-31 19:15:08.418; org.apache.solr.update.CommitTracker; Hard AutoCommit: disabled
INFO  - 2015-01-31 19:15:08.418; org.apache.solr.update.CommitTracker; Soft AutoCommit: if uncommited for 1000ms; 
INFO  - 2015-01-31 19:15:08.471; org.apache.solr.core.SolrDeletionPolicy; SolrDeletionPolicy.onInit: commits: num=1
	commit{dir=NRTCachingDirectory(MMapDirectory@/opt/migros/data/ProductsCoreTest/index lockFactory=NativeFSLockFactory@/opt/migros/data/ProductsCoreTest/index; maxCacheMB=48.0 maxMergeSizeMB=4.0),segFN=segments_2,generation=2}
INFO  - 2015-01-31 19:15:08.472; org.apache.solr.core.SolrDeletionPolicy; newest commit generation = 2
INFO  - 2015-01-31 19:15:08.561; org.apache.solr.schema.IndexSchema; unique key field: ProductID
INFO  - 2015-01-31 19:15:08.563; org.apache.solr.rest.RestManager$Registry; Registered ManagedResource impl org.apache.solr.rest.schema.analysis.ManagedWordSetResource for path /schema/analysis/stopwords/english
INFO  - 2015-01-31 19:15:08.563; org.apache.solr.rest.RestManager$Registry; Registered ManagedResource impl org.apache.solr.rest.schema.analysis.ManagedSynonymFilterFactory$SynonymManager for path /schema/analysis/synonyms/english
INFO  - 2015-01-31 19:15:08.569; org.apache.solr.schema.FileExchangeRateProvider; Reloading exchange rates from file currency.xml
INFO  - 2015-01-31 19:15:08.571; org.apache.solr.schema.FileExchangeRateProvider; Reloading exchange rates from file currency.xml
INFO  - 2015-01-31 19:15:08.670; org.apache.solr.core.CoreContainer; Creating SolrCore 'ProductsCoreThird' using configuration from instancedir /opt/migros/solr/ProductsCoreThird/
INFO  - 2015-01-31 19:15:08.670; org.apache.solr.core.SolrCore; solr.NRTCachingDirectoryFactory
INFO  - 2015-01-31 19:15:08.670; org.apache.solr.core.SolrCore; [ProductsCoreThird] Opening new SolrCore at /opt/migros/solr/ProductsCoreThird/, dataDir=/opt/migros/data/ProductsCoreThird/
INFO  - 2015-01-31 19:15:08.671; org.apache.solr.core.JmxMonitoredMap; JMX monitoring is enabled. Adding Solr mbeans to JMX Server: com.sun.jmx.mbeanserver.JmxMBeanServer@200a570f
INFO  - 2015-01-31 19:15:08.671; org.apache.solr.core.SolrCore; [ProductsCoreThird] Added SolrEventListener for newSearcher: org.apache.solr.core.QuerySenderListener{queries=[]}
INFO  - 2015-01-31 19:15:08.671; org.apache.solr.core.SolrCore; [ProductsCoreThird] Added SolrEventListener for firstSearcher: org.apache.solr.core.QuerySenderListener{queries=[]}
INFO  - 2015-01-31 19:15:08.672; org.apache.solr.core.CachingDirectoryFactory; return new directory for /opt/migros/data/ProductsCoreThird
INFO  - 2015-01-31 19:15:08.672; org.apache.solr.core.SolrCore; New index directory detected: old=null new=/opt/migros/data/ProductsCoreThird/index/
WARN  - 2015-01-31 19:15:08.672; org.apache.solr.core.SolrCore; [ProductsCoreThird] Solr index directory '/opt/migros/data/ProductsCoreThird/index' doesn't exist. Creating new index...
INFO  - 2015-01-31 19:15:08.672; org.apache.solr.core.CachingDirectoryFactory; return new directory for /opt/migros/data/ProductsCoreThird/index
INFO  - 2015-01-31 19:15:08.735; org.apache.solr.core.SolrDeletionPolicy; SolrDeletionPolicy.onCommit: commits: num=1
	commit{dir=NRTCachingDirectory(MMapDirectory@/opt/migros/data/ProductsCoreThird/index lockFactory=NativeFSLockFactory@/opt/migros/data/ProductsCoreThird/index; maxCacheMB=48.0 maxMergeSizeMB=4.0),segFN=segments_1,generation=1}
INFO  - 2015-01-31 19:15:08.735; org.apache.solr.core.SolrDeletionPolicy; newest commit generation = 1
INFO  - 2015-01-31 19:15:08.737; org.apache.solr.core.SolrCore; created json: solr.JSONResponseWriter
INFO  - 2015-01-31 19:15:08.737; org.apache.solr.core.SolrCore; adding lazy queryResponseWriter: solr.VelocityResponseWriter
INFO  - 2015-01-31 19:15:08.737; org.apache.solr.core.SolrCore; created velocity: solr.VelocityResponseWriter
INFO  - 2015-01-31 19:15:08.738; org.apache.solr.core.SolrCore; created xslt: solr.XSLTResponseWriter
INFO  - 2015-01-31 19:15:08.738; org.apache.solr.response.XSLTResponseWriter; xsltCacheLifetimeSeconds=5
INFO  - 2015-01-31 19:15:08.739; org.apache.solr.core.SolrCore; no updateRequestProcessorChain defined as default, creating implicit default
INFO  - 2015-01-31 19:15:08.743; org.apache.solr.core.RequestHandlers; created /dataimport0: org.apache.solr.handler.dataimport.DataImportHandler
INFO  - 2015-01-31 19:15:08.743; org.apache.solr.core.RequestHandlers; created /dataimport1: org.apache.solr.handler.dataimport.DataImportHandler
INFO  - 2015-01-31 19:15:08.743; org.apache.solr.core.RequestHandlers; created /dataimport2: org.apache.solr.handler.dataimport.DataImportHandler
INFO  - 2015-01-31 19:15:08.743; org.apache.solr.core.RequestHandlers; created /dataimport3: org.apache.solr.handler.dataimport.DataImportHandler
INFO  - 2015-01-31 19:15:08.743; org.apache.solr.core.RequestHandlers; created /dataimport4: org.apache.solr.handler.dataimport.DataImportHandler
INFO  - 2015-01-31 19:15:08.744; org.apache.solr.core.RequestHandlers; created /dataimport5: org.apache.solr.handler.dataimport.DataImportHandler
INFO  - 2015-01-31 19:15:08.744; org.apache.solr.core.RequestHandlers; created /dataimport6: org.apache.solr.handler.dataimport.DataImportHandler
INFO  - 2015-01-31 19:15:08.744; org.apache.solr.core.RequestHandlers; created /dataimport7: org.apache.solr.handler.dataimport.DataImportHandler
INFO  - 2015-01-31 19:15:08.744; org.apache.solr.core.RequestHandlers; created /dataimport8: org.apache.solr.handler.dataimport.DataImportHandler
INFO  - 2015-01-31 19:15:08.745; org.apache.solr.core.RequestHandlers; created /dataimport9: org.apache.solr.handler.dataimport.DataImportHandler
INFO  - 2015-01-31 19:15:08.746; org.apache.solr.core.RequestHandlers; created /dataimport10: org.apache.solr.handler.dataimport.DataImportHandler
INFO  - 2015-01-31 19:15:08.746; org.apache.solr.core.RequestHandlers; created /dataimport11: org.apache.solr.handler.dataimport.DataImportHandler
INFO  - 2015-01-31 19:15:08.746; org.apache.solr.core.RequestHandlers; created /dataimport12: org.apache.solr.handler.dataimport.DataImportHandler
INFO  - 2015-01-31 19:15:08.746; org.apache.solr.core.RequestHandlers; created /dataimport13: org.apache.solr.handler.dataimport.DataImportHandler
INFO  - 2015-01-31 19:15:08.746; org.apache.solr.core.RequestHandlers; created /dataimport14: org.apache.solr.handler.dataimport.DataImportHandler
INFO  - 2015-01-31 19:15:08.747; org.apache.solr.core.RequestHandlers; created /dataimport15: org.apache.solr.handler.dataimport.DataImportHandler
INFO  - 2015-01-31 19:15:08.747; org.apache.solr.core.RequestHandlers; created /dataimport16: org.apache.solr.handler.dataimport.DataImportHandler
INFO  - 2015-01-31 19:15:08.747; org.apache.solr.core.RequestHandlers; created /dataimport17: org.apache.solr.handler.dataimport.DataImportHandler
INFO  - 2015-01-31 19:15:08.748; org.apache.solr.core.RequestHandlers; created /dataimport18: org.apache.solr.handler.dataimport.DataImportHandler
INFO  - 2015-01-31 19:15:08.748; org.apache.solr.core.RequestHandlers; created /dataimport19: org.apache.solr.handler.dataimport.DataImportHandler
INFO  - 2015-01-31 19:15:08.748; org.apache.solr.core.RequestHandlers; created /dataimport20: org.apache.solr.handler.dataimport.DataImportHandler
INFO  - 2015-01-31 19:15:08.748; org.apache.solr.core.RequestHandlers; created /dataimport21: org.apache.solr.handler.dataimport.DataImportHandler
INFO  - 2015-01-31 19:15:08.748; org.apache.solr.core.RequestHandlers; created /dataimport22: org.apache.solr.handler.dataimport.DataImportHandler
INFO  - 2015-01-31 19:15:08.749; org.apache.solr.core.RequestHandlers; created /dataimport23: org.apache.solr.handler.dataimport.DataImportHandler
INFO  - 2015-01-31 19:15:08.749; org.apache.solr.core.RequestHandlers; created /myselect2: solr.SearchHandler
INFO  - 2015-01-31 19:15:08.749; org.apache.solr.core.RequestHandlers; created /myselect: solr.SearchHandler
INFO  - 2015-01-31 19:15:08.749; org.apache.solr.core.RequestHandlers; created /select: solr.SearchHandler
INFO  - 2015-01-31 19:15:08.749; org.apache.solr.core.RequestHandlers; created /query: solr.SearchHandler
INFO  - 2015-01-31 19:15:08.750; org.apache.solr.core.RequestHandlers; created /get: solr.RealTimeGetHandler
INFO  - 2015-01-31 19:15:08.750; org.apache.solr.core.RequestHandlers; created /browse: solr.SearchHandler
INFO  - 2015-01-31 19:15:08.750; org.apache.solr.core.RequestHandlers; created /update: solr.UpdateRequestHandler
INFO  - 2015-01-31 19:15:08.750; org.apache.solr.core.RequestHandlers; created /update/json: solr.UpdateRequestHandler
INFO  - 2015-01-31 19:15:08.751; org.apache.solr.core.RequestHandlers; created /update/csv: solr.UpdateRequestHandler
INFO  - 2015-01-31 19:15:08.751; org.apache.solr.core.RequestHandlers; adding lazy requestHandler: solr.extraction.ExtractingRequestHandler
INFO  - 2015-01-31 19:15:08.751; org.apache.solr.core.RequestHandlers; created /update/extract: solr.extraction.ExtractingRequestHandler
INFO  - 2015-01-31 19:15:08.751; org.apache.solr.core.RequestHandlers; adding lazy requestHandler: solr.FieldAnalysisRequestHandler
INFO  - 2015-01-31 19:15:08.751; org.apache.solr.core.RequestHandlers; created /analysis/field: solr.FieldAnalysisRequestHandler
INFO  - 2015-01-31 19:15:08.751; org.apache.solr.core.RequestHandlers; adding lazy requestHandler: solr.DocumentAnalysisRequestHandler
INFO  - 2015-01-31 19:15:08.751; org.apache.solr.core.RequestHandlers; created /analysis/document: solr.DocumentAnalysisRequestHandler
INFO  - 2015-01-31 19:15:08.752; org.apache.solr.core.RequestHandlers; created /admin/: solr.admin.AdminHandlers
INFO  - 2015-01-31 19:15:08.752; org.apache.solr.core.RequestHandlers; created /admin/ping: solr.PingRequestHandler
INFO  - 2015-01-31 19:15:08.752; org.apache.solr.core.RequestHandlers; created /debug/dump: solr.DumpRequestHandler
INFO  - 2015-01-31 19:15:08.753; org.apache.solr.core.RequestHandlers; created /replication: solr.ReplicationHandler
INFO  - 2015-01-31 19:15:08.753; org.apache.solr.core.RequestHandlers; adding lazy requestHandler: solr.SearchHandler
INFO  - 2015-01-31 19:15:08.753; org.apache.solr.core.RequestHandlers; created /spell: solr.SearchHandler
INFO  - 2015-01-31 19:15:08.753; org.apache.solr.core.RequestHandlers; created /suggest_topic: org.apache.solr.handler.component.SearchHandler
INFO  - 2015-01-31 19:15:08.754; org.apache.solr.core.RequestHandlers; created /suggest: org.apache.solr.handler.component.SearchHandler
INFO  - 2015-01-31 19:15:08.754; org.apache.solr.core.RequestHandlers; adding lazy requestHandler: solr.SearchHandler
INFO  - 2015-01-31 19:15:08.754; org.apache.solr.core.RequestHandlers; created /tvrh: solr.SearchHandler
INFO  - 2015-01-31 19:15:08.754; org.apache.solr.core.RequestHandlers; adding lazy requestHandler: solr.SearchHandler
INFO  - 2015-01-31 19:15:08.754; org.apache.solr.core.RequestHandlers; created /terms: solr.SearchHandler
INFO  - 2015-01-31 19:15:08.754; org.apache.solr.core.RequestHandlers; adding lazy requestHandler: solr.SearchHandler
INFO  - 2015-01-31 19:15:08.754; org.apache.solr.core.RequestHandlers; created /elevate: solr.SearchHandler
INFO  - 2015-01-31 19:15:08.756; org.apache.solr.handler.loader.XMLLoader; xsltCacheLifetimeSeconds=60
INFO  - 2015-01-31 19:15:08.756; org.apache.solr.handler.loader.XMLLoader; xsltCacheLifetimeSeconds=60
INFO  - 2015-01-31 19:15:08.757; org.apache.solr.handler.loader.XMLLoader; xsltCacheLifetimeSeconds=60
INFO  - 2015-01-31 19:15:08.761; org.apache.solr.update.CommitTracker; Hard AutoCommit: disabled
INFO  - 2015-01-31 19:15:08.761; org.apache.solr.update.CommitTracker; Soft AutoCommit: if uncommited for 1000ms; 
INFO  - 2015-01-31 19:15:08.763; org.apache.solr.core.SolrDeletionPolicy; SolrDeletionPolicy.onInit: commits: num=1
	commit{dir=NRTCachingDirectory(MMapDirectory@/opt/migros/data/ProductsCoreThird/index lockFactory=NativeFSLockFactory@/opt/migros/data/ProductsCoreThird/index; maxCacheMB=48.0 maxMergeSizeMB=4.0),segFN=segments_1,generation=1}
INFO  - 2015-01-31 19:15:08.763; org.apache.solr.core.SolrDeletionPolicy; newest commit generation = 1
INFO  - 2015-01-31 19:15:08.763; org.apache.solr.search.SolrIndexSearcher; Opening Searcher@f6dbd12[ProductsCoreThird] main
INFO  - 2015-01-31 19:15:08.764; org.apache.solr.rest.ManagedResourceStorage$FileStorageIO; File-based storage initialized to use dir: /opt/migros/solr/ProductsCoreThird/conf
INFO  - 2015-01-31 19:15:08.764; org.apache.solr.rest.RestManager; Initializing RestManager with initArgs: {storageDir=/opt/migros/solr/ProductsCoreThird/conf/}
INFO  - 2015-01-31 19:15:08.764; org.apache.solr.rest.ManagedResourceStorage; Reading _rest_managed.json using file:dir=/opt/migros/solr/ProductsCoreThird/conf
WARN  - 2015-01-31 19:15:08.764; org.apache.solr.rest.ManagedResource; No stored data found for /rest/managed
WARN  - 2015-01-31 19:15:08.765; org.apache.solr.rest.ManagedResource; No registered observers for /rest/managed
INFO  - 2015-01-31 19:15:08.765; org.apache.solr.rest.RestManager; Initializing 2 registered ManagedResources
INFO  - 2015-01-31 19:15:08.765; org.apache.solr.rest.ManagedResourceStorage; Reading _schema_analysis_stopwords_english.json using file:dir=/opt/migros/solr/ProductsCoreThird/conf
INFO  - 2015-01-31 19:15:08.765; org.apache.solr.rest.ManagedResourceStorage; Loaded LinkedHashMap at path _schema_analysis_stopwords_english.json using file:dir=/opt/migros/solr/ProductsCoreThird/conf
INFO  - 2015-01-31 19:15:08.765; org.apache.solr.rest.ManagedResource; Loaded initArgs {ignoreCase=true} for /schema/analysis/stopwords/english
INFO  - 2015-01-31 19:15:08.766; org.apache.solr.rest.schema.analysis.ManagedWordSetResource; Loaded 35 words for /schema/analysis/stopwords/english
INFO  - 2015-01-31 19:15:08.766; org.apache.solr.rest.ManagedResource; Notified 1 observers of /schema/analysis/stopwords/english
INFO  - 2015-01-31 19:15:08.766; org.apache.solr.rest.ManagedResourceStorage; Reading _schema_analysis_synonyms_english.json using file:dir=/opt/migros/solr/ProductsCoreThird/conf
INFO  - 2015-01-31 19:15:08.766; org.apache.solr.rest.ManagedResourceStorage; Loaded LinkedHashMap at path _schema_analysis_synonyms_english.json using file:dir=/opt/migros/solr/ProductsCoreThird/conf
INFO  - 2015-01-31 19:15:08.766; org.apache.solr.rest.ManagedResource; Loaded initArgs {ignoreCase=true,format=solr} for /schema/analysis/synonyms/english
INFO  - 2015-01-31 19:15:08.766; org.apache.solr.rest.schema.analysis.ManagedSynonymFilterFactory$SynonymManager; Loaded 3 synonym mappings for /schema/analysis/synonyms/english
INFO  - 2015-01-31 19:15:08.767; org.apache.solr.rest.ManagedResource; Notified 1 observers of /schema/analysis/synonyms/english
INFO  - 2015-01-31 19:15:08.767; org.apache.solr.handler.component.SpellCheckComponent; Initializing spell checkers
INFO  - 2015-01-31 19:15:08.767; org.apache.solr.spelling.DirectSolrSpellChecker; init: {name=default,field=suggest,classname=solr.DirectSolrSpellChecker,distanceMeasure=internal,accuracy=0.5,maxEdits=2,minPrefix=1,maxInspections=5,minQueryLength=4,maxQueryFrequency=0.01}
INFO  - 2015-01-31 19:15:08.767; org.apache.solr.handler.component.SpellCheckComponent; No queryConverter defined, using default converter
INFO  - 2015-01-31 19:15:08.767; org.apache.solr.handler.component.SpellCheckComponent; Initializing spell checkers
INFO  - 2015-01-31 19:15:08.767; org.apache.solr.spelling.suggest.Suggester; init: {name=suggestDictionary,classname=org.apache.solr.spelling.suggest.Suggester,lookupImpl=org.apache.solr.spelling.suggest.fst.FSTLookupFactory,field=suggest,threshold=0.0,buildOnCommit=true,distanceMeasure=internal,accuracy=0.5,maxEdits=2,minPrefix=1,maxInspections=10,minQueryLength=4,maxQueryFrequency=0.01}
INFO  - 2015-01-31 19:15:08.768; org.apache.solr.handler.component.SpellCheckComponent; Registering newSearcher listener for spellchecker: suggestDictionary
INFO  - 2015-01-31 19:15:08.768; org.apache.solr.handler.component.SpellCheckComponent; No queryConverter defined, using default converter
INFO  - 2015-01-31 19:15:08.768; org.apache.solr.handler.component.QueryElevationComponent; Loading QueryElevation from: /opt/migros/solr/ProductsCoreThird/conf/elevate.xml
INFO  - 2015-01-31 19:15:08.778; org.apache.solr.handler.ReplicationHandler; Commits will be reserved for  10000
INFO  - 2015-01-31 19:15:08.779; org.apache.solr.core.QuerySenderListener; QuerySenderListener sending requests to Searcher@f6dbd12[ProductsCoreThird] main{StandardDirectoryReader(segments_1:1:nrt)}
INFO  - 2015-01-31 19:15:08.779; org.apache.solr.core.QuerySenderListener; QuerySenderListener done.
INFO  - 2015-01-31 19:15:08.779; org.apache.solr.handler.component.SpellCheckComponent$SpellCheckerListener; Loading spell index for spellchecker: default
INFO  - 2015-01-31 19:15:08.779; org.apache.solr.handler.component.SpellCheckComponent$SpellCheckerListener; Loading spell index for spellchecker: wordbreak
INFO  - 2015-01-31 19:15:08.779; org.apache.solr.handler.component.SpellCheckComponent$SpellCheckerListener; Loading spell index for spellchecker: suggestDictionary
INFO  - 2015-01-31 19:15:08.780; org.apache.solr.spelling.suggest.Suggester; reload()
INFO  - 2015-01-31 19:15:08.780; org.apache.solr.spelling.suggest.Suggester; build()
INFO  - 2015-01-31 19:15:08.782; org.apache.solr.core.SolrCore; [ProductsCoreThird] Registered new searcher Searcher@f6dbd12[ProductsCoreThird] main{StandardDirectoryReader(segments_1:1:nrt)}
INFO  - 2015-01-31 19:15:08.784; org.apache.solr.core.CoreContainer; registering core: ProductsCoreThird
INFO  - 2015-01-31 19:15:08.806; org.apache.solr.search.SolrIndexSearcher; Opening Searcher@3fb30d94[ProductsCoreTest] main
INFO  - 2015-01-31 19:15:08.815; org.apache.solr.rest.ManagedResourceStorage$FileStorageIO; File-based storage initialized to use dir: /opt/migros/solr/ProductsCoreTest/conf
INFO  - 2015-01-31 19:15:08.815; org.apache.solr.rest.RestManager; Initializing RestManager with initArgs: {storageDir=/opt/migros/solr/ProductsCoreTest/conf/}
INFO  - 2015-01-31 19:15:08.815; org.apache.solr.rest.ManagedResourceStorage; Reading _rest_managed.json using file:dir=/opt/migros/solr/ProductsCoreTest/conf
WARN  - 2015-01-31 19:15:08.815; org.apache.solr.rest.ManagedResource; No stored data found for /rest/managed
WARN  - 2015-01-31 19:15:08.815; org.apache.solr.rest.ManagedResource; No registered observers for /rest/managed
INFO  - 2015-01-31 19:15:08.815; org.apache.solr.rest.RestManager; Initializing 2 registered ManagedResources
INFO  - 2015-01-31 19:15:08.816; org.apache.solr.rest.ManagedResourceStorage; Reading _schema_analysis_stopwords_english.json using file:dir=/opt/migros/solr/ProductsCoreTest/conf
INFO  - 2015-01-31 19:15:08.816; org.apache.solr.rest.ManagedResourceStorage; Loaded LinkedHashMap at path _schema_analysis_stopwords_english.json using file:dir=/opt/migros/solr/ProductsCoreTest/conf
INFO  - 2015-01-31 19:15:08.816; org.apache.solr.rest.ManagedResource; Loaded initArgs {ignoreCase=true} for /schema/analysis/stopwords/english
INFO  - 2015-01-31 19:15:08.816; org.apache.solr.rest.schema.analysis.ManagedWordSetResource; Loaded 35 words for /schema/analysis/stopwords/english
INFO  - 2015-01-31 19:15:08.816; org.apache.solr.rest.ManagedResource; Notified 1 observers of /schema/analysis/stopwords/english
INFO  - 2015-01-31 19:15:08.816; org.apache.solr.rest.ManagedResourceStorage; Reading _schema_analysis_synonyms_english.json using file:dir=/opt/migros/solr/ProductsCoreTest/conf
INFO  - 2015-01-31 19:15:08.817; org.apache.solr.rest.ManagedResourceStorage; Loaded LinkedHashMap at path _schema_analysis_synonyms_english.json using file:dir=/opt/migros/solr/ProductsCoreTest/conf
INFO  - 2015-01-31 19:15:08.817; org.apache.solr.rest.ManagedResource; Loaded initArgs {ignoreCase=true,format=solr} for /schema/analysis/synonyms/english
INFO  - 2015-01-31 19:15:08.817; org.apache.solr.rest.schema.analysis.ManagedSynonymFilterFactory$SynonymManager; Loaded 3 synonym mappings for /schema/analysis/synonyms/english
INFO  - 2015-01-31 19:15:08.817; org.apache.solr.rest.ManagedResource; Notified 1 observers of /schema/analysis/synonyms/english
INFO  - 2015-01-31 19:15:08.817; org.apache.solr.handler.component.SpellCheckComponent; Initializing spell checkers
INFO  - 2015-01-31 19:15:08.817; org.apache.solr.spelling.DirectSolrSpellChecker; init: {name=default,field=suggest,classname=solr.DirectSolrSpellChecker,distanceMeasure=internal,accuracy=0.5,maxEdits=2,minPrefix=1,maxInspections=5,minQueryLength=4,maxQueryFrequency=0.01}
INFO  - 2015-01-31 19:15:08.817; org.apache.solr.handler.component.SpellCheckComponent; No queryConverter defined, using default converter
INFO  - 2015-01-31 19:15:08.818; org.apache.solr.handler.component.SpellCheckComponent; Initializing spell checkers
INFO  - 2015-01-31 19:15:08.818; org.apache.solr.spelling.suggest.Suggester; init: {name=suggestDictionary,classname=org.apache.solr.spelling.suggest.Suggester,lookupImpl=org.apache.solr.spelling.suggest.fst.FSTLookupFactory,field=suggest,threshold=0.0,buildOnCommit=true,distanceMeasure=internal,accuracy=0.5,maxEdits=2,minPrefix=1,maxInspections=10,minQueryLength=4,maxQueryFrequency=0.01}
INFO  - 2015-01-31 19:15:08.818; org.apache.solr.handler.component.SpellCheckComponent; Registering newSearcher listener for spellchecker: suggestDictionary
INFO  - 2015-01-31 19:15:08.818; org.apache.solr.handler.component.SpellCheckComponent; No queryConverter defined, using default converter
INFO  - 2015-01-31 19:15:08.818; org.apache.solr.handler.component.QueryElevationComponent; Loading QueryElevation from: /opt/migros/solr/ProductsCoreTest/conf/elevate.xml
INFO  - 2015-01-31 19:15:08.822; org.apache.solr.handler.ReplicationHandler; Commits will be reserved for  10000
INFO  - 2015-01-31 19:15:08.822; org.apache.solr.core.QuerySenderListener; QuerySenderListener sending requests to Searcher@3fb30d94[ProductsCoreTest] main{StandardDirectoryReader(segments_2:1165:nrt _b1(4.9):C26781 _c8(4.9):C1321 _ad(4.9):C116 _d5(4.9):C1743 _e2(4.9):C777 _cd(4.9):C95 _dt(4.9):C43 _dw(4.9):C18 _f7(4.9):C278 _f6(4.9):C3 _f4(4.9):C6 _f5(4.9):C7 _f3(4.9):C17 _fa(4.9):C5 _fb(4.9):C1 _f9(4.9):C8 _f8(4.9):C10 _fd(4.9):C4 _ff(4.9):C8 _fe(4.9):C11 _fc(4.9):C15 _fg(4.9):C5 _fh(4.9):C7 _fi(4.9):C2 _fk(4.9):C11 _fj(4.9):C28 _fl(4.9):C2 _fm(4.9):C2 _fo(4.9):C2 _fn(4.9):C2 _fq(4.9):C1 _fp(4.9):C47 _fr(4.9):C14 _fs(4.9):C4 _ft(4.9):C4 _fu(4.9):C5 _fv(4.9):C5 _fw(4.9):C5 _fx(4.9):C11 _fy(4.9):C8 _fz(4.9):C4 _g0(4.9):C11 _g1(4.9):C2 _g2(4.9):C7 _g3(4.9):C1)}
INFO  - 2015-01-31 19:15:08.823; org.apache.solr.core.QuerySenderListener; QuerySenderListener done.
INFO  - 2015-01-31 19:15:08.823; org.apache.solr.handler.component.SpellCheckComponent$SpellCheckerListener; Loading spell index for spellchecker: default
INFO  - 2015-01-31 19:15:08.823; org.apache.solr.handler.component.SpellCheckComponent$SpellCheckerListener; Loading spell index for spellchecker: wordbreak
INFO  - 2015-01-31 19:15:08.823; org.apache.solr.handler.component.SpellCheckComponent$SpellCheckerListener; Loading spell index for spellchecker: suggestDictionary
INFO  - 2015-01-31 19:15:08.823; org.apache.solr.spelling.suggest.Suggester; reload()
INFO  - 2015-01-31 19:15:08.823; org.apache.solr.spelling.suggest.Suggester; build()
INFO  - 2015-01-31 19:15:08.915; org.apache.solr.core.SolrCore; [ProductsCoreTest] Registered new searcher Searcher@3fb30d94[ProductsCoreTest] main{StandardDirectoryReader(segments_2:1165:nrt _b1(4.9):C26781 _c8(4.9):C1321 _ad(4.9):C116 _d5(4.9):C1743 _e2(4.9):C777 _cd(4.9):C95 _dt(4.9):C43 _dw(4.9):C18 _f7(4.9):C278 _f6(4.9):C3 _f4(4.9):C6 _f5(4.9):C7 _f3(4.9):C17 _fa(4.9):C5 _fb(4.9):C1 _f9(4.9):C8 _f8(4.9):C10 _fd(4.9):C4 _ff(4.9):C8 _fe(4.9):C11 _fc(4.9):C15 _fg(4.9):C5 _fh(4.9):C7 _fi(4.9):C2 _fk(4.9):C11 _fj(4.9):C28 _fl(4.9):C2 _fm(4.9):C2 _fo(4.9):C2 _fn(4.9):C2 _fq(4.9):C1 _fp(4.9):C47 _fr(4.9):C14 _fs(4.9):C4 _ft(4.9):C4 _fu(4.9):C5 _fv(4.9):C5 _fw(4.9):C5 _fx(4.9):C11 _fy(4.9):C8 _fz(4.9):C4 _g0(4.9):C11 _g1(4.9):C2 _g2(4.9):C7 _g3(4.9):C1)}
INFO  - 2015-01-31 19:15:08.917; org.apache.solr.core.CoreContainer; registering core: ProductsCoreTest
INFO  - 2015-01-31 19:15:08.919; org.apache.solr.servlet.SolrDispatchFilter; user.dir=/opt/migros/solr/ProductsCoreThird/conf/dataconfigs
INFO  - 2015-01-31 19:15:08.920; org.apache.solr.servlet.SolrDispatchFilter; SolrDispatchFilter.init() done
INFO  - 2015-01-31 19:16:12.115; org.apache.solr.update.processor.LogUpdateProcessor; [ProductsCoreThird] webapp=/migrossolr path=/update params={} {} 0 53
ERROR - 2015-01-31 19:16:12.120; org.apache.solr.common.SolrException; org.apache.solr.common.SolrException: Unexpected EOF in prolog
 at [row,col {unknown-source}]: [1,0]
	at org.apache.solr.handler.loader.XMLLoader.load(XMLLoader.java:176)
	at org.apache.solr.handler.UpdateRequestHandler$1.load(UpdateRequestHandler.java:92)
	at org.apache.solr.handler.ContentStreamHandlerBase.handleRequestBody(ContentStreamHandlerBase.java:74)
	at org.apache.solr.handler.RequestHandlerBase.handleRequest(RequestHandlerBase.java:135)
	at org.apache.solr.core.SolrCore.execute(SolrCore.java:1962)
	at org.apache.solr.servlet.SolrDispatchFilter.execute(SolrDispatchFilter.java:777)
	at org.apache.solr.servlet.SolrDispatchFilter.doFilter(SolrDispatchFilter.java:418)
	at org.apache.solr.servlet.SolrDispatchFilter.doFilter(SolrDispatchFilter.java:207)
	at org.apache.catalina.core.ApplicationFilterChain.internalDoFilter(ApplicationFilterChain.java:239)
	at org.apache.catalina.core.ApplicationFilterChain.doFilter(ApplicationFilterChain.java:206)
	at org.apache.catalina.core.StandardWrapperValve.invoke(StandardWrapperValve.java:219)
	at org.apache.catalina.core.StandardContextValve.invoke(StandardContextValve.java:106)
	at org.apache.catalina.core.StandardHostValve.invoke(StandardHostValve.java:142)
	at org.apache.catalina.valves.ErrorReportValve.invoke(ErrorReportValve.java:79)
	at org.apache.catalina.valves.AbstractAccessLogValve.invoke(AbstractAccessLogValve.java:610)
	at org.apache.catalina.core.StandardEngineValve.invoke(StandardEngineValve.java:88)
	at org.apache.catalina.connector.CoyoteAdapter.service(CoyoteAdapter.java:534)
	at org.apache.coyote.http11.AbstractHttp11Processor.process(AbstractHttp11Processor.java:1081)
	at org.apache.coyote.AbstractProtocol$AbstractConnectionHandler.process(AbstractProtocol.java:658)
	at org.apache.coyote.http11.Http11NioProtocol$Http11ConnectionHandler.process(Http11NioProtocol.java:222)
	at org.apache.tomcat.util.net.NioEndpoint$SocketProcessor.doRun(NioEndpoint.java:1566)
	at org.apache.tomcat.util.net.NioEndpoint$SocketProcessor.run(NioEndpoint.java:1523)
	at java.util.concurrent.ThreadPoolExecutor.runWorker(ThreadPoolExecutor.java:1142)
	at java.util.concurrent.ThreadPoolExecutor$Worker.run(ThreadPoolExecutor.java:617)
	at org.apache.tomcat.util.threads.TaskThread$WrappingRunnable.run(TaskThread.java:61)
	at java.lang.Thread.run(Thread.java:745)
Caused by: com.ctc.wstx.exc.WstxEOFException: Unexpected EOF in prolog
 at [row,col {unknown-source}]: [1,0]
	at com.ctc.wstx.sr.StreamScanner.throwUnexpectedEOF(StreamScanner.java:686)
	at com.ctc.wstx.sr.BasicStreamReader.handleEOF(BasicStreamReader.java:2134)
	at com.ctc.wstx.sr.BasicStreamReader.nextFromProlog(BasicStreamReader.java:2040)
	at com.ctc.wstx.sr.BasicStreamReader.next(BasicStreamReader.java:1069)
	at org.apache.solr.handler.loader.XMLLoader.processUpdate(XMLLoader.java:213)
	at org.apache.solr.handler.loader.XMLLoader.load(XMLLoader.java:174)
	... 25 more

INFO  - 2015-01-31 19:16:12.121; org.apache.solr.update.processor.LogUpdateProcessor; [ProductsCoreThird] webapp=/migrossolr path=/update params={} {} 0 59
INFO  - 2015-01-31 19:16:12.122; org.apache.solr.update.processor.LogUpdateProcessor; [ProductsCoreThird] webapp=/migrossolr path=/update params={} {} 0 57
ERROR - 2015-01-31 19:16:12.125; org.apache.solr.common.SolrException; org.apache.solr.common.SolrException: ERROR: [doc=827329] unknown field 'shopCategoryId'
	at org.apache.solr.update.DocumentBuilder.toDocument(DocumentBuilder.java:174)
	at org.apache.solr.update.AddUpdateCommand.getLuceneDocument(AddUpdateCommand.java:77)
	at org.apache.solr.update.DirectUpdateHandler2.addDoc0(DirectUpdateHandler2.java:238)
	at org.apache.solr.update.DirectUpdateHandler2.addDoc(DirectUpdateHandler2.java:164)
	at org.apache.solr.update.processor.RunUpdateProcessor.processAdd(RunUpdateProcessorFactory.java:69)
	at org.apache.solr.update.processor.UpdateRequestProcessor.processAdd(UpdateRequestProcessor.java:51)
	at org.apache.solr.update.processor.DistributedUpdateProcessor.doLocalAdd(DistributedUpdateProcessor.java:870)
	at org.apache.solr.update.processor.DistributedUpdateProcessor.versionAdd(DistributedUpdateProcessor.java:1024)
	at org.apache.solr.update.processor.DistributedUpdateProcessor.processAdd(DistributedUpdateProcessor.java:693)
	at org.apache.solr.update.processor.LogUpdateProcessor.processAdd(LogUpdateProcessorFactory.java:100)
	at org.apache.solr.handler.loader.XMLLoader.processUpdate(XMLLoader.java:247)
	at org.apache.solr.handler.loader.XMLLoader.load(XMLLoader.java:174)
	at org.apache.solr.handler.UpdateRequestHandler$1.load(UpdateRequestHandler.java:92)
	at org.apache.solr.handler.ContentStreamHandlerBase.handleRequestBody(ContentStreamHandlerBase.java:74)
	at org.apache.solr.handler.RequestHandlerBase.handleRequest(RequestHandlerBase.java:135)
	at org.apache.solr.core.SolrCore.execute(SolrCore.java:1962)
	at org.apache.solr.servlet.SolrDispatchFilter.execute(SolrDispatchFilter.java:777)
	at org.apache.solr.servlet.SolrDispatchFilter.doFilter(SolrDispatchFilter.java:418)
	at org.apache.solr.servlet.SolrDispatchFilter.doFilter(SolrDispatchFilter.java:207)
	at org.apache.catalina.core.ApplicationFilterChain.internalDoFilter(ApplicationFilterChain.java:239)
	at org.apache.catalina.core.ApplicationFilterChain.doFilter(ApplicationFilterChain.java:206)
	at org.apache.catalina.core.StandardWrapperValve.invoke(StandardWrapperValve.java:219)
	at org.apache.catalina.core.StandardContextValve.invoke(StandardContextValve.java:106)
	at org.apache.catalina.core.StandardHostValve.invoke(StandardHostValve.java:142)
	at org.apache.catalina.valves.ErrorReportValve.invoke(ErrorReportValve.java:79)
	at org.apache.catalina.valves.AbstractAccessLogValve.invoke(AbstractAccessLogValve.java:610)
	at org.apache.catalina.core.StandardEngineValve.invoke(StandardEngineValve.java:88)
	at org.apache.catalina.connector.CoyoteAdapter.service(CoyoteAdapter.java:534)
	at org.apache.coyote.http11.AbstractHttp11Processor.process(AbstractHttp11Processor.java:1081)
	at org.apache.coyote.AbstractProtocol$AbstractConnectionHandler.process(AbstractProtocol.java:658)
	at org.apache.coyote.http11.Http11NioProtocol$Http11ConnectionHandler.process(Http11NioProtocol.java:222)
	at org.apache.tomcat.util.net.NioEndpoint$SocketProcessor.doRun(NioEndpoint.java:1566)
	at org.apache.tomcat.util.net.NioEndpoint$SocketProcessor.run(NioEndpoint.java:1523)
	at java.util.concurrent.ThreadPoolExecutor.runWorker(ThreadPoolExecutor.java:1142)
	at java.util.concurrent.ThreadPoolExecutor$Worker.run(ThreadPoolExecutor.java:617)
	at org.apache.tomcat.util.threads.TaskThread$WrappingRunnable.run(TaskThread.java:61)
	at java.lang.Thread.run(Thread.java:745)

ERROR - 2015-01-31 19:16:12.125; org.apache.solr.common.SolrException; org.apache.solr.common.SolrException: ERROR: [doc=829376] unknown field 'shopCategoryId'
	at org.apache.solr.update.DocumentBuilder.toDocument(DocumentBuilder.java:174)
	at org.apache.solr.update.AddUpdateCommand.getLuceneDocument(AddUpdateCommand.java:77)
	at org.apache.solr.update.DirectUpdateHandler2.addDoc0(DirectUpdateHandler2.java:238)
	at org.apache.solr.update.DirectUpdateHandler2.addDoc(DirectUpdateHandler2.java:164)
	at org.apache.solr.update.processor.RunUpdateProcessor.processAdd(RunUpdateProcessorFactory.java:69)
	at org.apache.solr.update.processor.UpdateRequestProcessor.processAdd(UpdateRequestProcessor.java:51)
	at org.apache.solr.update.processor.DistributedUpdateProcessor.doLocalAdd(DistributedUpdateProcessor.java:870)
	at org.apache.solr.update.processor.DistributedUpdateProcessor.versionAdd(DistributedUpdateProcessor.java:1024)
	at org.apache.solr.update.processor.DistributedUpdateProcessor.processAdd(DistributedUpdateProcessor.java:693)
	at org.apache.solr.update.processor.LogUpdateProcessor.processAdd(LogUpdateProcessorFactory.java:100)
	at org.apache.solr.handler.loader.XMLLoader.processUpdate(XMLLoader.java:247)
	at org.apache.solr.handler.loader.XMLLoader.load(XMLLoader.java:174)
	at org.apache.solr.handler.UpdateRequestHandler$1.load(UpdateRequestHandler.java:92)
	at org.apache.solr.handler.ContentStreamHandlerBase.handleRequestBody(ContentStreamHandlerBase.java:74)
	at org.apache.solr.handler.RequestHandlerBase.handleRequest(RequestHandlerBase.java:135)
	at org.apache.solr.core.SolrCore.execute(SolrCore.java:1962)
	at org.apache.solr.servlet.SolrDispatchFilter.execute(SolrDispatchFilter.java:777)
	at org.apache.solr.servlet.SolrDispatchFilter.doFilter(SolrDispatchFilter.java:418)
	at org.apache.solr.servlet.SolrDispatchFilter.doFilter(SolrDispatchFilter.java:207)
	at org.apache.catalina.core.ApplicationFilterChain.internalDoFilter(ApplicationFilterChain.java:239)
	at org.apache.catalina.core.ApplicationFilterChain.doFilter(ApplicationFilterChain.java:206)
	at org.apache.catalina.core.StandardWrapperValve.invoke(StandardWrapperValve.java:219)
	at org.apache.catalina.core.StandardContextValve.invoke(StandardContextValve.java:106)
	at org.apache.catalina.core.StandardHostValve.invoke(StandardHostValve.java:142)
	at org.apache.catalina.valves.ErrorReportValve.invoke(ErrorReportValve.java:79)
	at org.apache.catalina.valves.AbstractAccessLogValve.invoke(AbstractAccessLogValve.java:610)
	at org.apache.catalina.core.StandardEngineValve.invoke(StandardEngineValve.java:88)
	at org.apache.catalina.connector.CoyoteAdapter.service(CoyoteAdapter.java:534)
	at org.apache.coyote.http11.AbstractHttp11Processor.process(AbstractHttp11Processor.java:1081)
	at org.apache.coyote.AbstractProtocol$AbstractConnectionHandler.process(AbstractProtocol.java:658)
	at org.apache.coyote.http11.Http11NioProtocol$Http11ConnectionHandler.process(Http11NioProtocol.java:222)
	at org.apache.tomcat.util.net.NioEndpoint$SocketProcessor.doRun(NioEndpoint.java:1566)
	at org.apache.tomcat.util.net.NioEndpoint$SocketProcessor.run(NioEndpoint.java:1523)
	at java.util.concurrent.ThreadPoolExecutor.runWorker(ThreadPoolExecutor.java:1142)
	at java.util.concurrent.ThreadPoolExecutor$Worker.run(ThreadPoolExecutor.java:617)
	at org.apache.tomcat.util.threads.TaskThread$WrappingRunnable.run(TaskThread.java:61)
	at java.lang.Thread.run(Thread.java:745)

INFO  - 2015-01-31 19:16:12.127; org.apache.solr.update.processor.LogUpdateProcessor; [ProductsCoreThird] webapp=/migrossolr path=/update params={} {} 0 60
ERROR - 2015-01-31 19:16:12.129; org.apache.solr.common.SolrException; org.apache.solr.common.SolrException: ERROR: [doc=848810] unknown field 'shopCategoryId'
	at org.apache.solr.update.DocumentBuilder.toDocument(DocumentBuilder.java:174)
	at org.apache.solr.update.AddUpdateCommand.getLuceneDocument(AddUpdateCommand.java:77)
	at org.apache.solr.update.DirectUpdateHandler2.addDoc0(DirectUpdateHandler2.java:238)
	at org.apache.solr.update.DirectUpdateHandler2.addDoc(DirectUpdateHandler2.java:164)
	at org.apache.solr.update.processor.RunUpdateProcessor.processAdd(RunUpdateProcessorFactory.java:69)
	at org.apache.solr.update.processor.UpdateRequestProcessor.processAdd(UpdateRequestProcessor.java:51)
	at org.apache.solr.update.processor.DistributedUpdateProcessor.doLocalAdd(DistributedUpdateProcessor.java:870)
	at org.apache.solr.update.processor.DistributedUpdateProcessor.versionAdd(DistributedUpdateProcessor.java:1024)
	at org.apache.solr.update.processor.DistributedUpdateProcessor.processAdd(DistributedUpdateProcessor.java:693)
	at org.apache.solr.update.processor.LogUpdateProcessor.processAdd(LogUpdateProcessorFactory.java:100)
	at org.apache.solr.handler.loader.XMLLoader.processUpdate(XMLLoader.java:247)
	at org.apache.solr.handler.loader.XMLLoader.load(XMLLoader.java:174)
	at org.apache.solr.handler.UpdateRequestHandler$1.load(UpdateRequestHandler.java:92)
	at org.apache.solr.handler.ContentStreamHandlerBase.handleRequestBody(ContentStreamHandlerBase.java:74)
	at org.apache.solr.handler.RequestHandlerBase.handleRequest(RequestHandlerBase.java:135)
	at org.apache.solr.core.SolrCore.execute(SolrCore.java:1962)
	at org.apache.solr.servlet.SolrDispatchFilter.execute(SolrDispatchFilter.java:777)
	at org.apache.solr.servlet.SolrDispatchFilter.doFilter(SolrDispatchFilter.java:418)
	at org.apache.solr.servlet.SolrDispatchFilter.doFilter(SolrDispatchFilter.java:207)
	at org.apache.catalina.core.ApplicationFilterChain.internalDoFilter(ApplicationFilterChain.java:239)
	at org.apache.catalina.core.ApplicationFilterChain.doFilter(ApplicationFilterChain.java:206)
	at org.apache.catalina.core.StandardWrapperValve.invoke(StandardWrapperValve.java:219)
	at org.apache.catalina.core.StandardContextValve.invoke(StandardContextValve.java:106)
	at org.apache.catalina.core.StandardHostValve.invoke(StandardHostValve.java:142)
	at org.apache.catalina.valves.ErrorReportValve.invoke(ErrorReportValve.java:79)
	at org.apache.catalina.valves.AbstractAccessLogValve.invoke(AbstractAccessLogValve.java:610)
	at org.apache.catalina.core.StandardEngineValve.invoke(StandardEngineValve.java:88)
	at org.apache.catalina.connector.CoyoteAdapter.service(CoyoteAdapter.java:534)
	at org.apache.coyote.http11.AbstractHttp11Processor.process(AbstractHttp11Processor.java:1081)
	at org.apache.coyote.AbstractProtocol$AbstractConnectionHandler.process(AbstractProtocol.java:658)
	at org.apache.coyote.http11.Http11NioProtocol$Http11ConnectionHandler.process(Http11NioProtocol.java:222)
	at org.apache.tomcat.util.net.NioEndpoint$SocketProcessor.doRun(NioEndpoint.java:1566)
	at org.apache.tomcat.util.net.NioEndpoint$SocketProcessor.run(NioEndpoint.java:1523)
	at java.util.concurrent.ThreadPoolExecutor.runWorker(ThreadPoolExecutor.java:1142)
	at java.util.concurrent.ThreadPoolExecutor$Worker.run(ThreadPoolExecutor.java:617)
	at org.apache.tomcat.util.threads.TaskThread$WrappingRunnable.run(TaskThread.java:61)
	at java.lang.Thread.run(Thread.java:745)

INFO  - 2015-01-31 19:16:12.130; org.apache.solr.update.processor.LogUpdateProcessor; [ProductsCoreThird] webapp=/migrossolr path=/update params={} {} 0 68
ERROR - 2015-01-31 19:16:12.131; org.apache.solr.common.SolrException; org.apache.solr.common.SolrException: ERROR: [doc=522015] unknown field 'shopCategoryId'
	at org.apache.solr.update.DocumentBuilder.toDocument(DocumentBuilder.java:174)
	at org.apache.solr.update.AddUpdateCommand.getLuceneDocument(AddUpdateCommand.java:77)
	at org.apache.solr.update.DirectUpdateHandler2.addDoc0(DirectUpdateHandler2.java:238)
	at org.apache.solr.update.DirectUpdateHandler2.addDoc(DirectUpdateHandler2.java:164)
	at org.apache.solr.update.processor.RunUpdateProcessor.processAdd(RunUpdateProcessorFactory.java:69)
	at org.apache.solr.update.processor.UpdateRequestProcessor.processAdd(UpdateRequestProcessor.java:51)
	at org.apache.solr.update.processor.DistributedUpdateProcessor.doLocalAdd(DistributedUpdateProcessor.java:870)
	at org.apache.solr.update.processor.DistributedUpdateProcessor.versionAdd(DistributedUpdateProcessor.java:1024)
	at org.apache.solr.update.processor.DistributedUpdateProcessor.processAdd(DistributedUpdateProcessor.java:693)
	at org.apache.solr.update.processor.LogUpdateProcessor.processAdd(LogUpdateProcessorFactory.java:100)
	at org.apache.solr.handler.loader.XMLLoader.processUpdate(XMLLoader.java:247)
	at org.apache.solr.handler.loader.XMLLoader.load(XMLLoader.java:174)
	at org.apache.solr.handler.UpdateRequestHandler$1.load(UpdateRequestHandler.java:92)
	at org.apache.solr.handler.ContentStreamHandlerBase.handleRequestBody(ContentStreamHandlerBase.java:74)
	at org.apache.solr.handler.RequestHandlerBase.handleRequest(RequestHandlerBase.java:135)
	at org.apache.solr.core.SolrCore.execute(SolrCore.java:1962)
	at org.apache.solr.servlet.SolrDispatchFilter.execute(SolrDispatchFilter.java:777)
	at org.apache.solr.servlet.SolrDispatchFilter.doFilter(SolrDispatchFilter.java:418)
	at org.apache.solr.servlet.SolrDispatchFilter.doFilter(SolrDispatchFilter.java:207)
	at org.apache.catalina.core.ApplicationFilterChain.internalDoFilter(ApplicationFilterChain.java:239)
	at org.apache.catalina.core.ApplicationFilterChain.doFilter(ApplicationFilterChain.java:206)
	at org.apache.catalina.core.StandardWrapperValve.invoke(StandardWrapperValve.java:219)
	at org.apache.catalina.core.StandardContextValve.invoke(StandardContextValve.java:106)
	at org.apache.catalina.core.StandardHostValve.invoke(StandardHostValve.java:142)
	at org.apache.catalina.valves.ErrorReportValve.invoke(ErrorReportValve.java:79)
	at org.apache.catalina.valves.AbstractAccessLogValve.invoke(AbstractAccessLogValve.java:610)
	at org.apache.catalina.core.StandardEngineValve.invoke(StandardEngineValve.java:88)
	at org.apache.catalina.connector.CoyoteAdapter.service(CoyoteAdapter.java:534)
	at org.apache.coyote.http11.AbstractHttp11Processor.process(AbstractHttp11Processor.java:1081)
	at org.apache.coyote.AbstractProtocol$AbstractConnectionHandler.process(AbstractProtocol.java:658)
	at org.apache.coyote.http11.Http11NioProtocol$Http11ConnectionHandler.process(Http11NioProtocol.java:222)
	at org.apache.tomcat.util.net.NioEndpoint$SocketProcessor.doRun(NioEndpoint.java:1566)
	at org.apache.tomcat.util.net.NioEndpoint$SocketProcessor.run(NioEndpoint.java:1523)
	at java.util.concurrent.ThreadPoolExecutor.runWorker(ThreadPoolExecutor.java:1142)
	at java.util.concurrent.ThreadPoolExecutor$Worker.run(ThreadPoolExecutor.java:617)
	at org.apache.tomcat.util.threads.TaskThread$WrappingRunnable.run(TaskThread.java:61)
	at java.lang.Thread.run(Thread.java:745)

INFO  - 2015-01-31 19:16:12.131; org.apache.solr.update.processor.LogUpdateProcessor; [ProductsCoreThird] webapp=/migrossolr path=/update params={} {} 0 16
ERROR - 2015-01-31 19:16:12.133; org.apache.solr.common.SolrException; org.apache.solr.common.SolrException: ERROR: [doc=588607] unknown field 'shopCategoryId'
	at org.apache.solr.update.DocumentBuilder.toDocument(DocumentBuilder.java:174)
	at org.apache.solr.update.AddUpdateCommand.getLuceneDocument(AddUpdateCommand.java:77)
	at org.apache.solr.update.DirectUpdateHandler2.addDoc0(DirectUpdateHandler2.java:238)
	at org.apache.solr.update.DirectUpdateHandler2.addDoc(DirectUpdateHandler2.java:164)
	at org.apache.solr.update.processor.RunUpdateProcessor.processAdd(RunUpdateProcessorFactory.java:69)
	at org.apache.solr.update.processor.UpdateRequestProcessor.processAdd(UpdateRequestProcessor.java:51)
	at org.apache.solr.update.processor.DistributedUpdateProcessor.doLocalAdd(DistributedUpdateProcessor.java:870)
	at org.apache.solr.update.processor.DistributedUpdateProcessor.versionAdd(DistributedUpdateProcessor.java:1024)
	at org.apache.solr.update.processor.DistributedUpdateProcessor.processAdd(DistributedUpdateProcessor.java:693)
	at org.apache.solr.update.processor.LogUpdateProcessor.processAdd(LogUpdateProcessorFactory.java:100)
	at org.apache.solr.handler.loader.XMLLoader.processUpdate(XMLLoader.java:247)
	at org.apache.solr.handler.loader.XMLLoader.load(XMLLoader.java:174)
	at org.apache.solr.handler.UpdateRequestHandler$1.load(UpdateRequestHandler.java:92)
	at org.apache.solr.handler.ContentStreamHandlerBase.handleRequestBody(ContentStreamHandlerBase.java:74)
	at org.apache.solr.handler.RequestHandlerBase.handleRequest(RequestHandlerBase.java:135)
	at org.apache.solr.core.SolrCore.execute(SolrCore.java:1962)
	at org.apache.solr.servlet.SolrDispatchFilter.execute(SolrDispatchFilter.java:777)
	at org.apache.solr.servlet.SolrDispatchFilter.doFilter(SolrDispatchFilter.java:418)
	at org.apache.solr.servlet.SolrDispatchFilter.doFilter(SolrDispatchFilter.java:207)
	at org.apache.catalina.core.ApplicationFilterChain.internalDoFilter(ApplicationFilterChain.java:239)
	at org.apache.catalina.core.ApplicationFilterChain.doFilter(ApplicationFilterChain.java:206)
	at org.apache.catalina.core.StandardWrapperValve.invoke(StandardWrapperValve.java:219)
	at org.apache.catalina.core.StandardContextValve.invoke(StandardContextValve.java:106)
	at org.apache.catalina.core.StandardHostValve.invoke(StandardHostValve.java:142)
	at org.apache.catalina.valves.ErrorReportValve.invoke(ErrorReportValve.java:79)
	at org.apache.catalina.valves.AbstractAccessLogValve.invoke(AbstractAccessLogValve.java:610)
	at org.apache.catalina.core.StandardEngineValve.invoke(StandardEngineValve.java:88)
	at org.apache.catalina.connector.CoyoteAdapter.service(CoyoteAdapter.java:534)
	at org.apache.coyote.http11.AbstractHttp11Processor.process(AbstractHttp11Processor.java:1081)
	at org.apache.coyote.AbstractProtocol$AbstractConnectionHandler.process(AbstractProtocol.java:658)
	at org.apache.coyote.http11.Http11NioProtocol$Http11ConnectionHandler.process(Http11NioProtocol.java:222)
	at org.apache.tomcat.util.net.NioEndpoint$SocketProcessor.doRun(NioEndpoint.java:1566)
	at org.apache.tomcat.util.net.NioEndpoint$SocketProcessor.run(NioEndpoint.java:1523)
	at java.util.concurrent.ThreadPoolExecutor.runWorker(ThreadPoolExecutor.java:1142)
	at java.util.concurrent.ThreadPoolExecutor$Worker.run(ThreadPoolExecutor.java:617)
	at org.apache.tomcat.util.threads.TaskThread$WrappingRunnable.run(TaskThread.java:61)
	at java.lang.Thread.run(Thread.java:745)

INFO  - 2015-01-31 19:16:12.139; org.apache.solr.update.processor.LogUpdateProcessor; [ProductsCoreThird] webapp=/migrossolr path=/update params={} {} 0 64
ERROR - 2015-01-31 19:16:12.143; org.apache.solr.common.SolrException; org.apache.solr.common.SolrException: ERROR: [doc=838725] unknown field 'shopCategoryId'
	at org.apache.solr.update.DocumentBuilder.toDocument(DocumentBuilder.java:174)
	at org.apache.solr.update.AddUpdateCommand.getLuceneDocument(AddUpdateCommand.java:77)
	at org.apache.solr.update.DirectUpdateHandler2.addDoc0(DirectUpdateHandler2.java:238)
	at org.apache.solr.update.DirectUpdateHandler2.addDoc(DirectUpdateHandler2.java:164)
	at org.apache.solr.update.processor.RunUpdateProcessor.processAdd(RunUpdateProcessorFactory.java:69)
	at org.apache.solr.update.processor.UpdateRequestProcessor.processAdd(UpdateRequestProcessor.java:51)
	at org.apache.solr.update.processor.DistributedUpdateProcessor.doLocalAdd(DistributedUpdateProcessor.java:870)
	at org.apache.solr.update.processor.DistributedUpdateProcessor.versionAdd(DistributedUpdateProcessor.java:1024)
	at org.apache.solr.update.processor.DistributedUpdateProcessor.processAdd(DistributedUpdateProcessor.java:693)
	at org.apache.solr.update.processor.LogUpdateProcessor.processAdd(LogUpdateProcessorFactory.java:100)
	at org.apache.solr.handler.loader.XMLLoader.processUpdate(XMLLoader.java:247)
	at org.apache.solr.handler.loader.XMLLoader.load(XMLLoader.java:174)
	at org.apache.solr.handler.UpdateRequestHandler$1.load(UpdateRequestHandler.java:92)
	at org.apache.solr.handler.ContentStreamHandlerBase.handleRequestBody(ContentStreamHandlerBase.java:74)
	at org.apache.solr.handler.RequestHandlerBase.handleRequest(RequestHandlerBase.java:135)
	at org.apache.solr.core.SolrCore.execute(SolrCore.java:1962)
	at org.apache.solr.servlet.SolrDispatchFilter.execute(SolrDispatchFilter.java:777)
	at org.apache.solr.servlet.SolrDispatchFilter.doFilter(SolrDispatchFilter.java:418)
	at org.apache.solr.servlet.SolrDispatchFilter.doFilter(SolrDispatchFilter.java:207)
	at org.apache.catalina.core.ApplicationFilterChain.internalDoFilter(ApplicationFilterChain.java:239)
	at org.apache.catalina.core.ApplicationFilterChain.doFilter(ApplicationFilterChain.java:206)
	at org.apache.catalina.core.StandardWrapperValve.invoke(StandardWrapperValve.java:219)
	at org.apache.catalina.core.StandardContextValve.invoke(StandardContextValve.java:106)
	at org.apache.catalina.core.StandardHostValve.invoke(StandardHostValve.java:142)
	at org.apache.catalina.valves.ErrorReportValve.invoke(ErrorReportValve.java:79)
	at org.apache.catalina.valves.AbstractAccessLogValve.invoke(AbstractAccessLogValve.java:610)
	at org.apache.catalina.core.StandardEngineValve.invoke(StandardEngineValve.java:88)
	at org.apache.catalina.connector.CoyoteAdapter.service(CoyoteAdapter.java:534)
	at org.apache.coyote.http11.AbstractHttp11Processor.process(AbstractHttp11Processor.java:1081)
	at org.apache.coyote.AbstractProtocol$AbstractConnectionHandler.process(AbstractProtocol.java:658)
	at org.apache.coyote.http11.Http11NioProtocol$Http11ConnectionHandler.process(Http11NioProtocol.java:222)
	at org.apache.tomcat.util.net.NioEndpoint$SocketProcessor.doRun(NioEndpoint.java:1566)
	at org.apache.tomcat.util.net.NioEndpoint$SocketProcessor.run(NioEndpoint.java:1523)
	at java.util.concurrent.ThreadPoolExecutor.runWorker(ThreadPoolExecutor.java:1142)
	at java.util.concurrent.ThreadPoolExecutor$Worker.run(ThreadPoolExecutor.java:617)
	at org.apache.tomcat.util.threads.TaskThread$WrappingRunnable.run(TaskThread.java:61)
	at java.lang.Thread.run(Thread.java:745)

INFO  - 2015-01-31 19:16:12.157; org.apache.solr.update.processor.LogUpdateProcessor; [ProductsCoreThird] webapp=/migrossolr path=/update params={} {} 0 58
INFO  - 2015-01-31 19:16:12.162; org.apache.solr.update.processor.LogUpdateProcessor; [ProductsCoreThird] webapp=/migrossolr path=/update params={} {} 0 64
INFO  - 2015-01-31 19:16:12.163; org.apache.solr.update.processor.LogUpdateProcessor; [ProductsCoreThird] webapp=/migrossolr path=/update params={} {} 0 82
INFO  - 2015-01-31 19:16:12.164; org.apache.solr.update.processor.LogUpdateProcessor; [ProductsCoreThird] webapp=/migrossolr path=/update params={} {} 0 80
INFO  - 2015-01-31 19:16:12.164; org.apache.solr.update.processor.LogUpdateProcessor; [ProductsCoreThird] webapp=/migrossolr path=/update params={} {} 0 58
INFO  - 2015-01-31 19:16:12.163; org.apache.solr.update.processor.LogUpdateProcessor; [ProductsCoreThird] webapp=/migrossolr path=/update params={} {} 0 101
ERROR - 2015-01-31 19:16:12.165; org.apache.solr.common.SolrException; org.apache.solr.common.SolrException: ERROR: [doc=800704] unknown field 'shopCategoryId'
	at org.apache.solr.update.DocumentBuilder.toDocument(DocumentBuilder.java:174)
	at org.apache.solr.update.AddUpdateCommand.getLuceneDocument(AddUpdateCommand.java:77)
	at org.apache.solr.update.DirectUpdateHandler2.addDoc0(DirectUpdateHandler2.java:238)
	at org.apache.solr.update.DirectUpdateHandler2.addDoc(DirectUpdateHandler2.java:164)
	at org.apache.solr.update.processor.RunUpdateProcessor.processAdd(RunUpdateProcessorFactory.java:69)
	at org.apache.solr.update.processor.UpdateRequestProcessor.processAdd(UpdateRequestProcessor.java:51)
	at org.apache.solr.update.processor.DistributedUpdateProcessor.doLocalAdd(DistributedUpdateProcessor.java:870)
	at org.apache.solr.update.processor.DistributedUpdateProcessor.versionAdd(DistributedUpdateProcessor.java:1024)
	at org.apache.solr.update.processor.DistributedUpdateProcessor.processAdd(DistributedUpdateProcessor.java:693)
	at org.apache.solr.update.processor.LogUpdateProcessor.processAdd(LogUpdateProcessorFactory.java:100)
	at org.apache.solr.handler.loader.XMLLoader.processUpdate(XMLLoader.java:247)
	at org.apache.solr.handler.loader.XMLLoader.load(XMLLoader.java:174)
	at org.apache.solr.handler.UpdateRequestHandler$1.load(UpdateRequestHandler.java:92)
	at org.apache.solr.handler.ContentStreamHandlerBase.handleRequestBody(ContentStreamHandlerBase.java:74)
	at org.apache.solr.handler.RequestHandlerBase.handleRequest(RequestHandlerBase.java:135)
	at org.apache.solr.core.SolrCore.execute(SolrCore.java:1962)
	at org.apache.solr.servlet.SolrDispatchFilter.execute(SolrDispatchFilter.java:777)
	at org.apache.solr.servlet.SolrDispatchFilter.doFilter(SolrDispatchFilter.java:418)
	at org.apache.solr.servlet.SolrDispatchFilter.doFilter(SolrDispatchFilter.java:207)
	at org.apache.catalina.core.ApplicationFilterChain.internalDoFilter(ApplicationFilterChain.java:239)
	at org.apache.catalina.core.ApplicationFilterChain.doFilter(ApplicationFilterChain.java:206)
	at org.apache.catalina.core.StandardWrapperValve.invoke(StandardWrapperValve.java:219)
	at org.apache.catalina.core.StandardContextValve.invoke(StandardContextValve.java:106)
	at org.apache.catalina.core.StandardHostValve.invoke(StandardHostValve.java:142)
	at org.apache.catalina.valves.ErrorReportValve.invoke(ErrorReportValve.java:79)
	at org.apache.catalina.valves.AbstractAccessLogValve.invoke(AbstractAccessLogValve.java:610)
	at org.apache.catalina.core.StandardEngineValve.invoke(StandardEngineValve.java:88)
	at org.apache.catalina.connector.CoyoteAdapter.service(CoyoteAdapter.java:534)
	at org.apache.coyote.http11.AbstractHttp11Processor.process(AbstractHttp11Processor.java:1081)
	at org.apache.coyote.AbstractProtocol$AbstractConnectionHandler.process(AbstractProtocol.java:658)
	at org.apache.coyote.http11.Http11NioProtocol$Http11ConnectionHandler.process(Http11NioProtocol.java:222)
	at org.apache.tomcat.util.net.NioEndpoint$SocketProcessor.doRun(NioEndpoint.java:1566)
	at org.apache.tomcat.util.net.NioEndpoint$SocketProcessor.run(NioEndpoint.java:1523)
	at java.util.concurrent.ThreadPoolExecutor.runWorker(ThreadPoolExecutor.java:1142)
	at java.util.concurrent.ThreadPoolExecutor$Worker.run(ThreadPoolExecutor.java:617)
	at org.apache.tomcat.util.threads.TaskThread$WrappingRunnable.run(TaskThread.java:61)
	at java.lang.Thread.run(Thread.java:745)

ERROR - 2015-01-31 19:16:12.166; org.apache.solr.common.SolrException; org.apache.solr.common.SolrException: ERROR: [doc=221556] unknown field 'shopCategoryId'
	at org.apache.solr.update.DocumentBuilder.toDocument(DocumentBuilder.java:174)
	at org.apache.solr.update.AddUpdateCommand.getLuceneDocument(AddUpdateCommand.java:77)
	at org.apache.solr.update.DirectUpdateHandler2.addDoc0(DirectUpdateHandler2.java:238)
	at org.apache.solr.update.DirectUpdateHandler2.addDoc(DirectUpdateHandler2.java:164)
	at org.apache.solr.update.processor.RunUpdateProcessor.processAdd(RunUpdateProcessorFactory.java:69)
	at org.apache.solr.update.processor.UpdateRequestProcessor.processAdd(UpdateRequestProcessor.java:51)
	at org.apache.solr.update.processor.DistributedUpdateProcessor.doLocalAdd(DistributedUpdateProcessor.java:870)
	at org.apache.solr.update.processor.DistributedUpdateProcessor.versionAdd(DistributedUpdateProcessor.java:1024)
	at org.apache.solr.update.processor.DistributedUpdateProcessor.processAdd(DistributedUpdateProcessor.java:693)
	at org.apache.solr.update.processor.LogUpdateProcessor.processAdd(LogUpdateProcessorFactory.java:100)
	at org.apache.solr.handler.loader.XMLLoader.processUpdate(XMLLoader.java:247)
	at org.apache.solr.handler.loader.XMLLoader.load(XMLLoader.java:174)
	at org.apache.solr.handler.UpdateRequestHandler$1.load(UpdateRequestHandler.java:92)
	at org.apache.solr.handler.ContentStreamHandlerBase.handleRequestBody(ContentStreamHandlerBase.java:74)
	at org.apache.solr.handler.RequestHandlerBase.handleRequest(RequestHandlerBase.java:135)
	at org.apache.solr.core.SolrCore.execute(SolrCore.java:1962)
	at org.apache.solr.servlet.SolrDispatchFilter.execute(SolrDispatchFilter.java:777)
	at org.apache.solr.servlet.SolrDispatchFilter.doFilter(SolrDispatchFilter.java:418)
	at org.apache.solr.servlet.SolrDispatchFilter.doFilter(SolrDispatchFilter.java:207)
	at org.apache.catalina.core.ApplicationFilterChain.internalDoFilter(ApplicationFilterChain.java:239)
	at org.apache.catalina.core.ApplicationFilterChain.doFilter(ApplicationFilterChain.java:206)
	at org.apache.catalina.core.StandardWrapperValve.invoke(StandardWrapperValve.java:219)
	at org.apache.catalina.core.StandardContextValve.invoke(StandardContextValve.java:106)
	at org.apache.catalina.core.StandardHostValve.invoke(StandardHostValve.java:142)
	at org.apache.catalina.valves.ErrorReportValve.invoke(ErrorReportValve.java:79)
	at org.apache.catalina.valves.AbstractAccessLogValve.invoke(AbstractAccessLogValve.java:610)
	at org.apache.catalina.core.StandardEngineValve.invoke(StandardEngineValve.java:88)
	at org.apache.catalina.connector.CoyoteAdapter.service(CoyoteAdapter.java:534)
	at org.apache.coyote.http11.AbstractHttp11Processor.process(AbstractHttp11Processor.java:1081)
	at org.apache.coyote.AbstractProtocol$AbstractConnectionHandler.process(AbstractProtocol.java:658)
	at org.apache.coyote.http11.Http11NioProtocol$Http11ConnectionHandler.process(Http11NioProtocol.java:222)
	at org.apache.tomcat.util.net.NioEndpoint$SocketProcessor.doRun(NioEndpoint.java:1566)
	at org.apache.tomcat.util.net.NioEndpoint$SocketProcessor.run(NioEndpoint.java:1523)
	at java.util.concurrent.ThreadPoolExecutor.runWorker(ThreadPoolExecutor.java:1142)
	at java.util.concurrent.ThreadPoolExecutor$Worker.run(ThreadPoolExecutor.java:617)
	at org.apache.tomcat.util.threads.TaskThread$WrappingRunnable.run(TaskThread.java:61)
	at java.lang.Thread.run(Thread.java:745)

INFO  - 2015-01-31 19:16:12.165; org.apache.solr.update.processor.LogUpdateProcessor; [ProductsCoreThird] webapp=/migrossolr path=/update params={} {} 0 103
ERROR - 2015-01-31 19:16:12.167; org.apache.solr.common.SolrException; org.apache.solr.common.SolrException: ERROR: [doc=834417] unknown field 'shopCategoryId'
	at org.apache.solr.update.DocumentBuilder.toDocument(DocumentBuilder.java:174)
	at org.apache.solr.update.AddUpdateCommand.getLuceneDocument(AddUpdateCommand.java:77)
	at org.apache.solr.update.DirectUpdateHandler2.addDoc0(DirectUpdateHandler2.java:238)
	at org.apache.solr.update.DirectUpdateHandler2.addDoc(DirectUpdateHandler2.java:164)
	at org.apache.solr.update.processor.RunUpdateProcessor.processAdd(RunUpdateProcessorFactory.java:69)
	at org.apache.solr.update.processor.UpdateRequestProcessor.processAdd(UpdateRequestProcessor.java:51)
	at org.apache.solr.update.processor.DistributedUpdateProcessor.doLocalAdd(DistributedUpdateProcessor.java:870)
	at org.apache.solr.update.processor.DistributedUpdateProcessor.versionAdd(DistributedUpdateProcessor.java:1024)
	at org.apache.solr.update.processor.DistributedUpdateProcessor.processAdd(DistributedUpdateProcessor.java:693)
	at org.apache.solr.update.processor.LogUpdateProcessor.processAdd(LogUpdateProcessorFactory.java:100)
	at org.apache.solr.handler.loader.XMLLoader.processUpdate(XMLLoader.java:247)
	at org.apache.solr.handler.loader.XMLLoader.load(XMLLoader.java:174)
	at org.apache.solr.handler.UpdateRequestHandler$1.load(UpdateRequestHandler.java:92)
	at org.apache.solr.handler.ContentStreamHandlerBase.handleRequestBody(ContentStreamHandlerBase.java:74)
	at org.apache.solr.handler.RequestHandlerBase.handleRequest(RequestHandlerBase.java:135)
	at org.apache.solr.core.SolrCore.execute(SolrCore.java:1962)
	at org.apache.solr.servlet.SolrDispatchFilter.execute(SolrDispatchFilter.java:777)
	at org.apache.solr.servlet.SolrDispatchFilter.doFilter(SolrDispatchFilter.java:418)
	at org.apache.solr.servlet.SolrDispatchFilter.doFilter(SolrDispatchFilter.java:207)
	at org.apache.catalina.core.ApplicationFilterChain.internalDoFilter(ApplicationFilterChain.java:239)
	at org.apache.catalina.core.ApplicationFilterChain.doFilter(ApplicationFilterChain.java:206)
	at org.apache.catalina.core.StandardWrapperValve.invoke(StandardWrapperValve.java:219)
	at org.apache.catalina.core.StandardContextValve.invoke(StandardContextValve.java:106)
	at org.apache.catalina.core.StandardHostValve.invoke(StandardHostValve.java:142)
	at org.apache.catalina.valves.ErrorReportValve.invoke(ErrorReportValve.java:79)
	at org.apache.catalina.valves.AbstractAccessLogValve.invoke(AbstractAccessLogValve.java:610)
	at org.apache.catalina.core.StandardEngineValve.invoke(StandardEngineValve.java:88)
	at org.apache.catalina.connector.CoyoteAdapter.service(CoyoteAdapter.java:534)
	at org.apache.coyote.http11.AbstractHttp11Processor.process(AbstractHttp11Processor.java:1081)
	at org.apache.coyote.AbstractProtocol$AbstractConnectionHandler.process(AbstractProtocol.java:658)
	at org.apache.coyote.http11.Http11NioProtocol$Http11ConnectionHandler.process(Http11NioProtocol.java:222)
	at org.apache.tomcat.util.net.NioEndpoint$SocketProcessor.doRun(NioEndpoint.java:1566)
	at org.apache.tomcat.util.net.NioEndpoint$SocketProcessor.run(NioEndpoint.java:1523)
	at java.util.concurrent.ThreadPoolExecutor.runWorker(ThreadPoolExecutor.java:1142)
	at java.util.concurrent.ThreadPoolExecutor$Worker.run(ThreadPoolExecutor.java:617)
	at org.apache.tomcat.util.threads.TaskThread$WrappingRunnable.run(TaskThread.java:61)
	at java.lang.Thread.run(Thread.java:745)

INFO  - 2015-01-31 19:16:12.167; org.apache.solr.update.processor.LogUpdateProcessor; [ProductsCoreThird] webapp=/migrossolr path=/update params={} {} 0 105
INFO  - 2015-01-31 19:16:12.167; org.apache.solr.update.processor.LogUpdateProcessor; [ProductsCoreThird] webapp=/migrossolr path=/update params={} {} 0 103
ERROR - 2015-01-31 19:16:12.166; org.apache.solr.common.SolrException; org.apache.solr.common.SolrException: ERROR: [doc=830119] unknown field 'shopCategoryId'
	at org.apache.solr.update.DocumentBuilder.toDocument(DocumentBuilder.java:174)
	at org.apache.solr.update.AddUpdateCommand.getLuceneDocument(AddUpdateCommand.java:77)
	at org.apache.solr.update.DirectUpdateHandler2.addDoc0(DirectUpdateHandler2.java:238)
	at org.apache.solr.update.DirectUpdateHandler2.addDoc(DirectUpdateHandler2.java:164)
	at org.apache.solr.update.processor.RunUpdateProcessor.processAdd(RunUpdateProcessorFactory.java:69)
	at org.apache.solr.update.processor.UpdateRequestProcessor.processAdd(UpdateRequestProcessor.java:51)
	at org.apache.solr.update.processor.DistributedUpdateProcessor.doLocalAdd(DistributedUpdateProcessor.java:870)
	at org.apache.solr.update.processor.DistributedUpdateProcessor.versionAdd(DistributedUpdateProcessor.java:1024)
	at org.apache.solr.update.processor.DistributedUpdateProcessor.processAdd(DistributedUpdateProcessor.java:693)
	at org.apache.solr.update.processor.LogUpdateProcessor.processAdd(LogUpdateProcessorFactory.java:100)
	at org.apache.solr.handler.loader.XMLLoader.processUpdate(XMLLoader.java:247)
	at org.apache.solr.handler.loader.XMLLoader.load(XMLLoader.java:174)
	at org.apache.solr.handler.UpdateRequestHandler$1.load(UpdateRequestHandler.java:92)
	at org.apache.solr.handler.ContentStreamHandlerBase.handleRequestBody(ContentStreamHandlerBase.java:74)
	at org.apache.solr.handler.RequestHandlerBase.handleRequest(RequestHandlerBase.java:135)
	at org.apache.solr.core.SolrCore.execute(SolrCore.java:1962)
	at org.apache.solr.servlet.SolrDispatchFilter.execute(SolrDispatchFilter.java:777)
	at org.apache.solr.servlet.SolrDispatchFilter.doFilter(SolrDispatchFilter.java:418)
	at org.apache.solr.servlet.SolrDispatchFilter.doFilter(SolrDispatchFilter.java:207)
	at org.apache.catalina.core.ApplicationFilterChain.internalDoFilter(ApplicationFilterChain.java:239)
	at org.apache.catalina.core.ApplicationFilterChain.doFilter(ApplicationFilterChain.java:206)
	at org.apache.catalina.core.StandardWrapperValve.invoke(StandardWrapperValve.java:219)
	at org.apache.catalina.core.StandardContextValve.invoke(StandardContextValve.java:106)
	at org.apache.catalina.core.StandardHostValve.invoke(StandardHostValve.java:142)
	at org.apache.catalina.valves.ErrorReportValve.invoke(ErrorReportValve.java:79)
	at org.apache.catalina.valves.AbstractAccessLogValve.invoke(AbstractAccessLogValve.java:610)
	at org.apache.catalina.core.StandardEngineValve.invoke(StandardEngineValve.java:88)
	at org.apache.catalina.connector.CoyoteAdapter.service(CoyoteAdapter.java:534)
	at org.apache.coyote.http11.AbstractHttp11Processor.process(AbstractHttp11Processor.java:1081)
	at org.apache.coyote.AbstractProtocol$AbstractConnectionHandler.process(AbstractProtocol.java:658)
	at org.apache.coyote.http11.Http11NioProtocol$Http11ConnectionHandler.process(Http11NioProtocol.java:222)
	at org.apache.tomcat.util.net.NioEndpoint$SocketProcessor.doRun(NioEndpoint.java:1566)
	at org.apache.tomcat.util.net.NioEndpoint$SocketProcessor.run(NioEndpoint.java:1523)
	at java.util.concurrent.ThreadPoolExecutor.runWorker(ThreadPoolExecutor.java:1142)
	at java.util.concurrent.ThreadPoolExecutor$Worker.run(ThreadPoolExecutor.java:617)
	at org.apache.tomcat.util.threads.TaskThread$WrappingRunnable.run(TaskThread.java:61)
	at java.lang.Thread.run(Thread.java:745)

ERROR - 2015-01-31 19:16:12.173; org.apache.solr.common.SolrException; org.apache.solr.common.SolrException: ERROR: [doc=476170] unknown field 'shopCategoryId'
	at org.apache.solr.update.DocumentBuilder.toDocument(DocumentBuilder.java:174)
	at org.apache.solr.update.AddUpdateCommand.getLuceneDocument(AddUpdateCommand.java:77)
	at org.apache.solr.update.DirectUpdateHandler2.addDoc0(DirectUpdateHandler2.java:238)
	at org.apache.solr.update.DirectUpdateHandler2.addDoc(DirectUpdateHandler2.java:164)
	at org.apache.solr.update.processor.RunUpdateProcessor.processAdd(RunUpdateProcessorFactory.java:69)
	at org.apache.solr.update.processor.UpdateRequestProcessor.processAdd(UpdateRequestProcessor.java:51)
	at org.apache.solr.update.processor.DistributedUpdateProcessor.doLocalAdd(DistributedUpdateProcessor.java:870)
	at org.apache.solr.update.processor.DistributedUpdateProcessor.versionAdd(DistributedUpdateProcessor.java:1024)
	at org.apache.solr.update.processor.DistributedUpdateProcessor.processAdd(DistributedUpdateProcessor.java:693)
	at org.apache.solr.update.processor.LogUpdateProcessor.processAdd(LogUpdateProcessorFactory.java:100)
	at org.apache.solr.handler.loader.XMLLoader.processUpdate(XMLLoader.java:247)
	at org.apache.solr.handler.loader.XMLLoader.load(XMLLoader.java:174)
	at org.apache.solr.handler.UpdateRequestHandler$1.load(UpdateRequestHandler.java:92)
	at org.apache.solr.handler.ContentStreamHandlerBase.handleRequestBody(ContentStreamHandlerBase.java:74)
	at org.apache.solr.handler.RequestHandlerBase.handleRequest(RequestHandlerBase.java:135)
	at org.apache.solr.core.SolrCore.execute(SolrCore.java:1962)
	at org.apache.solr.servlet.SolrDispatchFilter.execute(SolrDispatchFilter.java:777)
	at org.apache.solr.servlet.SolrDispatchFilter.doFilter(SolrDispatchFilter.java:418)
	at org.apache.solr.servlet.SolrDispatchFilter.doFilter(SolrDispatchFilter.java:207)
	at org.apache.catalina.core.ApplicationFilterChain.internalDoFilter(ApplicationFilterChain.java:239)
	at org.apache.catalina.core.ApplicationFilterChain.doFilter(ApplicationFilterChain.java:206)
	at org.apache.catalina.core.StandardWrapperValve.invoke(StandardWrapperValve.java:219)
	at org.apache.catalina.core.StandardContextValve.invoke(StandardContextValve.java:106)
	at org.apache.catalina.core.StandardHostValve.invoke(StandardHostValve.java:142)
	at org.apache.catalina.valves.ErrorReportValve.invoke(ErrorReportValve.java:79)
	at org.apache.catalina.valves.AbstractAccessLogValve.invoke(AbstractAccessLogValve.java:610)
	at org.apache.catalina.core.StandardEngineValve.invoke(StandardEngineValve.java:88)
	at org.apache.catalina.connector.CoyoteAdapter.service(CoyoteAdapter.java:534)
	at org.apache.coyote.http11.AbstractHttp11Processor.process(AbstractHttp11Processor.java:1081)
	at org.apache.coyote.AbstractProtocol$AbstractConnectionHandler.process(AbstractProtocol.java:658)
	at org.apache.coyote.http11.Http11NioProtocol$Http11ConnectionHandler.process(Http11NioProtocol.java:222)
	at org.apache.tomcat.util.net.NioEndpoint$SocketProcessor.doRun(NioEndpoint.java:1566)
	at org.apache.tomcat.util.net.NioEndpoint$SocketProcessor.run(NioEndpoint.java:1523)
	at java.util.concurrent.ThreadPoolExecutor.runWorker(ThreadPoolExecutor.java:1142)
	at java.util.concurrent.ThreadPoolExecutor$Worker.run(ThreadPoolExecutor.java:617)
	at org.apache.tomcat.util.threads.TaskThread$WrappingRunnable.run(TaskThread.java:61)
	at java.lang.Thread.run(Thread.java:745)

INFO  - 2015-01-31 19:16:12.171; org.apache.solr.update.processor.LogUpdateProcessor; [ProductsCoreThird] webapp=/migrossolr path=/update params={} {} 0 107
ERROR - 2015-01-31 19:16:12.171; org.apache.solr.common.SolrException; org.apache.solr.common.SolrException: ERROR: [doc=450318] unknown field 'shopCategoryId'
	at org.apache.solr.update.DocumentBuilder.toDocument(DocumentBuilder.java:174)
	at org.apache.solr.update.AddUpdateCommand.getLuceneDocument(AddUpdateCommand.java:77)
	at org.apache.solr.update.DirectUpdateHandler2.addDoc0(DirectUpdateHandler2.java:238)
	at org.apache.solr.update.DirectUpdateHandler2.addDoc(DirectUpdateHandler2.java:164)
	at org.apache.solr.update.processor.RunUpdateProcessor.processAdd(RunUpdateProcessorFactory.java:69)
	at org.apache.solr.update.processor.UpdateRequestProcessor.processAdd(UpdateRequestProcessor.java:51)
	at org.apache.solr.update.processor.DistributedUpdateProcessor.doLocalAdd(DistributedUpdateProcessor.java:870)
	at org.apache.solr.update.processor.DistributedUpdateProcessor.versionAdd(DistributedUpdateProcessor.java:1024)
	at org.apache.solr.update.processor.DistributedUpdateProcessor.processAdd(DistributedUpdateProcessor.java:693)
	at org.apache.solr.update.processor.LogUpdateProcessor.processAdd(LogUpdateProcessorFactory.java:100)
	at org.apache.solr.handler.loader.XMLLoader.processUpdate(XMLLoader.java:247)
	at org.apache.solr.handler.loader.XMLLoader.load(XMLLoader.java:174)
	at org.apache.solr.handler.UpdateRequestHandler$1.load(UpdateRequestHandler.java:92)
	at org.apache.solr.handler.ContentStreamHandlerBase.handleRequestBody(ContentStreamHandlerBase.java:74)
	at org.apache.solr.handler.RequestHandlerBase.handleRequest(RequestHandlerBase.java:135)
	at org.apache.solr.core.SolrCore.execute(SolrCore.java:1962)
	at org.apache.solr.servlet.SolrDispatchFilter.execute(SolrDispatchFilter.java:777)
	at org.apache.solr.servlet.SolrDispatchFilter.doFilter(SolrDispatchFilter.java:418)
	at org.apache.solr.servlet.SolrDispatchFilter.doFilter(SolrDispatchFilter.java:207)
	at org.apache.catalina.core.ApplicationFilterChain.internalDoFilter(ApplicationFilterChain.java:239)
	at org.apache.catalina.core.ApplicationFilterChain.doFilter(ApplicationFilterChain.java:206)
	at org.apache.catalina.core.StandardWrapperValve.invoke(StandardWrapperValve.java:219)
	at org.apache.catalina.core.StandardContextValve.invoke(StandardContextValve.java:106)
	at org.apache.catalina.core.StandardHostValve.invoke(StandardHostValve.java:142)
	at org.apache.catalina.valves.ErrorReportValve.invoke(ErrorReportValve.java:79)
	at org.apache.catalina.valves.AbstractAccessLogValve.invoke(AbstractAccessLogValve.java:610)
	at org.apache.catalina.core.StandardEngineValve.invoke(StandardEngineValve.java:88)
	at org.apache.catalina.connector.CoyoteAdapter.service(CoyoteAdapter.java:534)
	at org.apache.coyote.http11.AbstractHttp11Processor.process(AbstractHttp11Processor.java:1081)
	at org.apache.coyote.AbstractProtocol$AbstractConnectionHandler.process(AbstractProtocol.java:658)
	at org.apache.coyote.http11.Http11NioProtocol$Http11ConnectionHandler.process(Http11NioProtocol.java:222)
	at org.apache.tomcat.util.net.NioEndpoint$SocketProcessor.doRun(NioEndpoint.java:1566)
	at org.apache.tomcat.util.net.NioEndpoint$SocketProcessor.run(NioEndpoint.java:1523)
	at java.util.concurrent.ThreadPoolExecutor.runWorker(ThreadPoolExecutor.java:1142)
	at java.util.concurrent.ThreadPoolExecutor$Worker.run(ThreadPoolExecutor.java:617)
	at org.apache.tomcat.util.threads.TaskThread$WrappingRunnable.run(TaskThread.java:61)
	at java.lang.Thread.run(Thread.java:745)

ERROR - 2015-01-31 19:16:12.170; org.apache.solr.common.SolrException; org.apache.solr.common.SolrException: ERROR: [doc=833277] unknown field 'shopCategoryId'
	at org.apache.solr.update.DocumentBuilder.toDocument(DocumentBuilder.java:174)
	at org.apache.solr.update.AddUpdateCommand.getLuceneDocument(AddUpdateCommand.java:77)
	at org.apache.solr.update.DirectUpdateHandler2.addDoc0(DirectUpdateHandler2.java:238)
	at org.apache.solr.update.DirectUpdateHandler2.addDoc(DirectUpdateHandler2.java:164)
	at org.apache.solr.update.processor.RunUpdateProcessor.processAdd(RunUpdateProcessorFactory.java:69)
	at org.apache.solr.update.processor.UpdateRequestProcessor.processAdd(UpdateRequestProcessor.java:51)
	at org.apache.solr.update.processor.DistributedUpdateProcessor.doLocalAdd(DistributedUpdateProcessor.java:870)
	at org.apache.solr.update.processor.DistributedUpdateProcessor.versionAdd(DistributedUpdateProcessor.java:1024)
	at org.apache.solr.update.processor.DistributedUpdateProcessor.processAdd(DistributedUpdateProcessor.java:693)
	at org.apache.solr.update.processor.LogUpdateProcessor.processAdd(LogUpdateProcessorFactory.java:100)
	at org.apache.solr.handler.loader.XMLLoader.processUpdate(XMLLoader.java:247)
	at org.apache.solr.handler.loader.XMLLoader.load(XMLLoader.java:174)
	at org.apache.solr.handler.UpdateRequestHandler$1.load(UpdateRequestHandler.java:92)
	at org.apache.solr.handler.ContentStreamHandlerBase.handleRequestBody(ContentStreamHandlerBase.java:74)
	at org.apache.solr.handler.RequestHandlerBase.handleRequest(RequestHandlerBase.java:135)
	at org.apache.solr.core.SolrCore.execute(SolrCore.java:1962)
	at org.apache.solr.servlet.SolrDispatchFilter.execute(SolrDispatchFilter.java:777)
	at org.apache.solr.servlet.SolrDispatchFilter.doFilter(SolrDispatchFilter.java:418)
	at org.apache.solr.servlet.SolrDispatchFilter.doFilter(SolrDispatchFilter.java:207)
	at org.apache.catalina.core.ApplicationFilterChain.internalDoFilter(ApplicationFilterChain.java:239)
	at org.apache.catalina.core.ApplicationFilterChain.doFilter(ApplicationFilterChain.java:206)
	at org.apache.catalina.core.StandardWrapperValve.invoke(StandardWrapperValve.java:219)
	at org.apache.catalina.core.StandardContextValve.invoke(StandardContextValve.java:106)
	at org.apache.catalina.core.StandardHostValve.invoke(StandardHostValve.java:142)
	at org.apache.catalina.valves.ErrorReportValve.invoke(ErrorReportValve.java:79)
	at org.apache.catalina.valves.AbstractAccessLogValve.invoke(AbstractAccessLogValve.java:610)
	at org.apache.catalina.core.StandardEngineValve.invoke(StandardEngineValve.java:88)
	at org.apache.catalina.connector.CoyoteAdapter.service(CoyoteAdapter.java:534)
	at org.apache.coyote.http11.AbstractHttp11Processor.process(AbstractHttp11Processor.java:1081)
	at org.apache.coyote.AbstractProtocol$AbstractConnectionHandler.process(AbstractProtocol.java:658)
	at org.apache.coyote.http11.Http11NioProtocol$Http11ConnectionHandler.process(Http11NioProtocol.java:222)
	at org.apache.tomcat.util.net.NioEndpoint$SocketProcessor.doRun(NioEndpoint.java:1566)
	at org.apache.tomcat.util.net.NioEndpoint$SocketProcessor.run(NioEndpoint.java:1523)
	at java.util.concurrent.ThreadPoolExecutor.runWorker(ThreadPoolExecutor.java:1142)
	at java.util.concurrent.ThreadPoolExecutor$Worker.run(ThreadPoolExecutor.java:617)
	at org.apache.tomcat.util.threads.TaskThread$WrappingRunnable.run(TaskThread.java:61)
	at java.lang.Thread.run(Thread.java:745)

INFO  - 2015-01-31 19:16:12.168; org.apache.solr.update.processor.LogUpdateProcessor; [ProductsCoreThird] webapp=/migrossolr path=/update params={} {} 0 93
ERROR - 2015-01-31 19:16:12.168; org.apache.solr.common.SolrException; org.apache.solr.common.SolrException: ERROR: [doc=236591] unknown field 'shopCategoryId'
	at org.apache.solr.update.DocumentBuilder.toDocument(DocumentBuilder.java:174)
	at org.apache.solr.update.AddUpdateCommand.getLuceneDocument(AddUpdateCommand.java:77)
	at org.apache.solr.update.DirectUpdateHandler2.addDoc0(DirectUpdateHandler2.java:238)
	at org.apache.solr.update.DirectUpdateHandler2.addDoc(DirectUpdateHandler2.java:164)
	at org.apache.solr.update.processor.RunUpdateProcessor.processAdd(RunUpdateProcessorFactory.java:69)
	at org.apache.solr.update.processor.UpdateRequestProcessor.processAdd(UpdateRequestProcessor.java:51)
	at org.apache.solr.update.processor.DistributedUpdateProcessor.doLocalAdd(DistributedUpdateProcessor.java:870)
	at org.apache.solr.update.processor.DistributedUpdateProcessor.versionAdd(DistributedUpdateProcessor.java:1024)
	at org.apache.solr.update.processor.DistributedUpdateProcessor.processAdd(DistributedUpdateProcessor.java:693)
	at org.apache.solr.update.processor.LogUpdateProcessor.processAdd(LogUpdateProcessorFactory.java:100)
	at org.apache.solr.handler.loader.XMLLoader.processUpdate(XMLLoader.java:247)
	at org.apache.solr.handler.loader.XMLLoader.load(XMLLoader.java:174)
	at org.apache.solr.handler.UpdateRequestHandler$1.load(UpdateRequestHandler.java:92)
	at org.apache.solr.handler.ContentStreamHandlerBase.handleRequestBody(ContentStreamHandlerBase.java:74)
	at org.apache.solr.handler.RequestHandlerBase.handleRequest(RequestHandlerBase.java:135)
	at org.apache.solr.core.SolrCore.execute(SolrCore.java:1962)
	at org.apache.solr.servlet.SolrDispatchFilter.execute(SolrDispatchFilter.java:777)
	at org.apache.solr.servlet.SolrDispatchFilter.doFilter(SolrDispatchFilter.java:418)
	at org.apache.solr.servlet.SolrDispatchFilter.doFilter(SolrDispatchFilter.java:207)
	at org.apache.catalina.core.ApplicationFilterChain.internalDoFilter(ApplicationFilterChain.java:239)
	at org.apache.catalina.core.ApplicationFilterChain.doFilter(ApplicationFilterChain.java:206)
	at org.apache.catalina.core.StandardWrapperValve.invoke(StandardWrapperValve.java:219)
	at org.apache.catalina.core.StandardContextValve.invoke(StandardContextValve.java:106)
	at org.apache.catalina.core.StandardHostValve.invoke(StandardHostValve.java:142)
	at org.apache.catalina.valves.ErrorReportValve.invoke(ErrorReportValve.java:79)
	at org.apache.catalina.valves.AbstractAccessLogValve.invoke(AbstractAccessLogValve.java:610)
	at org.apache.catalina.core.StandardEngineValve.invoke(StandardEngineValve.java:88)
	at org.apache.catalina.connector.CoyoteAdapter.service(CoyoteAdapter.java:534)
	at org.apache.coyote.http11.AbstractHttp11Processor.process(AbstractHttp11Processor.java:1081)
	at org.apache.coyote.AbstractProtocol$AbstractConnectionHandler.process(AbstractProtocol.java:658)
	at org.apache.coyote.http11.Http11NioProtocol$Http11ConnectionHandler.process(Http11NioProtocol.java:222)
	at org.apache.tomcat.util.net.NioEndpoint$SocketProcessor.doRun(NioEndpoint.java:1566)
	at org.apache.tomcat.util.net.NioEndpoint$SocketProcessor.run(NioEndpoint.java:1523)
	at java.util.concurrent.ThreadPoolExecutor.runWorker(ThreadPoolExecutor.java:1142)
	at java.util.concurrent.ThreadPoolExecutor$Worker.run(ThreadPoolExecutor.java:617)
	at org.apache.tomcat.util.threads.TaskThread$WrappingRunnable.run(TaskThread.java:61)
	at java.lang.Thread.run(Thread.java:745)

INFO  - 2015-01-31 19:16:12.168; org.apache.solr.update.processor.LogUpdateProcessor; [ProductsCoreThird] webapp=/migrossolr path=/update params={} {} 0 62
INFO  - 2015-01-31 19:16:12.168; org.apache.solr.update.processor.LogUpdateProcessor; [ProductsCoreThird] webapp=/migrossolr path=/update params={} {} 0 106
ERROR - 2015-01-31 19:16:12.173; org.apache.solr.common.SolrException; org.apache.solr.common.SolrException: ERROR: [doc=835363] unknown field 'shopCategoryId'
	at org.apache.solr.update.DocumentBuilder.toDocument(DocumentBuilder.java:174)
	at org.apache.solr.update.AddUpdateCommand.getLuceneDocument(AddUpdateCommand.java:77)
	at org.apache.solr.update.DirectUpdateHandler2.addDoc0(DirectUpdateHandler2.java:238)
	at org.apache.solr.update.DirectUpdateHandler2.addDoc(DirectUpdateHandler2.java:164)
	at org.apache.solr.update.processor.RunUpdateProcessor.processAdd(RunUpdateProcessorFactory.java:69)
	at org.apache.solr.update.processor.UpdateRequestProcessor.processAdd(UpdateRequestProcessor.java:51)
	at org.apache.solr.update.processor.DistributedUpdateProcessor.doLocalAdd(DistributedUpdateProcessor.java:870)
	at org.apache.solr.update.processor.DistributedUpdateProcessor.versionAdd(DistributedUpdateProcessor.java:1024)
	at org.apache.solr.update.processor.DistributedUpdateProcessor.processAdd(DistributedUpdateProcessor.java:693)
	at org.apache.solr.update.processor.LogUpdateProcessor.processAdd(LogUpdateProcessorFactory.java:100)
	at org.apache.solr.handler.loader.XMLLoader.processUpdate(XMLLoader.java:247)
	at org.apache.solr.handler.loader.XMLLoader.load(XMLLoader.java:174)
	at org.apache.solr.handler.UpdateRequestHandler$1.load(UpdateRequestHandler.java:92)
	at org.apache.solr.handler.ContentStreamHandlerBase.handleRequestBody(ContentStreamHandlerBase.java:74)
	at org.apache.solr.handler.RequestHandlerBase.handleRequest(RequestHandlerBase.java:135)
	at org.apache.solr.core.SolrCore.execute(SolrCore.java:1962)
	at org.apache.solr.servlet.SolrDispatchFilter.execute(SolrDispatchFilter.java:777)
	at org.apache.solr.servlet.SolrDispatchFilter.doFilter(SolrDispatchFilter.java:418)
	at org.apache.solr.servlet.SolrDispatchFilter.doFilter(SolrDispatchFilter.java:207)
	at org.apache.catalina.core.ApplicationFilterChain.internalDoFilter(ApplicationFilterChain.java:239)
	at org.apache.catalina.core.ApplicationFilterChain.doFilter(ApplicationFilterChain.java:206)
	at org.apache.catalina.core.StandardWrapperValve.invoke(StandardWrapperValve.java:219)
	at org.apache.catalina.core.StandardContextValve.invoke(StandardContextValve.java:106)
	at org.apache.catalina.core.StandardHostValve.invoke(StandardHostValve.java:142)
	at org.apache.catalina.valves.ErrorReportValve.invoke(ErrorReportValve.java:79)
	at org.apache.catalina.valves.AbstractAccessLogValve.invoke(AbstractAccessLogValve.java:610)
	at org.apache.catalina.core.StandardEngineValve.invoke(StandardEngineValve.java:88)
	at org.apache.catalina.connector.CoyoteAdapter.service(CoyoteAdapter.java:534)
	at org.apache.coyote.http11.AbstractHttp11Processor.process(AbstractHttp11Processor.java:1081)
	at org.apache.coyote.AbstractProtocol$AbstractConnectionHandler.process(AbstractProtocol.java:658)
	at org.apache.coyote.http11.Http11NioProtocol$Http11ConnectionHandler.process(Http11NioProtocol.java:222)
	at org.apache.tomcat.util.net.NioEndpoint$SocketProcessor.doRun(NioEndpoint.java:1566)
	at org.apache.tomcat.util.net.NioEndpoint$SocketProcessor.run(NioEndpoint.java:1523)
	at java.util.concurrent.ThreadPoolExecutor.runWorker(ThreadPoolExecutor.java:1142)
	at java.util.concurrent.ThreadPoolExecutor$Worker.run(ThreadPoolExecutor.java:617)
	at org.apache.tomcat.util.threads.TaskThread$WrappingRunnable.run(TaskThread.java:61)
	at java.lang.Thread.run(Thread.java:745)

ERROR - 2015-01-31 19:16:12.181; org.apache.solr.common.SolrException; org.apache.solr.common.SolrException: ERROR: [doc=832467] unknown field 'shopCategoryId'
	at org.apache.solr.update.DocumentBuilder.toDocument(DocumentBuilder.java:174)
	at org.apache.solr.update.AddUpdateCommand.getLuceneDocument(AddUpdateCommand.java:77)
	at org.apache.solr.update.DirectUpdateHandler2.addDoc0(DirectUpdateHandler2.java:238)
	at org.apache.solr.update.DirectUpdateHandler2.addDoc(DirectUpdateHandler2.java:164)
	at org.apache.solr.update.processor.RunUpdateProcessor.processAdd(RunUpdateProcessorFactory.java:69)
	at org.apache.solr.update.processor.UpdateRequestProcessor.processAdd(UpdateRequestProcessor.java:51)
	at org.apache.solr.update.processor.DistributedUpdateProcessor.doLocalAdd(DistributedUpdateProcessor.java:870)
	at org.apache.solr.update.processor.DistributedUpdateProcessor.versionAdd(DistributedUpdateProcessor.java:1024)
	at org.apache.solr.update.processor.DistributedUpdateProcessor.processAdd(DistributedUpdateProcessor.java:693)
	at org.apache.solr.update.processor.LogUpdateProcessor.processAdd(LogUpdateProcessorFactory.java:100)
	at org.apache.solr.handler.loader.XMLLoader.processUpdate(XMLLoader.java:247)
	at org.apache.solr.handler.loader.XMLLoader.load(XMLLoader.java:174)
	at org.apache.solr.handler.UpdateRequestHandler$1.load(UpdateRequestHandler.java:92)
	at org.apache.solr.handler.ContentStreamHandlerBase.handleRequestBody(ContentStreamHandlerBase.java:74)
	at org.apache.solr.handler.RequestHandlerBase.handleRequest(RequestHandlerBase.java:135)
	at org.apache.solr.core.SolrCore.execute(SolrCore.java:1962)
	at org.apache.solr.servlet.SolrDispatchFilter.execute(SolrDispatchFilter.java:777)
	at org.apache.solr.servlet.SolrDispatchFilter.doFilter(SolrDispatchFilter.java:418)
	at org.apache.solr.servlet.SolrDispatchFilter.doFilter(SolrDispatchFilter.java:207)
	at org.apache.catalina.core.ApplicationFilterChain.internalDoFilter(ApplicationFilterChain.java:239)
	at org.apache.catalina.core.ApplicationFilterChain.doFilter(ApplicationFilterChain.java:206)
	at org.apache.catalina.core.StandardWrapperValve.invoke(StandardWrapperValve.java:219)
	at org.apache.catalina.core.StandardContextValve.invoke(StandardContextValve.java:106)
	at org.apache.catalina.core.StandardHostValve.invoke(StandardHostValve.java:142)
	at org.apache.catalina.valves.ErrorReportValve.invoke(ErrorReportValve.java:79)
	at org.apache.catalina.valves.AbstractAccessLogValve.invoke(AbstractAccessLogValve.java:610)
	at org.apache.catalina.core.StandardEngineValve.invoke(StandardEngineValve.java:88)
	at org.apache.catalina.connector.CoyoteAdapter.service(CoyoteAdapter.java:534)
	at org.apache.coyote.http11.AbstractHttp11Processor.process(AbstractHttp11Processor.java:1081)
	at org.apache.coyote.AbstractProtocol$AbstractConnectionHandler.process(AbstractProtocol.java:658)
	at org.apache.coyote.http11.Http11NioProtocol$Http11ConnectionHandler.process(Http11NioProtocol.java:222)
	at org.apache.tomcat.util.net.NioEndpoint$SocketProcessor.doRun(NioEndpoint.java:1566)
	at org.apache.tomcat.util.net.NioEndpoint$SocketProcessor.run(NioEndpoint.java:1523)
	at java.util.concurrent.ThreadPoolExecutor.runWorker(ThreadPoolExecutor.java:1142)
	at java.util.concurrent.ThreadPoolExecutor$Worker.run(ThreadPoolExecutor.java:617)
	at org.apache.tomcat.util.threads.TaskThread$WrappingRunnable.run(TaskThread.java:61)
	at java.lang.Thread.run(Thread.java:745)

ERROR - 2015-01-31 19:16:12.180; org.apache.solr.common.SolrException; org.apache.solr.common.SolrException: ERROR: [doc=799948] unknown field 'shopCategoryId'
	at org.apache.solr.update.DocumentBuilder.toDocument(DocumentBuilder.java:174)
	at org.apache.solr.update.AddUpdateCommand.getLuceneDocument(AddUpdateCommand.java:77)
	at org.apache.solr.update.DirectUpdateHandler2.addDoc0(DirectUpdateHandler2.java:238)
	at org.apache.solr.update.DirectUpdateHandler2.addDoc(DirectUpdateHandler2.java:164)
	at org.apache.solr.update.processor.RunUpdateProcessor.processAdd(RunUpdateProcessorFactory.java:69)
	at org.apache.solr.update.processor.UpdateRequestProcessor.processAdd(UpdateRequestProcessor.java:51)
	at org.apache.solr.update.processor.DistributedUpdateProcessor.doLocalAdd(DistributedUpdateProcessor.java:870)
	at org.apache.solr.update.processor.DistributedUpdateProcessor.versionAdd(DistributedUpdateProcessor.java:1024)
	at org.apache.solr.update.processor.DistributedUpdateProcessor.processAdd(DistributedUpdateProcessor.java:693)
	at org.apache.solr.update.processor.LogUpdateProcessor.processAdd(LogUpdateProcessorFactory.java:100)
	at org.apache.solr.handler.loader.XMLLoader.processUpdate(XMLLoader.java:247)
	at org.apache.solr.handler.loader.XMLLoader.load(XMLLoader.java:174)
	at org.apache.solr.handler.UpdateRequestHandler$1.load(UpdateRequestHandler.java:92)
	at org.apache.solr.handler.ContentStreamHandlerBase.handleRequestBody(ContentStreamHandlerBase.java:74)
	at org.apache.solr.handler.RequestHandlerBase.handleRequest(RequestHandlerBase.java:135)
	at org.apache.solr.core.SolrCore.execute(SolrCore.java:1962)
	at org.apache.solr.servlet.SolrDispatchFilter.execute(SolrDispatchFilter.java:777)
	at org.apache.solr.servlet.SolrDispatchFilter.doFilter(SolrDispatchFilter.java:418)
	at org.apache.solr.servlet.SolrDispatchFilter.doFilter(SolrDispatchFilter.java:207)
	at org.apache.catalina.core.ApplicationFilterChain.internalDoFilter(ApplicationFilterChain.java:239)
	at org.apache.catalina.core.ApplicationFilterChain.doFilter(ApplicationFilterChain.java:206)
	at org.apache.catalina.core.StandardWrapperValve.invoke(StandardWrapperValve.java:219)
	at org.apache.catalina.core.StandardContextValve.invoke(StandardContextValve.java:106)
	at org.apache.catalina.core.StandardHostValve.invoke(StandardHostValve.java:142)
	at org.apache.catalina.valves.ErrorReportValve.invoke(ErrorReportValve.java:79)
	at org.apache.catalina.valves.AbstractAccessLogValve.invoke(AbstractAccessLogValve.java:610)
	at org.apache.catalina.core.StandardEngineValve.invoke(StandardEngineValve.java:88)
	at org.apache.catalina.connector.CoyoteAdapter.service(CoyoteAdapter.java:534)
	at org.apache.coyote.http11.AbstractHttp11Processor.process(AbstractHttp11Processor.java:1081)
	at org.apache.coyote.AbstractProtocol$AbstractConnectionHandler.process(AbstractProtocol.java:658)
	at org.apache.coyote.http11.Http11NioProtocol$Http11ConnectionHandler.process(Http11NioProtocol.java:222)
	at org.apache.tomcat.util.net.NioEndpoint$SocketProcessor.doRun(NioEndpoint.java:1566)
	at org.apache.tomcat.util.net.NioEndpoint$SocketProcessor.run(NioEndpoint.java:1523)
	at java.util.concurrent.ThreadPoolExecutor.runWorker(ThreadPoolExecutor.java:1142)
	at java.util.concurrent.ThreadPoolExecutor$Worker.run(ThreadPoolExecutor.java:617)
	at org.apache.tomcat.util.threads.TaskThread$WrappingRunnable.run(TaskThread.java:61)
	at java.lang.Thread.run(Thread.java:745)

ERROR - 2015-01-31 19:16:12.181; org.apache.solr.common.SolrException; org.apache.solr.common.SolrException: ERROR: [doc=106172] unknown field 'shopCategoryId'
	at org.apache.solr.update.DocumentBuilder.toDocument(DocumentBuilder.java:174)
	at org.apache.solr.update.AddUpdateCommand.getLuceneDocument(AddUpdateCommand.java:77)
	at org.apache.solr.update.DirectUpdateHandler2.addDoc0(DirectUpdateHandler2.java:238)
	at org.apache.solr.update.DirectUpdateHandler2.addDoc(DirectUpdateHandler2.java:164)
	at org.apache.solr.update.processor.RunUpdateProcessor.processAdd(RunUpdateProcessorFactory.java:69)
	at org.apache.solr.update.processor.UpdateRequestProcessor.processAdd(UpdateRequestProcessor.java:51)
	at org.apache.solr.update.processor.DistributedUpdateProcessor.doLocalAdd(DistributedUpdateProcessor.java:870)
	at org.apache.solr.update.processor.DistributedUpdateProcessor.versionAdd(DistributedUpdateProcessor.java:1024)
	at org.apache.solr.update.processor.DistributedUpdateProcessor.processAdd(DistributedUpdateProcessor.java:693)
	at org.apache.solr.update.processor.LogUpdateProcessor.processAdd(LogUpdateProcessorFactory.java:100)
	at org.apache.solr.handler.loader.XMLLoader.processUpdate(XMLLoader.java:247)
	at org.apache.solr.handler.loader.XMLLoader.load(XMLLoader.java:174)
	at org.apache.solr.handler.UpdateRequestHandler$1.load(UpdateRequestHandler.java:92)
	at org.apache.solr.handler.ContentStreamHandlerBase.handleRequestBody(ContentStreamHandlerBase.java:74)
	at org.apache.solr.handler.RequestHandlerBase.handleRequest(RequestHandlerBase.java:135)
	at org.apache.solr.core.SolrCore.execute(SolrCore.java:1962)
	at org.apache.solr.servlet.SolrDispatchFilter.execute(SolrDispatchFilter.java:777)
	at org.apache.solr.servlet.SolrDispatchFilter.doFilter(SolrDispatchFilter.java:418)
	at org.apache.solr.servlet.SolrDispatchFilter.doFilter(SolrDispatchFilter.java:207)
	at org.apache.catalina.core.ApplicationFilterChain.internalDoFilter(ApplicationFilterChain.java:239)
	at org.apache.catalina.core.ApplicationFilterChain.doFilter(ApplicationFilterChain.java:206)
	at org.apache.catalina.core.StandardWrapperValve.invoke(StandardWrapperValve.java:219)
	at org.apache.catalina.core.StandardContextValve.invoke(StandardContextValve.java:106)
	at org.apache.catalina.core.StandardHostValve.invoke(StandardHostValve.java:142)
	at org.apache.catalina.valves.ErrorReportValve.invoke(ErrorReportValve.java:79)
	at org.apache.catalina.valves.AbstractAccessLogValve.invoke(AbstractAccessLogValve.java:610)
	at org.apache.catalina.core.StandardEngineValve.invoke(StandardEngineValve.java:88)
	at org.apache.catalina.connector.CoyoteAdapter.service(CoyoteAdapter.java:534)
	at org.apache.coyote.http11.AbstractHttp11Processor.process(AbstractHttp11Processor.java:1081)
	at org.apache.coyote.AbstractProtocol$AbstractConnectionHandler.process(AbstractProtocol.java:658)
	at org.apache.coyote.http11.Http11NioProtocol$Http11ConnectionHandler.process(Http11NioProtocol.java:222)
	at org.apache.tomcat.util.net.NioEndpoint$SocketProcessor.doRun(NioEndpoint.java:1566)
	at org.apache.tomcat.util.net.NioEndpoint$SocketProcessor.run(NioEndpoint.java:1523)
	at java.util.concurrent.ThreadPoolExecutor.runWorker(ThreadPoolExecutor.java:1142)
	at java.util.concurrent.ThreadPoolExecutor$Worker.run(ThreadPoolExecutor.java:617)
	at org.apache.tomcat.util.threads.TaskThread$WrappingRunnable.run(TaskThread.java:61)
	at java.lang.Thread.run(Thread.java:745)

ERROR - 2015-01-31 19:16:12.180; org.apache.solr.common.SolrException; org.apache.solr.common.SolrException: ERROR: [doc=809980] unknown field 'shopCategoryId'
	at org.apache.solr.update.DocumentBuilder.toDocument(DocumentBuilder.java:174)
	at org.apache.solr.update.AddUpdateCommand.getLuceneDocument(AddUpdateCommand.java:77)
	at org.apache.solr.update.DirectUpdateHandler2.addDoc0(DirectUpdateHandler2.java:238)
	at org.apache.solr.update.DirectUpdateHandler2.addDoc(DirectUpdateHandler2.java:164)
	at org.apache.solr.update.processor.RunUpdateProcessor.processAdd(RunUpdateProcessorFactory.java:69)
	at org.apache.solr.update.processor.UpdateRequestProcessor.processAdd(UpdateRequestProcessor.java:51)
	at org.apache.solr.update.processor.DistributedUpdateProcessor.doLocalAdd(DistributedUpdateProcessor.java:870)
	at org.apache.solr.update.processor.DistributedUpdateProcessor.versionAdd(DistributedUpdateProcessor.java:1024)
	at org.apache.solr.update.processor.DistributedUpdateProcessor.processAdd(DistributedUpdateProcessor.java:693)
	at org.apache.solr.update.processor.LogUpdateProcessor.processAdd(LogUpdateProcessorFactory.java:100)
	at org.apache.solr.handler.loader.XMLLoader.processUpdate(XMLLoader.java:247)
	at org.apache.solr.handler.loader.XMLLoader.load(XMLLoader.java:174)
	at org.apache.solr.handler.UpdateRequestHandler$1.load(UpdateRequestHandler.java:92)
	at org.apache.solr.handler.ContentStreamHandlerBase.handleRequestBody(ContentStreamHandlerBase.java:74)
	at org.apache.solr.handler.RequestHandlerBase.handleRequest(RequestHandlerBase.java:135)
	at org.apache.solr.core.SolrCore.execute(SolrCore.java:1962)
	at org.apache.solr.servlet.SolrDispatchFilter.execute(SolrDispatchFilter.java:777)
	at org.apache.solr.servlet.SolrDispatchFilter.doFilter(SolrDispatchFilter.java:418)
	at org.apache.solr.servlet.SolrDispatchFilter.doFilter(SolrDispatchFilter.java:207)
	at org.apache.catalina.core.ApplicationFilterChain.internalDoFilter(ApplicationFilterChain.java:239)
	at org.apache.catalina.core.ApplicationFilterChain.doFilter(ApplicationFilterChain.java:206)
	at org.apache.catalina.core.StandardWrapperValve.invoke(StandardWrapperValve.java:219)
	at org.apache.catalina.core.StandardContextValve.invoke(StandardContextValve.java:106)
	at org.apache.catalina.core.StandardHostValve.invoke(StandardHostValve.java:142)
	at org.apache.catalina.valves.ErrorReportValve.invoke(ErrorReportValve.java:79)
	at org.apache.catalina.valves.AbstractAccessLogValve.invoke(AbstractAccessLogValve.java:610)
	at org.apache.catalina.core.StandardEngineValve.invoke(StandardEngineValve.java:88)
	at org.apache.catalina.connector.CoyoteAdapter.service(CoyoteAdapter.java:534)
	at org.apache.coyote.http11.AbstractHttp11Processor.process(AbstractHttp11Processor.java:1081)
	at org.apache.coyote.AbstractProtocol$AbstractConnectionHandler.process(AbstractProtocol.java:658)
	at org.apache.coyote.http11.Http11NioProtocol$Http11ConnectionHandler.process(Http11NioProtocol.java:222)
	at org.apache.tomcat.util.net.NioEndpoint$SocketProcessor.doRun(NioEndpoint.java:1566)
	at org.apache.tomcat.util.net.NioEndpoint$SocketProcessor.run(NioEndpoint.java:1523)
	at java.util.concurrent.ThreadPoolExecutor.runWorker(ThreadPoolExecutor.java:1142)
	at java.util.concurrent.ThreadPoolExecutor$Worker.run(ThreadPoolExecutor.java:617)
	at org.apache.tomcat.util.threads.TaskThread$WrappingRunnable.run(TaskThread.java:61)
	at java.lang.Thread.run(Thread.java:745)

INFO  - 2015-01-31 19:16:12.192; org.apache.solr.update.processor.LogUpdateProcessor; [ProductsCoreThird] webapp=/migrossolr path=/update params={} {} 0 126
ERROR - 2015-01-31 19:16:12.193; org.apache.solr.common.SolrException; org.apache.solr.common.SolrException: ERROR: [doc=737488] unknown field 'shopCategoryId'
	at org.apache.solr.update.DocumentBuilder.toDocument(DocumentBuilder.java:174)
	at org.apache.solr.update.AddUpdateCommand.getLuceneDocument(AddUpdateCommand.java:77)
	at org.apache.solr.update.DirectUpdateHandler2.addDoc0(DirectUpdateHandler2.java:238)
	at org.apache.solr.update.DirectUpdateHandler2.addDoc(DirectUpdateHandler2.java:164)
	at org.apache.solr.update.processor.RunUpdateProcessor.processAdd(RunUpdateProcessorFactory.java:69)
	at org.apache.solr.update.processor.UpdateRequestProcessor.processAdd(UpdateRequestProcessor.java:51)
	at org.apache.solr.update.processor.DistributedUpdateProcessor.doLocalAdd(DistributedUpdateProcessor.java:870)
	at org.apache.solr.update.processor.DistributedUpdateProcessor.versionAdd(DistributedUpdateProcessor.java:1024)
	at org.apache.solr.update.processor.DistributedUpdateProcessor.processAdd(DistributedUpdateProcessor.java:693)
	at org.apache.solr.update.processor.LogUpdateProcessor.processAdd(LogUpdateProcessorFactory.java:100)
	at org.apache.solr.handler.loader.XMLLoader.processUpdate(XMLLoader.java:247)
	at org.apache.solr.handler.loader.XMLLoader.load(XMLLoader.java:174)
	at org.apache.solr.handler.UpdateRequestHandler$1.load(UpdateRequestHandler.java:92)
	at org.apache.solr.handler.ContentStreamHandlerBase.handleRequestBody(ContentStreamHandlerBase.java:74)
	at org.apache.solr.handler.RequestHandlerBase.handleRequest(RequestHandlerBase.java:135)
	at org.apache.solr.core.SolrCore.execute(SolrCore.java:1962)
	at org.apache.solr.servlet.SolrDispatchFilter.execute(SolrDispatchFilter.java:777)
	at org.apache.solr.servlet.SolrDispatchFilter.doFilter(SolrDispatchFilter.java:418)
	at org.apache.solr.servlet.SolrDispatchFilter.doFilter(SolrDispatchFilter.java:207)
	at org.apache.catalina.core.ApplicationFilterChain.internalDoFilter(ApplicationFilterChain.java:239)
	at org.apache.catalina.core.ApplicationFilterChain.doFilter(ApplicationFilterChain.java:206)
	at org.apache.catalina.core.StandardWrapperValve.invoke(StandardWrapperValve.java:219)
	at org.apache.catalina.core.StandardContextValve.invoke(StandardContextValve.java:106)
	at org.apache.catalina.core.StandardHostValve.invoke(StandardHostValve.java:142)
	at org.apache.catalina.valves.ErrorReportValve.invoke(ErrorReportValve.java:79)
	at org.apache.catalina.valves.AbstractAccessLogValve.invoke(AbstractAccessLogValve.java:610)
	at org.apache.catalina.core.StandardEngineValve.invoke(StandardEngineValve.java:88)
	at org.apache.catalina.connector.CoyoteAdapter.service(CoyoteAdapter.java:534)
	at org.apache.coyote.http11.AbstractHttp11Processor.process(AbstractHttp11Processor.java:1081)
	at org.apache.coyote.AbstractProtocol$AbstractConnectionHandler.process(AbstractProtocol.java:658)
	at org.apache.coyote.http11.Http11NioProtocol$Http11ConnectionHandler.process(Http11NioProtocol.java:222)
	at org.apache.tomcat.util.net.NioEndpoint$SocketProcessor.doRun(NioEndpoint.java:1566)
	at org.apache.tomcat.util.net.NioEndpoint$SocketProcessor.run(NioEndpoint.java:1523)
	at java.util.concurrent.ThreadPoolExecutor.runWorker(ThreadPoolExecutor.java:1142)
	at java.util.concurrent.ThreadPoolExecutor$Worker.run(ThreadPoolExecutor.java:617)
	at org.apache.tomcat.util.threads.TaskThread$WrappingRunnable.run(TaskThread.java:61)
	at java.lang.Thread.run(Thread.java:745)

INFO  - 2015-01-31 19:16:12.196; org.apache.solr.update.processor.LogUpdateProcessor; [ProductsCoreThird] webapp=/migrossolr path=/update params={} {} 0 98
ERROR - 2015-01-31 19:16:12.196; org.apache.solr.common.SolrException; org.apache.solr.common.SolrException: ERROR: [doc=254188] unknown field 'shopCategoryId'
	at org.apache.solr.update.DocumentBuilder.toDocument(DocumentBuilder.java:174)
	at org.apache.solr.update.AddUpdateCommand.getLuceneDocument(AddUpdateCommand.java:77)
	at org.apache.solr.update.DirectUpdateHandler2.addDoc0(DirectUpdateHandler2.java:238)
	at org.apache.solr.update.DirectUpdateHandler2.addDoc(DirectUpdateHandler2.java:164)
	at org.apache.solr.update.processor.RunUpdateProcessor.processAdd(RunUpdateProcessorFactory.java:69)
	at org.apache.solr.update.processor.UpdateRequestProcessor.processAdd(UpdateRequestProcessor.java:51)
	at org.apache.solr.update.processor.DistributedUpdateProcessor.doLocalAdd(DistributedUpdateProcessor.java:870)
	at org.apache.solr.update.processor.DistributedUpdateProcessor.versionAdd(DistributedUpdateProcessor.java:1024)
	at org.apache.solr.update.processor.DistributedUpdateProcessor.processAdd(DistributedUpdateProcessor.java:693)
	at org.apache.solr.update.processor.LogUpdateProcessor.processAdd(LogUpdateProcessorFactory.java:100)
	at org.apache.solr.handler.loader.XMLLoader.processUpdate(XMLLoader.java:247)
	at org.apache.solr.handler.loader.XMLLoader.load(XMLLoader.java:174)
	at org.apache.solr.handler.UpdateRequestHandler$1.load(UpdateRequestHandler.java:92)
	at org.apache.solr.handler.ContentStreamHandlerBase.handleRequestBody(ContentStreamHandlerBase.java:74)
	at org.apache.solr.handler.RequestHandlerBase.handleRequest(RequestHandlerBase.java:135)
	at org.apache.solr.core.SolrCore.execute(SolrCore.java:1962)
	at org.apache.solr.servlet.SolrDispatchFilter.execute(SolrDispatchFilter.java:777)
	at org.apache.solr.servlet.SolrDispatchFilter.doFilter(SolrDispatchFilter.java:418)
	at org.apache.solr.servlet.SolrDispatchFilter.doFilter(SolrDispatchFilter.java:207)
	at org.apache.catalina.core.ApplicationFilterChain.internalDoFilter(ApplicationFilterChain.java:239)
	at org.apache.catalina.core.ApplicationFilterChain.doFilter(ApplicationFilterChain.java:206)
	at org.apache.catalina.core.StandardWrapperValve.invoke(StandardWrapperValve.java:219)
	at org.apache.catalina.core.StandardContextValve.invoke(StandardContextValve.java:106)
	at org.apache.catalina.core.StandardHostValve.invoke(StandardHostValve.java:142)
	at org.apache.catalina.valves.ErrorReportValve.invoke(ErrorReportValve.java:79)
	at org.apache.catalina.valves.AbstractAccessLogValve.invoke(AbstractAccessLogValve.java:610)
	at org.apache.catalina.core.StandardEngineValve.invoke(StandardEngineValve.java:88)
	at org.apache.catalina.connector.CoyoteAdapter.service(CoyoteAdapter.java:534)
	at org.apache.coyote.http11.AbstractHttp11Processor.process(AbstractHttp11Processor.java:1081)
	at org.apache.coyote.AbstractProtocol$AbstractConnectionHandler.process(AbstractProtocol.java:658)
	at org.apache.coyote.http11.Http11NioProtocol$Http11ConnectionHandler.process(Http11NioProtocol.java:222)
	at org.apache.tomcat.util.net.NioEndpoint$SocketProcessor.doRun(NioEndpoint.java:1566)
	at org.apache.tomcat.util.net.NioEndpoint$SocketProcessor.run(NioEndpoint.java:1523)
	at java.util.concurrent.ThreadPoolExecutor.runWorker(ThreadPoolExecutor.java:1142)
	at java.util.concurrent.ThreadPoolExecutor$Worker.run(ThreadPoolExecutor.java:617)
	at org.apache.tomcat.util.threads.TaskThread$WrappingRunnable.run(TaskThread.java:61)
	at java.lang.Thread.run(Thread.java:745)

INFO  - 2015-01-31 19:16:12.203; org.apache.solr.update.processor.LogUpdateProcessor; [ProductsCoreThird] webapp=/migrossolr path=/update params={} {} 0 141
ERROR - 2015-01-31 19:16:12.203; org.apache.solr.common.SolrException; org.apache.solr.common.SolrException: ERROR: [doc=363574] unknown field 'shopCategoryId'
	at org.apache.solr.update.DocumentBuilder.toDocument(DocumentBuilder.java:174)
	at org.apache.solr.update.AddUpdateCommand.getLuceneDocument(AddUpdateCommand.java:77)
	at org.apache.solr.update.DirectUpdateHandler2.addDoc0(DirectUpdateHandler2.java:238)
	at org.apache.solr.update.DirectUpdateHandler2.addDoc(DirectUpdateHandler2.java:164)
	at org.apache.solr.update.processor.RunUpdateProcessor.processAdd(RunUpdateProcessorFactory.java:69)
	at org.apache.solr.update.processor.UpdateRequestProcessor.processAdd(UpdateRequestProcessor.java:51)
	at org.apache.solr.update.processor.DistributedUpdateProcessor.doLocalAdd(DistributedUpdateProcessor.java:870)
	at org.apache.solr.update.processor.DistributedUpdateProcessor.versionAdd(DistributedUpdateProcessor.java:1024)
	at org.apache.solr.update.processor.DistributedUpdateProcessor.processAdd(DistributedUpdateProcessor.java:693)
	at org.apache.solr.update.processor.LogUpdateProcessor.processAdd(LogUpdateProcessorFactory.java:100)
	at org.apache.solr.handler.loader.XMLLoader.processUpdate(XMLLoader.java:247)
	at org.apache.solr.handler.loader.XMLLoader.load(XMLLoader.java:174)
	at org.apache.solr.handler.UpdateRequestHandler$1.load(UpdateRequestHandler.java:92)
	at org.apache.solr.handler.ContentStreamHandlerBase.handleRequestBody(ContentStreamHandlerBase.java:74)
	at org.apache.solr.handler.RequestHandlerBase.handleRequest(RequestHandlerBase.java:135)
	at org.apache.solr.core.SolrCore.execute(SolrCore.java:1962)
	at org.apache.solr.servlet.SolrDispatchFilter.execute(SolrDispatchFilter.java:777)
	at org.apache.solr.servlet.SolrDispatchFilter.doFilter(SolrDispatchFilter.java:418)
	at org.apache.solr.servlet.SolrDispatchFilter.doFilter(SolrDispatchFilter.java:207)
	at org.apache.catalina.core.ApplicationFilterChain.internalDoFilter(ApplicationFilterChain.java:239)
	at org.apache.catalina.core.ApplicationFilterChain.doFilter(ApplicationFilterChain.java:206)
	at org.apache.catalina.core.StandardWrapperValve.invoke(StandardWrapperValve.java:219)
	at org.apache.catalina.core.StandardContextValve.invoke(StandardContextValve.java:106)
	at org.apache.catalina.core.StandardHostValve.invoke(StandardHostValve.java:142)
	at org.apache.catalina.valves.ErrorReportValve.invoke(ErrorReportValve.java:79)
	at org.apache.catalina.valves.AbstractAccessLogValve.invoke(AbstractAccessLogValve.java:610)
	at org.apache.catalina.core.StandardEngineValve.invoke(StandardEngineValve.java:88)
	at org.apache.catalina.connector.CoyoteAdapter.service(CoyoteAdapter.java:534)
	at org.apache.coyote.http11.AbstractHttp11Processor.process(AbstractHttp11Processor.java:1081)
	at org.apache.coyote.AbstractProtocol$AbstractConnectionHandler.process(AbstractProtocol.java:658)
	at org.apache.coyote.http11.Http11NioProtocol$Http11ConnectionHandler.process(Http11NioProtocol.java:222)
	at org.apache.tomcat.util.net.NioEndpoint$SocketProcessor.doRun(NioEndpoint.java:1566)
	at org.apache.tomcat.util.net.NioEndpoint$SocketProcessor.run(NioEndpoint.java:1523)
	at java.util.concurrent.ThreadPoolExecutor.runWorker(ThreadPoolExecutor.java:1142)
	at java.util.concurrent.ThreadPoolExecutor$Worker.run(ThreadPoolExecutor.java:617)
	at org.apache.tomcat.util.threads.TaskThread$WrappingRunnable.run(TaskThread.java:61)
	at java.lang.Thread.run(Thread.java:745)

INFO  - 2015-01-31 19:16:12.209; org.apache.solr.update.processor.LogUpdateProcessor; [ProductsCoreThird] webapp=/migrossolr path=/update params={} {} 0 130
ERROR - 2015-01-31 19:16:12.210; org.apache.solr.common.SolrException; org.apache.solr.common.SolrException: ERROR: [doc=799623] unknown field 'shopCategoryId'
	at org.apache.solr.update.DocumentBuilder.toDocument(DocumentBuilder.java:174)
	at org.apache.solr.update.AddUpdateCommand.getLuceneDocument(AddUpdateCommand.java:77)
	at org.apache.solr.update.DirectUpdateHandler2.addDoc0(DirectUpdateHandler2.java:238)
	at org.apache.solr.update.DirectUpdateHandler2.addDoc(DirectUpdateHandler2.java:164)
	at org.apache.solr.update.processor.RunUpdateProcessor.processAdd(RunUpdateProcessorFactory.java:69)
	at org.apache.solr.update.processor.UpdateRequestProcessor.processAdd(UpdateRequestProcessor.java:51)
	at org.apache.solr.update.processor.DistributedUpdateProcessor.doLocalAdd(DistributedUpdateProcessor.java:870)
	at org.apache.solr.update.processor.DistributedUpdateProcessor.versionAdd(DistributedUpdateProcessor.java:1024)
	at org.apache.solr.update.processor.DistributedUpdateProcessor.processAdd(DistributedUpdateProcessor.java:693)
	at org.apache.solr.update.processor.LogUpdateProcessor.processAdd(LogUpdateProcessorFactory.java:100)
	at org.apache.solr.handler.loader.XMLLoader.processUpdate(XMLLoader.java:247)
	at org.apache.solr.handler.loader.XMLLoader.load(XMLLoader.java:174)
	at org.apache.solr.handler.UpdateRequestHandler$1.load(UpdateRequestHandler.java:92)
	at org.apache.solr.handler.ContentStreamHandlerBase.handleRequestBody(ContentStreamHandlerBase.java:74)
	at org.apache.solr.handler.RequestHandlerBase.handleRequest(RequestHandlerBase.java:135)
	at org.apache.solr.core.SolrCore.execute(SolrCore.java:1962)
	at org.apache.solr.servlet.SolrDispatchFilter.execute(SolrDispatchFilter.java:777)
	at org.apache.solr.servlet.SolrDispatchFilter.doFilter(SolrDispatchFilter.java:418)
	at org.apache.solr.servlet.SolrDispatchFilter.doFilter(SolrDispatchFilter.java:207)
	at org.apache.catalina.core.ApplicationFilterChain.internalDoFilter(ApplicationFilterChain.java:239)
	at org.apache.catalina.core.ApplicationFilterChain.doFilter(ApplicationFilterChain.java:206)
	at org.apache.catalina.core.StandardWrapperValve.invoke(StandardWrapperValve.java:219)
	at org.apache.catalina.core.StandardContextValve.invoke(StandardContextValve.java:106)
	at org.apache.catalina.core.StandardHostValve.invoke(StandardHostValve.java:142)
	at org.apache.catalina.valves.ErrorReportValve.invoke(ErrorReportValve.java:79)
	at org.apache.catalina.valves.AbstractAccessLogValve.invoke(AbstractAccessLogValve.java:610)
	at org.apache.catalina.core.StandardEngineValve.invoke(StandardEngineValve.java:88)
	at org.apache.catalina.connector.CoyoteAdapter.service(CoyoteAdapter.java:534)
	at org.apache.coyote.http11.AbstractHttp11Processor.process(AbstractHttp11Processor.java:1081)
	at org.apache.coyote.AbstractProtocol$AbstractConnectionHandler.process(AbstractProtocol.java:658)
	at org.apache.coyote.http11.Http11NioProtocol$Http11ConnectionHandler.process(Http11NioProtocol.java:222)
	at org.apache.tomcat.util.net.NioEndpoint$SocketProcessor.doRun(NioEndpoint.java:1566)
	at org.apache.tomcat.util.net.NioEndpoint$SocketProcessor.run(NioEndpoint.java:1523)
	at java.util.concurrent.ThreadPoolExecutor.runWorker(ThreadPoolExecutor.java:1142)
	at java.util.concurrent.ThreadPoolExecutor$Worker.run(ThreadPoolExecutor.java:617)
	at org.apache.tomcat.util.threads.TaskThread$WrappingRunnable.run(TaskThread.java:61)
	at java.lang.Thread.run(Thread.java:745)

INFO  - 2015-01-31 19:16:12.270; org.apache.solr.update.processor.LogUpdateProcessor; [ProductsCoreThird] webapp=/migrossolr path=/update params={} {add=[820662 (1491842390680403969)]} 0 208
ERROR - 2015-01-31 19:16:12.270; org.apache.solr.common.SolrException; org.apache.solr.common.SolrException: ERROR: [doc=821993] unknown field 'shopCategoryId'
	at org.apache.solr.update.DocumentBuilder.toDocument(DocumentBuilder.java:174)
	at org.apache.solr.update.AddUpdateCommand.getLuceneDocument(AddUpdateCommand.java:77)
	at org.apache.solr.update.DirectUpdateHandler2.addDoc0(DirectUpdateHandler2.java:238)
	at org.apache.solr.update.DirectUpdateHandler2.addDoc(DirectUpdateHandler2.java:164)
	at org.apache.solr.update.processor.RunUpdateProcessor.processAdd(RunUpdateProcessorFactory.java:69)
	at org.apache.solr.update.processor.UpdateRequestProcessor.processAdd(UpdateRequestProcessor.java:51)
	at org.apache.solr.update.processor.DistributedUpdateProcessor.doLocalAdd(DistributedUpdateProcessor.java:870)
	at org.apache.solr.update.processor.DistributedUpdateProcessor.versionAdd(DistributedUpdateProcessor.java:1024)
	at org.apache.solr.update.processor.DistributedUpdateProcessor.processAdd(DistributedUpdateProcessor.java:693)
	at org.apache.solr.update.processor.LogUpdateProcessor.processAdd(LogUpdateProcessorFactory.java:100)
	at org.apache.solr.handler.loader.XMLLoader.processUpdate(XMLLoader.java:247)
	at org.apache.solr.handler.loader.XMLLoader.load(XMLLoader.java:174)
	at org.apache.solr.handler.UpdateRequestHandler$1.load(UpdateRequestHandler.java:92)
	at org.apache.solr.handler.ContentStreamHandlerBase.handleRequestBody(ContentStreamHandlerBase.java:74)
	at org.apache.solr.handler.RequestHandlerBase.handleRequest(RequestHandlerBase.java:135)
	at org.apache.solr.core.SolrCore.execute(SolrCore.java:1962)
	at org.apache.solr.servlet.SolrDispatchFilter.execute(SolrDispatchFilter.java:777)
	at org.apache.solr.servlet.SolrDispatchFilter.doFilter(SolrDispatchFilter.java:418)
	at org.apache.solr.servlet.SolrDispatchFilter.doFilter(SolrDispatchFilter.java:207)
	at org.apache.catalina.core.ApplicationFilterChain.internalDoFilter(ApplicationFilterChain.java:239)
	at org.apache.catalina.core.ApplicationFilterChain.doFilter(ApplicationFilterChain.java:206)
	at org.apache.catalina.core.StandardWrapperValve.invoke(StandardWrapperValve.java:219)
	at org.apache.catalina.core.StandardContextValve.invoke(StandardContextValve.java:106)
	at org.apache.catalina.core.StandardHostValve.invoke(StandardHostValve.java:142)
	at org.apache.catalina.valves.ErrorReportValve.invoke(ErrorReportValve.java:79)
	at org.apache.catalina.valves.AbstractAccessLogValve.invoke(AbstractAccessLogValve.java:610)
	at org.apache.catalina.core.StandardEngineValve.invoke(StandardEngineValve.java:88)
	at org.apache.catalina.connector.CoyoteAdapter.service(CoyoteAdapter.java:534)
	at org.apache.coyote.http11.AbstractHttp11Processor.process(AbstractHttp11Processor.java:1081)
	at org.apache.coyote.AbstractProtocol$AbstractConnectionHandler.process(AbstractProtocol.java:658)
	at org.apache.coyote.http11.Http11NioProtocol$Http11ConnectionHandler.process(Http11NioProtocol.java:222)
	at org.apache.tomcat.util.net.NioEndpoint$SocketProcessor.doRun(NioEndpoint.java:1566)
	at org.apache.tomcat.util.net.NioEndpoint$SocketProcessor.run(NioEndpoint.java:1523)
	at java.util.concurrent.ThreadPoolExecutor.runWorker(ThreadPoolExecutor.java:1142)
	at java.util.concurrent.ThreadPoolExecutor$Worker.run(ThreadPoolExecutor.java:617)
	at org.apache.tomcat.util.threads.TaskThread$WrappingRunnable.run(TaskThread.java:61)
	at java.lang.Thread.run(Thread.java:745)

INFO  - 2015-01-31 19:16:12.314; org.apache.solr.update.DirectUpdateHandler2; start commit{,optimize=false,openSearcher=true,waitSearcher=true,expungeDeletes=false,softCommit=true,prepareCommit=false}
INFO  - 2015-01-31 19:16:12.314; org.apache.solr.update.DirectUpdateHandler2; start commit{,optimize=false,openSearcher=true,waitSearcher=true,expungeDeletes=false,softCommit=true,prepareCommit=false}
INFO  - 2015-01-31 19:16:12.314; org.apache.solr.update.DirectUpdateHandler2; start commit{,optimize=false,openSearcher=true,waitSearcher=true,expungeDeletes=false,softCommit=true,prepareCommit=false}
INFO  - 2015-01-31 19:16:12.316; org.apache.solr.update.DirectUpdateHandler2; start commit{,optimize=false,openSearcher=true,waitSearcher=true,expungeDeletes=false,softCommit=true,prepareCommit=false}
INFO  - 2015-01-31 19:16:12.314; org.apache.solr.update.DirectUpdateHandler2; start commit{,optimize=false,openSearcher=true,waitSearcher=true,expungeDeletes=false,softCommit=true,prepareCommit=false}
INFO  - 2015-01-31 19:16:12.316; org.apache.solr.update.DirectUpdateHandler2; start commit{,optimize=false,openSearcher=true,waitSearcher=true,expungeDeletes=false,softCommit=true,prepareCommit=false}
INFO  - 2015-01-31 19:16:12.320; org.apache.solr.update.DirectUpdateHandler2; start commit{,optimize=false,openSearcher=true,waitSearcher=true,expungeDeletes=false,softCommit=true,prepareCommit=false}
INFO  - 2015-01-31 19:16:12.331; org.apache.solr.update.DirectUpdateHandler2; start commit{,optimize=false,openSearcher=true,waitSearcher=true,expungeDeletes=false,softCommit=true,prepareCommit=false}
INFO  - 2015-01-31 19:16:12.331; org.apache.solr.update.DirectUpdateHandler2; start commit{,optimize=false,openSearcher=true,waitSearcher=true,expungeDeletes=false,softCommit=true,prepareCommit=false}
INFO  - 2015-01-31 19:16:12.335; org.apache.solr.update.DirectUpdateHandler2; start commit{,optimize=false,openSearcher=true,waitSearcher=true,expungeDeletes=false,softCommit=true,prepareCommit=false}
INFO  - 2015-01-31 19:16:12.338; org.apache.solr.update.DirectUpdateHandler2; start commit{,optimize=false,openSearcher=true,waitSearcher=true,expungeDeletes=false,softCommit=true,prepareCommit=false}
INFO  - 2015-01-31 19:16:12.338; org.apache.solr.update.DirectUpdateHandler2; start commit{,optimize=false,openSearcher=true,waitSearcher=true,expungeDeletes=false,softCommit=true,prepareCommit=false}
INFO  - 2015-01-31 19:16:12.338; org.apache.solr.update.DirectUpdateHandler2; start commit{,optimize=false,openSearcher=true,waitSearcher=true,expungeDeletes=false,softCommit=true,prepareCommit=false}
INFO  - 2015-01-31 19:16:12.340; org.apache.solr.update.DirectUpdateHandler2; start commit{,optimize=false,openSearcher=true,waitSearcher=true,expungeDeletes=false,softCommit=true,prepareCommit=false}
INFO  - 2015-01-31 19:16:12.341; org.apache.solr.update.DirectUpdateHandler2; start commit{,optimize=false,openSearcher=true,waitSearcher=true,expungeDeletes=false,softCommit=true,prepareCommit=false}
INFO  - 2015-01-31 19:16:12.343; org.apache.solr.update.DirectUpdateHandler2; start commit{,optimize=false,openSearcher=true,waitSearcher=true,expungeDeletes=false,softCommit=true,prepareCommit=false}
INFO  - 2015-01-31 19:16:12.345; org.apache.solr.update.DirectUpdateHandler2; start commit{,optimize=false,openSearcher=true,waitSearcher=true,expungeDeletes=false,softCommit=true,prepareCommit=false}
INFO  - 2015-01-31 19:16:12.345; org.apache.solr.update.DirectUpdateHandler2; start commit{,optimize=false,openSearcher=true,waitSearcher=true,expungeDeletes=false,softCommit=true,prepareCommit=false}
INFO  - 2015-01-31 19:16:12.345; org.apache.solr.update.DirectUpdateHandler2; start commit{,optimize=false,openSearcher=true,waitSearcher=true,expungeDeletes=false,softCommit=true,prepareCommit=false}
INFO  - 2015-01-31 19:16:12.346; org.apache.solr.update.DirectUpdateHandler2; start commit{,optimize=false,openSearcher=true,waitSearcher=true,expungeDeletes=false,softCommit=true,prepareCommit=false}
INFO  - 2015-01-31 19:16:12.355; org.apache.solr.update.DirectUpdateHandler2; start commit{,optimize=false,openSearcher=true,waitSearcher=true,expungeDeletes=false,softCommit=true,prepareCommit=false}
INFO  - 2015-01-31 19:16:12.357; org.apache.solr.update.DirectUpdateHandler2; start commit{,optimize=false,openSearcher=true,waitSearcher=true,expungeDeletes=false,softCommit=true,prepareCommit=false}
INFO  - 2015-01-31 19:16:12.363; org.apache.solr.update.DirectUpdateHandler2; start commit{,optimize=false,openSearcher=true,waitSearcher=true,expungeDeletes=false,softCommit=true,prepareCommit=false}
INFO  - 2015-01-31 19:16:12.366; org.apache.solr.search.SolrIndexSearcher; Opening Searcher@6ce06cc[ProductsCoreThird] main
INFO  - 2015-01-31 19:16:12.368; org.apache.solr.update.DirectUpdateHandler2; end_commit_flush
WARN  - 2015-01-31 19:16:12.369; org.apache.solr.core.SolrCore; [ProductsCoreThird] PERFORMANCE WARNING: Overlapping onDeckSearchers=2
INFO  - 2015-01-31 19:16:12.369; org.apache.solr.core.SolrCore; SolrIndexSearcher has not changed - not re-opening: org.apache.solr.search.SolrIndexSearcher
INFO  - 2015-01-31 19:16:12.369; org.apache.solr.update.DirectUpdateHandler2; end_commit_flush
WARN  - 2015-01-31 19:16:12.369; org.apache.solr.core.SolrCore; [ProductsCoreThird] Error opening new searcher. exceeded limit of maxWarmingSearchers=2, try again later.
WARN  - 2015-01-31 19:16:12.370; org.apache.solr.core.SolrCore; [ProductsCoreThird] Error opening new searcher. exceeded limit of maxWarmingSearchers=2, try again later.
INFO  - 2015-01-31 19:16:12.370; org.apache.solr.core.QuerySenderListener; QuerySenderListener sending requests to Searcher@6ce06cc[ProductsCoreThird] main{StandardDirectoryReader(segments_1:3:nrt _0(4.9):C1)}
INFO  - 2015-01-31 19:16:12.370; org.apache.solr.core.QuerySenderListener; QuerySenderListener done.
INFO  - 2015-01-31 19:16:12.370; org.apache.solr.handler.component.SpellCheckComponent$SpellCheckerListener; Building spell index for spell checker: suggestDictionary
INFO  - 2015-01-31 19:16:12.370; org.apache.solr.spelling.suggest.Suggester; build()
INFO  - 2015-01-31 19:16:12.370; org.apache.solr.update.processor.LogUpdateProcessor; [ProductsCoreThird] webapp=/migrossolr path=/update params={softCommit=true} {} 0 13
WARN  - 2015-01-31 19:16:12.370; org.apache.solr.core.SolrCore; [ProductsCoreThird] Error opening new searcher. exceeded limit of maxWarmingSearchers=2, try again later.
INFO  - 2015-01-31 19:16:12.370; org.apache.solr.update.processor.LogUpdateProcessor; [ProductsCoreThird] webapp=/migrossolr path=/update params={softCommit=true} {} 0 15
INFO  - 2015-01-31 19:16:12.371; org.apache.solr.update.processor.LogUpdateProcessor; [ProductsCoreThird] webapp=/migrossolr path=/update params={softCommit=true} {} 0 25
ERROR - 2015-01-31 19:16:12.371; org.apache.solr.common.SolrException; org.apache.solr.common.SolrException: Error opening new searcher. exceeded limit of maxWarmingSearchers=2, try again later.
	at org.apache.solr.core.SolrCore.getSearcher(SolrCore.java:1658)
	at org.apache.solr.update.DirectUpdateHandler2.commit(DirectUpdateHandler2.java:607)
	at org.apache.solr.update.processor.RunUpdateProcessor.processCommit(RunUpdateProcessorFactory.java:95)
	at org.apache.solr.update.processor.UpdateRequestProcessor.processCommit(UpdateRequestProcessor.java:64)
	at org.apache.solr.update.processor.DistributedUpdateProcessor.doLocalCommit(DistributedUpdateProcessor.java:1652)
	at org.apache.solr.update.processor.DistributedUpdateProcessor.processCommit(DistributedUpdateProcessor.java:1629)
	at org.apache.solr.update.processor.LogUpdateProcessor.processCommit(LogUpdateProcessorFactory.java:157)
	at org.apache.solr.handler.RequestHandlerUtils.handleCommit(RequestHandlerUtils.java:69)
	at org.apache.solr.handler.ContentStreamHandlerBase.handleRequestBody(ContentStreamHandlerBase.java:68)
	at org.apache.solr.handler.RequestHandlerBase.handleRequest(RequestHandlerBase.java:135)
	at org.apache.solr.core.SolrCore.execute(SolrCore.java:1962)
	at org.apache.solr.servlet.SolrDispatchFilter.execute(SolrDispatchFilter.java:777)
	at org.apache.solr.servlet.SolrDispatchFilter.doFilter(SolrDispatchFilter.java:418)
	at org.apache.solr.servlet.SolrDispatchFilter.doFilter(SolrDispatchFilter.java:207)
	at org.apache.catalina.core.ApplicationFilterChain.internalDoFilter(ApplicationFilterChain.java:239)
	at org.apache.catalina.core.ApplicationFilterChain.doFilter(ApplicationFilterChain.java:206)
	at org.apache.catalina.core.StandardWrapperValve.invoke(StandardWrapperValve.java:219)
	at org.apache.catalina.core.StandardContextValve.invoke(StandardContextValve.java:106)
	at org.apache.catalina.core.StandardHostValve.invoke(StandardHostValve.java:142)
	at org.apache.catalina.valves.ErrorReportValve.invoke(ErrorReportValve.java:79)
	at org.apache.catalina.valves.AbstractAccessLogValve.invoke(AbstractAccessLogValve.java:610)
	at org.apache.catalina.core.StandardEngineValve.invoke(StandardEngineValve.java:88)
	at org.apache.catalina.connector.CoyoteAdapter.service(CoyoteAdapter.java:534)
	at org.apache.coyote.http11.AbstractHttp11Processor.process(AbstractHttp11Processor.java:1081)
	at org.apache.coyote.AbstractProtocol$AbstractConnectionHandler.process(AbstractProtocol.java:658)
	at org.apache.coyote.http11.Http11NioProtocol$Http11ConnectionHandler.process(Http11NioProtocol.java:222)
	at org.apache.tomcat.util.net.NioEndpoint$SocketProcessor.doRun(NioEndpoint.java:1566)
	at org.apache.tomcat.util.net.NioEndpoint$SocketProcessor.run(NioEndpoint.java:1523)
	at java.util.concurrent.ThreadPoolExecutor.runWorker(ThreadPoolExecutor.java:1142)
	at java.util.concurrent.ThreadPoolExecutor$Worker.run(ThreadPoolExecutor.java:617)
	at org.apache.tomcat.util.threads.TaskThread$WrappingRunnable.run(TaskThread.java:61)
	at java.lang.Thread.run(Thread.java:745)

WARN  - 2015-01-31 19:16:12.371; org.apache.solr.core.SolrCore; [ProductsCoreThird] Error opening new searcher. exceeded limit of maxWarmingSearchers=2, try again later.
ERROR - 2015-01-31 19:16:12.371; org.apache.solr.common.SolrException; org.apache.solr.common.SolrException: Error opening new searcher. exceeded limit of maxWarmingSearchers=2, try again later.
	at org.apache.solr.core.SolrCore.getSearcher(SolrCore.java:1658)
	at org.apache.solr.update.DirectUpdateHandler2.commit(DirectUpdateHandler2.java:607)
	at org.apache.solr.update.processor.RunUpdateProcessor.processCommit(RunUpdateProcessorFactory.java:95)
	at org.apache.solr.update.processor.UpdateRequestProcessor.processCommit(UpdateRequestProcessor.java:64)
	at org.apache.solr.update.processor.DistributedUpdateProcessor.doLocalCommit(DistributedUpdateProcessor.java:1652)
	at org.apache.solr.update.processor.DistributedUpdateProcessor.processCommit(DistributedUpdateProcessor.java:1629)
	at org.apache.solr.update.processor.LogUpdateProcessor.processCommit(LogUpdateProcessorFactory.java:157)
	at org.apache.solr.handler.RequestHandlerUtils.handleCommit(RequestHandlerUtils.java:69)
	at org.apache.solr.handler.ContentStreamHandlerBase.handleRequestBody(ContentStreamHandlerBase.java:68)
	at org.apache.solr.handler.RequestHandlerBase.handleRequest(RequestHandlerBase.java:135)
	at org.apache.solr.core.SolrCore.execute(SolrCore.java:1962)
	at org.apache.solr.servlet.SolrDispatchFilter.execute(SolrDispatchFilter.java:777)
	at org.apache.solr.servlet.SolrDispatchFilter.doFilter(SolrDispatchFilter.java:418)
	at org.apache.solr.servlet.SolrDispatchFilter.doFilter(SolrDispatchFilter.java:207)
	at org.apache.catalina.core.ApplicationFilterChain.internalDoFilter(ApplicationFilterChain.java:239)
	at org.apache.catalina.core.ApplicationFilterChain.doFilter(ApplicationFilterChain.java:206)
	at org.apache.catalina.core.StandardWrapperValve.invoke(StandardWrapperValve.java:219)
	at org.apache.catalina.core.StandardContextValve.invoke(StandardContextValve.java:106)
	at org.apache.catalina.core.StandardHostValve.invoke(StandardHostValve.java:142)
	at org.apache.catalina.valves.ErrorReportValve.invoke(ErrorReportValve.java:79)
	at org.apache.catalina.valves.AbstractAccessLogValve.invoke(AbstractAccessLogValve.java:610)
	at org.apache.catalina.core.StandardEngineValve.invoke(StandardEngineValve.java:88)
	at org.apache.catalina.connector.CoyoteAdapter.service(CoyoteAdapter.java:534)
	at org.apache.coyote.http11.AbstractHttp11Processor.process(AbstractHttp11Processor.java:1081)
	at org.apache.coyote.AbstractProtocol$AbstractConnectionHandler.process(AbstractProtocol.java:658)
	at org.apache.coyote.http11.Http11NioProtocol$Http11ConnectionHandler.process(Http11NioProtocol.java:222)
	at org.apache.tomcat.util.net.NioEndpoint$SocketProcessor.doRun(NioEndpoint.java:1566)
	at org.apache.tomcat.util.net.NioEndpoint$SocketProcessor.run(NioEndpoint.java:1523)
	at java.util.concurrent.ThreadPoolExecutor.runWorker(ThreadPoolExecutor.java:1142)
	at java.util.concurrent.ThreadPoolExecutor$Worker.run(ThreadPoolExecutor.java:617)
	at org.apache.tomcat.util.threads.TaskThread$WrappingRunnable.run(TaskThread.java:61)
	at java.lang.Thread.run(Thread.java:745)

INFO  - 2015-01-31 19:16:12.373; org.apache.solr.update.DirectUpdateHandler2; start commit{,optimize=false,openSearcher=true,waitSearcher=true,expungeDeletes=false,softCommit=true,prepareCommit=false}
INFO  - 2015-01-31 19:16:12.373; org.apache.solr.update.processor.LogUpdateProcessor; [ProductsCoreThird] webapp=/migrossolr path=/update params={softCommit=true} {} 0 28
WARN  - 2015-01-31 19:16:12.373; org.apache.solr.core.SolrCore; [ProductsCoreThird] Error opening new searcher. exceeded limit of maxWarmingSearchers=2, try again later.
ERROR - 2015-01-31 19:16:12.371; org.apache.solr.common.SolrException; org.apache.solr.common.SolrException: Error opening new searcher. exceeded limit of maxWarmingSearchers=2, try again later.
	at org.apache.solr.core.SolrCore.getSearcher(SolrCore.java:1658)
	at org.apache.solr.update.DirectUpdateHandler2.commit(DirectUpdateHandler2.java:607)
	at org.apache.solr.update.processor.RunUpdateProcessor.processCommit(RunUpdateProcessorFactory.java:95)
	at org.apache.solr.update.processor.UpdateRequestProcessor.processCommit(UpdateRequestProcessor.java:64)
	at org.apache.solr.update.processor.DistributedUpdateProcessor.doLocalCommit(DistributedUpdateProcessor.java:1652)
	at org.apache.solr.update.processor.DistributedUpdateProcessor.processCommit(DistributedUpdateProcessor.java:1629)
	at org.apache.solr.update.processor.LogUpdateProcessor.processCommit(LogUpdateProcessorFactory.java:157)
	at org.apache.solr.handler.RequestHandlerUtils.handleCommit(RequestHandlerUtils.java:69)
	at org.apache.solr.handler.ContentStreamHandlerBase.handleRequestBody(ContentStreamHandlerBase.java:68)
	at org.apache.solr.handler.RequestHandlerBase.handleRequest(RequestHandlerBase.java:135)
	at org.apache.solr.core.SolrCore.execute(SolrCore.java:1962)
	at org.apache.solr.servlet.SolrDispatchFilter.execute(SolrDispatchFilter.java:777)
	at org.apache.solr.servlet.SolrDispatchFilter.doFilter(SolrDispatchFilter.java:418)
	at org.apache.solr.servlet.SolrDispatchFilter.doFilter(SolrDispatchFilter.java:207)
	at org.apache.catalina.core.ApplicationFilterChain.internalDoFilter(ApplicationFilterChain.java:239)
	at org.apache.catalina.core.ApplicationFilterChain.doFilter(ApplicationFilterChain.java:206)
	at org.apache.catalina.core.StandardWrapperValve.invoke(StandardWrapperValve.java:219)
	at org.apache.catalina.core.StandardContextValve.invoke(StandardContextValve.java:106)
	at org.apache.catalina.core.StandardHostValve.invoke(StandardHostValve.java:142)
	at org.apache.catalina.valves.ErrorReportValve.invoke(ErrorReportValve.java:79)
	at org.apache.catalina.valves.AbstractAccessLogValve.invoke(AbstractAccessLogValve.java:610)
	at org.apache.catalina.core.StandardEngineValve.invoke(StandardEngineValve.java:88)
	at org.apache.catalina.connector.CoyoteAdapter.service(CoyoteAdapter.java:534)
	at org.apache.coyote.http11.AbstractHttp11Processor.process(AbstractHttp11Processor.java:1081)
	at org.apache.coyote.AbstractProtocol$AbstractConnectionHandler.process(AbstractProtocol.java:658)
	at org.apache.coyote.http11.Http11NioProtocol$Http11ConnectionHandler.process(Http11NioProtocol.java:222)
	at org.apache.tomcat.util.net.NioEndpoint$SocketProcessor.doRun(NioEndpoint.java:1566)
	at org.apache.tomcat.util.net.NioEndpoint$SocketProcessor.run(NioEndpoint.java:1523)
	at java.util.concurrent.ThreadPoolExecutor.runWorker(ThreadPoolExecutor.java:1142)
	at java.util.concurrent.ThreadPoolExecutor$Worker.run(ThreadPoolExecutor.java:617)
	at org.apache.tomcat.util.threads.TaskThread$WrappingRunnable.run(TaskThread.java:61)
	at java.lang.Thread.run(Thread.java:745)

INFO  - 2015-01-31 19:16:12.374; org.apache.solr.update.processor.LogUpdateProcessor; [ProductsCoreThird] webapp=/migrossolr path=/update params={softCommit=true} {} 0 29
WARN  - 2015-01-31 19:16:12.374; org.apache.solr.core.SolrCore; [ProductsCoreThird] Error opening new searcher. exceeded limit of maxWarmingSearchers=2, try again later.
ERROR - 2015-01-31 19:16:12.374; org.apache.solr.common.SolrException; org.apache.solr.common.SolrException: Error opening new searcher. exceeded limit of maxWarmingSearchers=2, try again later.
	at org.apache.solr.core.SolrCore.getSearcher(SolrCore.java:1658)
	at org.apache.solr.update.DirectUpdateHandler2.commit(DirectUpdateHandler2.java:607)
	at org.apache.solr.update.processor.RunUpdateProcessor.processCommit(RunUpdateProcessorFactory.java:95)
	at org.apache.solr.update.processor.UpdateRequestProcessor.processCommit(UpdateRequestProcessor.java:64)
	at org.apache.solr.update.processor.DistributedUpdateProcessor.doLocalCommit(DistributedUpdateProcessor.java:1652)
	at org.apache.solr.update.processor.DistributedUpdateProcessor.processCommit(DistributedUpdateProcessor.java:1629)
	at org.apache.solr.update.processor.LogUpdateProcessor.processCommit(LogUpdateProcessorFactory.java:157)
	at org.apache.solr.handler.RequestHandlerUtils.handleCommit(RequestHandlerUtils.java:69)
	at org.apache.solr.handler.ContentStreamHandlerBase.handleRequestBody(ContentStreamHandlerBase.java:68)
	at org.apache.solr.handler.RequestHandlerBase.handleRequest(RequestHandlerBase.java:135)
	at org.apache.solr.core.SolrCore.execute(SolrCore.java:1962)
	at org.apache.solr.servlet.SolrDispatchFilter.execute(SolrDispatchFilter.java:777)
	at org.apache.solr.servlet.SolrDispatchFilter.doFilter(SolrDispatchFilter.java:418)
	at org.apache.solr.servlet.SolrDispatchFilter.doFilter(SolrDispatchFilter.java:207)
	at org.apache.catalina.core.ApplicationFilterChain.internalDoFilter(ApplicationFilterChain.java:239)
	at org.apache.catalina.core.ApplicationFilterChain.doFilter(ApplicationFilterChain.java:206)
	at org.apache.catalina.core.StandardWrapperValve.invoke(StandardWrapperValve.java:219)
	at org.apache.catalina.core.StandardContextValve.invoke(StandardContextValve.java:106)
	at org.apache.catalina.core.StandardHostValve.invoke(StandardHostValve.java:142)
	at org.apache.catalina.valves.ErrorReportValve.invoke(ErrorReportValve.java:79)
	at org.apache.catalina.valves.AbstractAccessLogValve.invoke(AbstractAccessLogValve.java:610)
	at org.apache.catalina.core.StandardEngineValve.invoke(StandardEngineValve.java:88)
	at org.apache.catalina.connector.CoyoteAdapter.service(CoyoteAdapter.java:534)
	at org.apache.coyote.http11.AbstractHttp11Processor.process(AbstractHttp11Processor.java:1081)
	at org.apache.coyote.AbstractProtocol$AbstractConnectionHandler.process(AbstractProtocol.java:658)
	at org.apache.coyote.http11.Http11NioProtocol$Http11ConnectionHandler.process(Http11NioProtocol.java:222)
	at org.apache.tomcat.util.net.NioEndpoint$SocketProcessor.doRun(NioEndpoint.java:1566)
	at org.apache.tomcat.util.net.NioEndpoint$SocketProcessor.run(NioEndpoint.java:1523)
	at java.util.concurrent.ThreadPoolExecutor.runWorker(ThreadPoolExecutor.java:1142)
	at java.util.concurrent.ThreadPoolExecutor$Worker.run(ThreadPoolExecutor.java:617)
	at org.apache.tomcat.util.threads.TaskThread$WrappingRunnable.run(TaskThread.java:61)
	at java.lang.Thread.run(Thread.java:745)

WARN  - 2015-01-31 19:16:12.376; org.apache.solr.core.SolrCore; [ProductsCoreThird] Error opening new searcher. exceeded limit of maxWarmingSearchers=2, try again later.
INFO  - 2015-01-31 19:16:12.376; org.apache.solr.update.processor.LogUpdateProcessor; [ProductsCoreThird] webapp=/migrossolr path=/update params={softCommit=true} {} 0 31
ERROR - 2015-01-31 19:16:12.376; org.apache.solr.common.SolrException; org.apache.solr.common.SolrException: Error opening new searcher. exceeded limit of maxWarmingSearchers=2, try again later.
	at org.apache.solr.core.SolrCore.getSearcher(SolrCore.java:1658)
	at org.apache.solr.update.DirectUpdateHandler2.commit(DirectUpdateHandler2.java:607)
	at org.apache.solr.update.processor.RunUpdateProcessor.processCommit(RunUpdateProcessorFactory.java:95)
	at org.apache.solr.update.processor.UpdateRequestProcessor.processCommit(UpdateRequestProcessor.java:64)
	at org.apache.solr.update.processor.DistributedUpdateProcessor.doLocalCommit(DistributedUpdateProcessor.java:1652)
	at org.apache.solr.update.processor.DistributedUpdateProcessor.processCommit(DistributedUpdateProcessor.java:1629)
	at org.apache.solr.update.processor.LogUpdateProcessor.processCommit(LogUpdateProcessorFactory.java:157)
	at org.apache.solr.handler.RequestHandlerUtils.handleCommit(RequestHandlerUtils.java:69)
	at org.apache.solr.handler.ContentStreamHandlerBase.handleRequestBody(ContentStreamHandlerBase.java:68)
	at org.apache.solr.handler.RequestHandlerBase.handleRequest(RequestHandlerBase.java:135)
	at org.apache.solr.core.SolrCore.execute(SolrCore.java:1962)
	at org.apache.solr.servlet.SolrDispatchFilter.execute(SolrDispatchFilter.java:777)
	at org.apache.solr.servlet.SolrDispatchFilter.doFilter(SolrDispatchFilter.java:418)
	at org.apache.solr.servlet.SolrDispatchFilter.doFilter(SolrDispatchFilter.java:207)
	at org.apache.catalina.core.ApplicationFilterChain.internalDoFilter(ApplicationFilterChain.java:239)
	at org.apache.catalina.core.ApplicationFilterChain.doFilter(ApplicationFilterChain.java:206)
	at org.apache.catalina.core.StandardWrapperValve.invoke(StandardWrapperValve.java:219)
	at org.apache.catalina.core.StandardContextValve.invoke(StandardContextValve.java:106)
	at org.apache.catalina.core.StandardHostValve.invoke(StandardHostValve.java:142)
	at org.apache.catalina.valves.ErrorReportValve.invoke(ErrorReportValve.java:79)
	at org.apache.catalina.valves.AbstractAccessLogValve.invoke(AbstractAccessLogValve.java:610)
	at org.apache.catalina.core.StandardEngineValve.invoke(StandardEngineValve.java:88)
	at org.apache.catalina.connector.CoyoteAdapter.service(CoyoteAdapter.java:534)
	at org.apache.coyote.http11.AbstractHttp11Processor.process(AbstractHttp11Processor.java:1081)
	at org.apache.coyote.AbstractProtocol$AbstractConnectionHandler.process(AbstractProtocol.java:658)
	at org.apache.coyote.http11.Http11NioProtocol$Http11ConnectionHandler.process(Http11NioProtocol.java:222)
	at org.apache.tomcat.util.net.NioEndpoint$SocketProcessor.doRun(NioEndpoint.java:1566)
	at org.apache.tomcat.util.net.NioEndpoint$SocketProcessor.run(NioEndpoint.java:1523)
	at java.util.concurrent.ThreadPoolExecutor.runWorker(ThreadPoolExecutor.java:1142)
	at java.util.concurrent.ThreadPoolExecutor$Worker.run(ThreadPoolExecutor.java:617)
	at org.apache.tomcat.util.threads.TaskThread$WrappingRunnable.run(TaskThread.java:61)
	at java.lang.Thread.run(Thread.java:745)

ERROR - 2015-01-31 19:16:12.378; org.apache.solr.common.SolrException; org.apache.solr.common.SolrException: Error opening new searcher. exceeded limit of maxWarmingSearchers=2, try again later.
	at org.apache.solr.core.SolrCore.getSearcher(SolrCore.java:1658)
	at org.apache.solr.update.DirectUpdateHandler2.commit(DirectUpdateHandler2.java:607)
	at org.apache.solr.update.processor.RunUpdateProcessor.processCommit(RunUpdateProcessorFactory.java:95)
	at org.apache.solr.update.processor.UpdateRequestProcessor.processCommit(UpdateRequestProcessor.java:64)
	at org.apache.solr.update.processor.DistributedUpdateProcessor.doLocalCommit(DistributedUpdateProcessor.java:1652)
	at org.apache.solr.update.processor.DistributedUpdateProcessor.processCommit(DistributedUpdateProcessor.java:1629)
	at org.apache.solr.update.processor.LogUpdateProcessor.processCommit(LogUpdateProcessorFactory.java:157)
	at org.apache.solr.handler.RequestHandlerUtils.handleCommit(RequestHandlerUtils.java:69)
	at org.apache.solr.handler.ContentStreamHandlerBase.handleRequestBody(ContentStreamHandlerBase.java:68)
	at org.apache.solr.handler.RequestHandlerBase.handleRequest(RequestHandlerBase.java:135)
	at org.apache.solr.core.SolrCore.execute(SolrCore.java:1962)
	at org.apache.solr.servlet.SolrDispatchFilter.execute(SolrDispatchFilter.java:777)
	at org.apache.solr.servlet.SolrDispatchFilter.doFilter(SolrDispatchFilter.java:418)
	at org.apache.solr.servlet.SolrDispatchFilter.doFilter(SolrDispatchFilter.java:207)
	at org.apache.catalina.core.ApplicationFilterChain.internalDoFilter(ApplicationFilterChain.java:239)
	at org.apache.catalina.core.ApplicationFilterChain.doFilter(ApplicationFilterChain.java:206)
	at org.apache.catalina.core.StandardWrapperValve.invoke(StandardWrapperValve.java:219)
	at org.apache.catalina.core.StandardContextValve.invoke(StandardContextValve.java:106)
	at org.apache.catalina.core.StandardHostValve.invoke(StandardHostValve.java:142)
	at org.apache.catalina.valves.ErrorReportValve.invoke(ErrorReportValve.java:79)
	at org.apache.catalina.valves.AbstractAccessLogValve.invoke(AbstractAccessLogValve.java:610)
	at org.apache.catalina.core.StandardEngineValve.invoke(StandardEngineValve.java:88)
	at org.apache.catalina.connector.CoyoteAdapter.service(CoyoteAdapter.java:534)
	at org.apache.coyote.http11.AbstractHttp11Processor.process(AbstractHttp11Processor.java:1081)
	at org.apache.coyote.AbstractProtocol$AbstractConnectionHandler.process(AbstractProtocol.java:658)
	at org.apache.coyote.http11.Http11NioProtocol$Http11ConnectionHandler.process(Http11NioProtocol.java:222)
	at org.apache.tomcat.util.net.NioEndpoint$SocketProcessor.doRun(NioEndpoint.java:1566)
	at org.apache.tomcat.util.net.NioEndpoint$SocketProcessor.run(NioEndpoint.java:1523)
	at java.util.concurrent.ThreadPoolExecutor.runWorker(ThreadPoolExecutor.java:1142)
	at java.util.concurrent.ThreadPoolExecutor$Worker.run(ThreadPoolExecutor.java:617)
	at org.apache.tomcat.util.threads.TaskThread$WrappingRunnable.run(TaskThread.java:61)
	at java.lang.Thread.run(Thread.java:745)

WARN  - 2015-01-31 19:16:12.377; org.apache.solr.core.SolrCore; [ProductsCoreThird] Error opening new searcher. exceeded limit of maxWarmingSearchers=2, try again later.
INFO  - 2015-01-31 19:16:12.377; org.apache.solr.update.processor.LogUpdateProcessor; [ProductsCoreThird] webapp=/migrossolr path=/update params={softCommit=true} {} 0 34
WARN  - 2015-01-31 19:16:12.379; org.apache.solr.core.SolrCore; [ProductsCoreThird] Error opening new searcher. exceeded limit of maxWarmingSearchers=2, try again later.
INFO  - 2015-01-31 19:16:12.379; org.apache.solr.update.processor.LogUpdateProcessor; [ProductsCoreThird] webapp=/migrossolr path=/update params={softCommit=true} {} 0 38
INFO  - 2015-01-31 19:16:12.380; org.apache.solr.update.processor.LogUpdateProcessor; [ProductsCoreThird] webapp=/migrossolr path=/update params={softCommit=true} {} 0 40
ERROR - 2015-01-31 19:16:12.380; org.apache.solr.common.SolrException; org.apache.solr.common.SolrException: Error opening new searcher. exceeded limit of maxWarmingSearchers=2, try again later.
	at org.apache.solr.core.SolrCore.getSearcher(SolrCore.java:1658)
	at org.apache.solr.update.DirectUpdateHandler2.commit(DirectUpdateHandler2.java:607)
	at org.apache.solr.update.processor.RunUpdateProcessor.processCommit(RunUpdateProcessorFactory.java:95)
	at org.apache.solr.update.processor.UpdateRequestProcessor.processCommit(UpdateRequestProcessor.java:64)
	at org.apache.solr.update.processor.DistributedUpdateProcessor.doLocalCommit(DistributedUpdateProcessor.java:1652)
	at org.apache.solr.update.processor.DistributedUpdateProcessor.processCommit(DistributedUpdateProcessor.java:1629)
	at org.apache.solr.update.processor.LogUpdateProcessor.processCommit(LogUpdateProcessorFactory.java:157)
	at org.apache.solr.handler.RequestHandlerUtils.handleCommit(RequestHandlerUtils.java:69)
	at org.apache.solr.handler.ContentStreamHandlerBase.handleRequestBody(ContentStreamHandlerBase.java:68)
	at org.apache.solr.handler.RequestHandlerBase.handleRequest(RequestHandlerBase.java:135)
	at org.apache.solr.core.SolrCore.execute(SolrCore.java:1962)
	at org.apache.solr.servlet.SolrDispatchFilter.execute(SolrDispatchFilter.java:777)
	at org.apache.solr.servlet.SolrDispatchFilter.doFilter(SolrDispatchFilter.java:418)
	at org.apache.solr.servlet.SolrDispatchFilter.doFilter(SolrDispatchFilter.java:207)
	at org.apache.catalina.core.ApplicationFilterChain.internalDoFilter(ApplicationFilterChain.java:239)
	at org.apache.catalina.core.ApplicationFilterChain.doFilter(ApplicationFilterChain.java:206)
	at org.apache.catalina.core.StandardWrapperValve.invoke(StandardWrapperValve.java:219)
	at org.apache.catalina.core.StandardContextValve.invoke(StandardContextValve.java:106)
	at org.apache.catalina.core.StandardHostValve.invoke(StandardHostValve.java:142)
	at org.apache.catalina.valves.ErrorReportValve.invoke(ErrorReportValve.java:79)
	at org.apache.catalina.valves.AbstractAccessLogValve.invoke(AbstractAccessLogValve.java:610)
	at org.apache.catalina.core.StandardEngineValve.invoke(StandardEngineValve.java:88)
	at org.apache.catalina.connector.CoyoteAdapter.service(CoyoteAdapter.java:534)
	at org.apache.coyote.http11.AbstractHttp11Processor.process(AbstractHttp11Processor.java:1081)
	at org.apache.coyote.AbstractProtocol$AbstractConnectionHandler.process(AbstractProtocol.java:658)
	at org.apache.coyote.http11.Http11NioProtocol$Http11ConnectionHandler.process(Http11NioProtocol.java:222)
	at org.apache.tomcat.util.net.NioEndpoint$SocketProcessor.doRun(NioEndpoint.java:1566)
	at org.apache.tomcat.util.net.NioEndpoint$SocketProcessor.run(NioEndpoint.java:1523)
	at java.util.concurrent.ThreadPoolExecutor.runWorker(ThreadPoolExecutor.java:1142)
	at java.util.concurrent.ThreadPoolExecutor$Worker.run(ThreadPoolExecutor.java:617)
	at org.apache.tomcat.util.threads.TaskThread$WrappingRunnable.run(TaskThread.java:61)
	at java.lang.Thread.run(Thread.java:745)

ERROR - 2015-01-31 19:16:12.381; org.apache.solr.common.SolrException; org.apache.solr.common.SolrException: Error opening new searcher. exceeded limit of maxWarmingSearchers=2, try again later.
	at org.apache.solr.core.SolrCore.getSearcher(SolrCore.java:1658)
	at org.apache.solr.update.DirectUpdateHandler2.commit(DirectUpdateHandler2.java:607)
	at org.apache.solr.update.processor.RunUpdateProcessor.processCommit(RunUpdateProcessorFactory.java:95)
	at org.apache.solr.update.processor.UpdateRequestProcessor.processCommit(UpdateRequestProcessor.java:64)
	at org.apache.solr.update.processor.DistributedUpdateProcessor.doLocalCommit(DistributedUpdateProcessor.java:1652)
	at org.apache.solr.update.processor.DistributedUpdateProcessor.processCommit(DistributedUpdateProcessor.java:1629)
	at org.apache.solr.update.processor.LogUpdateProcessor.processCommit(LogUpdateProcessorFactory.java:157)
	at org.apache.solr.handler.RequestHandlerUtils.handleCommit(RequestHandlerUtils.java:69)
	at org.apache.solr.handler.ContentStreamHandlerBase.handleRequestBody(ContentStreamHandlerBase.java:68)
	at org.apache.solr.handler.RequestHandlerBase.handleRequest(RequestHandlerBase.java:135)
	at org.apache.solr.core.SolrCore.execute(SolrCore.java:1962)
	at org.apache.solr.servlet.SolrDispatchFilter.execute(SolrDispatchFilter.java:777)
	at org.apache.solr.servlet.SolrDispatchFilter.doFilter(SolrDispatchFilter.java:418)
	at org.apache.solr.servlet.SolrDispatchFilter.doFilter(SolrDispatchFilter.java:207)
	at org.apache.catalina.core.ApplicationFilterChain.internalDoFilter(ApplicationFilterChain.java:239)
	at org.apache.catalina.core.ApplicationFilterChain.doFilter(ApplicationFilterChain.java:206)
	at org.apache.catalina.core.StandardWrapperValve.invoke(StandardWrapperValve.java:219)
	at org.apache.catalina.core.StandardContextValve.invoke(StandardContextValve.java:106)
	at org.apache.catalina.core.StandardHostValve.invoke(StandardHostValve.java:142)
	at org.apache.catalina.valves.ErrorReportValve.invoke(ErrorReportValve.java:79)
	at org.apache.catalina.valves.AbstractAccessLogValve.invoke(AbstractAccessLogValve.java:610)
	at org.apache.catalina.core.StandardEngineValve.invoke(StandardEngineValve.java:88)
	at org.apache.catalina.connector.CoyoteAdapter.service(CoyoteAdapter.java:534)
	at org.apache.coyote.http11.AbstractHttp11Processor.process(AbstractHttp11Processor.java:1081)
	at org.apache.coyote.AbstractProtocol$AbstractConnectionHandler.process(AbstractProtocol.java:658)
	at org.apache.coyote.http11.Http11NioProtocol$Http11ConnectionHandler.process(Http11NioProtocol.java:222)
	at org.apache.tomcat.util.net.NioEndpoint$SocketProcessor.doRun(NioEndpoint.java:1566)
	at org.apache.tomcat.util.net.NioEndpoint$SocketProcessor.run(NioEndpoint.java:1523)
	at java.util.concurrent.ThreadPoolExecutor.runWorker(ThreadPoolExecutor.java:1142)
	at java.util.concurrent.ThreadPoolExecutor$Worker.run(ThreadPoolExecutor.java:617)
	at org.apache.tomcat.util.threads.TaskThread$WrappingRunnable.run(TaskThread.java:61)
	at java.lang.Thread.run(Thread.java:745)

WARN  - 2015-01-31 19:16:12.380; org.apache.solr.core.SolrCore; [ProductsCoreThird] Error opening new searcher. exceeded limit of maxWarmingSearchers=2, try again later.
ERROR - 2015-01-31 19:16:12.380; org.apache.solr.common.SolrException; org.apache.solr.common.SolrException: Error opening new searcher. exceeded limit of maxWarmingSearchers=2, try again later.
	at org.apache.solr.core.SolrCore.getSearcher(SolrCore.java:1658)
	at org.apache.solr.update.DirectUpdateHandler2.commit(DirectUpdateHandler2.java:607)
	at org.apache.solr.update.processor.RunUpdateProcessor.processCommit(RunUpdateProcessorFactory.java:95)
	at org.apache.solr.update.processor.UpdateRequestProcessor.processCommit(UpdateRequestProcessor.java:64)
	at org.apache.solr.update.processor.DistributedUpdateProcessor.doLocalCommit(DistributedUpdateProcessor.java:1652)
	at org.apache.solr.update.processor.DistributedUpdateProcessor.processCommit(DistributedUpdateProcessor.java:1629)
	at org.apache.solr.update.processor.LogUpdateProcessor.processCommit(LogUpdateProcessorFactory.java:157)
	at org.apache.solr.handler.RequestHandlerUtils.handleCommit(RequestHandlerUtils.java:69)
	at org.apache.solr.handler.ContentStreamHandlerBase.handleRequestBody(ContentStreamHandlerBase.java:68)
	at org.apache.solr.handler.RequestHandlerBase.handleRequest(RequestHandlerBase.java:135)
	at org.apache.solr.core.SolrCore.execute(SolrCore.java:1962)
	at org.apache.solr.servlet.SolrDispatchFilter.execute(SolrDispatchFilter.java:777)
	at org.apache.solr.servlet.SolrDispatchFilter.doFilter(SolrDispatchFilter.java:418)
	at org.apache.solr.servlet.SolrDispatchFilter.doFilter(SolrDispatchFilter.java:207)
	at org.apache.catalina.core.ApplicationFilterChain.internalDoFilter(ApplicationFilterChain.java:239)
	at org.apache.catalina.core.ApplicationFilterChain.doFilter(ApplicationFilterChain.java:206)
	at org.apache.catalina.core.StandardWrapperValve.invoke(StandardWrapperValve.java:219)
	at org.apache.catalina.core.StandardContextValve.invoke(StandardContextValve.java:106)
	at org.apache.catalina.core.StandardHostValve.invoke(StandardHostValve.java:142)
	at org.apache.catalina.valves.ErrorReportValve.invoke(ErrorReportValve.java:79)
	at org.apache.catalina.valves.AbstractAccessLogValve.invoke(AbstractAccessLogValve.java:610)
	at org.apache.catalina.core.StandardEngineValve.invoke(StandardEngineValve.java:88)
	at org.apache.catalina.connector.CoyoteAdapter.service(CoyoteAdapter.java:534)
	at org.apache.coyote.http11.AbstractHttp11Processor.process(AbstractHttp11Processor.java:1081)
	at org.apache.coyote.AbstractProtocol$AbstractConnectionHandler.process(AbstractProtocol.java:658)
	at org.apache.coyote.http11.Http11NioProtocol$Http11ConnectionHandler.process(Http11NioProtocol.java:222)
	at org.apache.tomcat.util.net.NioEndpoint$SocketProcessor.doRun(NioEndpoint.java:1566)
	at org.apache.tomcat.util.net.NioEndpoint$SocketProcessor.run(NioEndpoint.java:1523)
	at java.util.concurrent.ThreadPoolExecutor.runWorker(ThreadPoolExecutor.java:1142)
	at java.util.concurrent.ThreadPoolExecutor$Worker.run(ThreadPoolExecutor.java:617)
	at org.apache.tomcat.util.threads.TaskThread$WrappingRunnable.run(TaskThread.java:61)
	at java.lang.Thread.run(Thread.java:745)

INFO  - 2015-01-31 19:16:12.382; org.apache.solr.update.processor.LogUpdateProcessor; [ProductsCoreThird] webapp=/migrossolr path=/update params={softCommit=true} {} 0 44
WARN  - 2015-01-31 19:16:12.382; org.apache.solr.core.SolrCore; [ProductsCoreThird] Error opening new searcher. exceeded limit of maxWarmingSearchers=2, try again later.
ERROR - 2015-01-31 19:16:12.384; org.apache.solr.common.SolrException; org.apache.solr.common.SolrException: Error opening new searcher. exceeded limit of maxWarmingSearchers=2, try again later.
	at org.apache.solr.core.SolrCore.getSearcher(SolrCore.java:1658)
	at org.apache.solr.update.DirectUpdateHandler2.commit(DirectUpdateHandler2.java:607)
	at org.apache.solr.update.processor.RunUpdateProcessor.processCommit(RunUpdateProcessorFactory.java:95)
	at org.apache.solr.update.processor.UpdateRequestProcessor.processCommit(UpdateRequestProcessor.java:64)
	at org.apache.solr.update.processor.DistributedUpdateProcessor.doLocalCommit(DistributedUpdateProcessor.java:1652)
	at org.apache.solr.update.processor.DistributedUpdateProcessor.processCommit(DistributedUpdateProcessor.java:1629)
	at org.apache.solr.update.processor.LogUpdateProcessor.processCommit(LogUpdateProcessorFactory.java:157)
	at org.apache.solr.handler.RequestHandlerUtils.handleCommit(RequestHandlerUtils.java:69)
	at org.apache.solr.handler.ContentStreamHandlerBase.handleRequestBody(ContentStreamHandlerBase.java:68)
	at org.apache.solr.handler.RequestHandlerBase.handleRequest(RequestHandlerBase.java:135)
	at org.apache.solr.core.SolrCore.execute(SolrCore.java:1962)
	at org.apache.solr.servlet.SolrDispatchFilter.execute(SolrDispatchFilter.java:777)
	at org.apache.solr.servlet.SolrDispatchFilter.doFilter(SolrDispatchFilter.java:418)
	at org.apache.solr.servlet.SolrDispatchFilter.doFilter(SolrDispatchFilter.java:207)
	at org.apache.catalina.core.ApplicationFilterChain.internalDoFilter(ApplicationFilterChain.java:239)
	at org.apache.catalina.core.ApplicationFilterChain.doFilter(ApplicationFilterChain.java:206)
	at org.apache.catalina.core.StandardWrapperValve.invoke(StandardWrapperValve.java:219)
	at org.apache.catalina.core.StandardContextValve.invoke(StandardContextValve.java:106)
	at org.apache.catalina.core.StandardHostValve.invoke(StandardHostValve.java:142)
	at org.apache.catalina.valves.ErrorReportValve.invoke(ErrorReportValve.java:79)
	at org.apache.catalina.valves.AbstractAccessLogValve.invoke(AbstractAccessLogValve.java:610)
	at org.apache.catalina.core.StandardEngineValve.invoke(StandardEngineValve.java:88)
	at org.apache.catalina.connector.CoyoteAdapter.service(CoyoteAdapter.java:534)
	at org.apache.coyote.http11.AbstractHttp11Processor.process(AbstractHttp11Processor.java:1081)
	at org.apache.coyote.AbstractProtocol$AbstractConnectionHandler.process(AbstractProtocol.java:658)
	at org.apache.coyote.http11.Http11NioProtocol$Http11ConnectionHandler.process(Http11NioProtocol.java:222)
	at org.apache.tomcat.util.net.NioEndpoint$SocketProcessor.doRun(NioEndpoint.java:1566)
	at org.apache.tomcat.util.net.NioEndpoint$SocketProcessor.run(NioEndpoint.java:1523)
	at java.util.concurrent.ThreadPoolExecutor.runWorker(ThreadPoolExecutor.java:1142)
	at java.util.concurrent.ThreadPoolExecutor$Worker.run(ThreadPoolExecutor.java:617)
	at org.apache.tomcat.util.threads.TaskThread$WrappingRunnable.run(TaskThread.java:61)
	at java.lang.Thread.run(Thread.java:745)

INFO  - 2015-01-31 19:16:12.384; org.apache.solr.update.processor.LogUpdateProcessor; [ProductsCoreThird] webapp=/migrossolr path=/update params={softCommit=true} {} 0 46
WARN  - 2015-01-31 19:16:12.384; org.apache.solr.core.SolrCore; [ProductsCoreThird] Error opening new searcher. exceeded limit of maxWarmingSearchers=2, try again later.
ERROR - 2015-01-31 19:16:12.385; org.apache.solr.common.SolrException; org.apache.solr.common.SolrException: Error opening new searcher. exceeded limit of maxWarmingSearchers=2, try again later.
	at org.apache.solr.core.SolrCore.getSearcher(SolrCore.java:1658)
	at org.apache.solr.update.DirectUpdateHandler2.commit(DirectUpdateHandler2.java:607)
	at org.apache.solr.update.processor.RunUpdateProcessor.processCommit(RunUpdateProcessorFactory.java:95)
	at org.apache.solr.update.processor.UpdateRequestProcessor.processCommit(UpdateRequestProcessor.java:64)
	at org.apache.solr.update.processor.DistributedUpdateProcessor.doLocalCommit(DistributedUpdateProcessor.java:1652)
	at org.apache.solr.update.processor.DistributedUpdateProcessor.processCommit(DistributedUpdateProcessor.java:1629)
	at org.apache.solr.update.processor.LogUpdateProcessor.processCommit(LogUpdateProcessorFactory.java:157)
	at org.apache.solr.handler.RequestHandlerUtils.handleCommit(RequestHandlerUtils.java:69)
	at org.apache.solr.handler.ContentStreamHandlerBase.handleRequestBody(ContentStreamHandlerBase.java:68)
	at org.apache.solr.handler.RequestHandlerBase.handleRequest(RequestHandlerBase.java:135)
	at org.apache.solr.core.SolrCore.execute(SolrCore.java:1962)
	at org.apache.solr.servlet.SolrDispatchFilter.execute(SolrDispatchFilter.java:777)
	at org.apache.solr.servlet.SolrDispatchFilter.doFilter(SolrDispatchFilter.java:418)
	at org.apache.solr.servlet.SolrDispatchFilter.doFilter(SolrDispatchFilter.java:207)
	at org.apache.catalina.core.ApplicationFilterChain.internalDoFilter(ApplicationFilterChain.java:239)
	at org.apache.catalina.core.ApplicationFilterChain.doFilter(ApplicationFilterChain.java:206)
	at org.apache.catalina.core.StandardWrapperValve.invoke(StandardWrapperValve.java:219)
	at org.apache.catalina.core.StandardContextValve.invoke(StandardContextValve.java:106)
	at org.apache.catalina.core.StandardHostValve.invoke(StandardHostValve.java:142)
	at org.apache.catalina.valves.ErrorReportValve.invoke(ErrorReportValve.java:79)
	at org.apache.catalina.valves.AbstractAccessLogValve.invoke(AbstractAccessLogValve.java:610)
	at org.apache.catalina.core.StandardEngineValve.invoke(StandardEngineValve.java:88)
	at org.apache.catalina.connector.CoyoteAdapter.service(CoyoteAdapter.java:534)
	at org.apache.coyote.http11.AbstractHttp11Processor.process(AbstractHttp11Processor.java:1081)
	at org.apache.coyote.AbstractProtocol$AbstractConnectionHandler.process(AbstractProtocol.java:658)
	at org.apache.coyote.http11.Http11NioProtocol$Http11ConnectionHandler.process(Http11NioProtocol.java:222)
	at org.apache.tomcat.util.net.NioEndpoint$SocketProcessor.doRun(NioEndpoint.java:1566)
	at org.apache.tomcat.util.net.NioEndpoint$SocketProcessor.run(NioEndpoint.java:1523)
	at java.util.concurrent.ThreadPoolExecutor.runWorker(ThreadPoolExecutor.java:1142)
	at java.util.concurrent.ThreadPoolExecutor$Worker.run(ThreadPoolExecutor.java:617)
	at org.apache.tomcat.util.threads.TaskThread$WrappingRunnable.run(TaskThread.java:61)
	at java.lang.Thread.run(Thread.java:745)

INFO  - 2015-01-31 19:16:12.385; org.apache.solr.update.processor.LogUpdateProcessor; [ProductsCoreThird] webapp=/migrossolr path=/update params={softCommit=true} {} 0 47
WARN  - 2015-01-31 19:16:12.385; org.apache.solr.core.SolrCore; [ProductsCoreThird] Error opening new searcher. exceeded limit of maxWarmingSearchers=2, try again later.
WARN  - 2015-01-31 19:16:12.386; org.apache.solr.core.SolrCore; [ProductsCoreThird] Error opening new searcher. exceeded limit of maxWarmingSearchers=2, try again later.
WARN  - 2015-01-31 19:16:12.386; org.apache.solr.core.SolrCore; [ProductsCoreThird] Error opening new searcher. exceeded limit of maxWarmingSearchers=2, try again later.
ERROR - 2015-01-31 19:16:12.385; org.apache.solr.common.SolrException; org.apache.solr.common.SolrException: Error opening new searcher. exceeded limit of maxWarmingSearchers=2, try again later.
	at org.apache.solr.core.SolrCore.getSearcher(SolrCore.java:1658)
	at org.apache.solr.update.DirectUpdateHandler2.commit(DirectUpdateHandler2.java:607)
	at org.apache.solr.update.processor.RunUpdateProcessor.processCommit(RunUpdateProcessorFactory.java:95)
	at org.apache.solr.update.processor.UpdateRequestProcessor.processCommit(UpdateRequestProcessor.java:64)
	at org.apache.solr.update.processor.DistributedUpdateProcessor.doLocalCommit(DistributedUpdateProcessor.java:1652)
	at org.apache.solr.update.processor.DistributedUpdateProcessor.processCommit(DistributedUpdateProcessor.java:1629)
	at org.apache.solr.update.processor.LogUpdateProcessor.processCommit(LogUpdateProcessorFactory.java:157)
	at org.apache.solr.handler.RequestHandlerUtils.handleCommit(RequestHandlerUtils.java:69)
	at org.apache.solr.handler.ContentStreamHandlerBase.handleRequestBody(ContentStreamHandlerBase.java:68)
	at org.apache.solr.handler.RequestHandlerBase.handleRequest(RequestHandlerBase.java:135)
	at org.apache.solr.core.SolrCore.execute(SolrCore.java:1962)
	at org.apache.solr.servlet.SolrDispatchFilter.execute(SolrDispatchFilter.java:777)
	at org.apache.solr.servlet.SolrDispatchFilter.doFilter(SolrDispatchFilter.java:418)
	at org.apache.solr.servlet.SolrDispatchFilter.doFilter(SolrDispatchFilter.java:207)
	at org.apache.catalina.core.ApplicationFilterChain.internalDoFilter(ApplicationFilterChain.java:239)
	at org.apache.catalina.core.ApplicationFilterChain.doFilter(ApplicationFilterChain.java:206)
	at org.apache.catalina.core.StandardWrapperValve.invoke(StandardWrapperValve.java:219)
	at org.apache.catalina.core.StandardContextValve.invoke(StandardContextValve.java:106)
	at org.apache.catalina.core.StandardHostValve.invoke(StandardHostValve.java:142)
	at org.apache.catalina.valves.ErrorReportValve.invoke(ErrorReportValve.java:79)
	at org.apache.catalina.valves.AbstractAccessLogValve.invoke(AbstractAccessLogValve.java:610)
	at org.apache.catalina.core.StandardEngineValve.invoke(StandardEngineValve.java:88)
	at org.apache.catalina.connector.CoyoteAdapter.service(CoyoteAdapter.java:534)
	at org.apache.coyote.http11.AbstractHttp11Processor.process(AbstractHttp11Processor.java:1081)
	at org.apache.coyote.AbstractProtocol$AbstractConnectionHandler.process(AbstractProtocol.java:658)
	at org.apache.coyote.http11.Http11NioProtocol$Http11ConnectionHandler.process(Http11NioProtocol.java:222)
	at org.apache.tomcat.util.net.NioEndpoint$SocketProcessor.doRun(NioEndpoint.java:1566)
	at org.apache.tomcat.util.net.NioEndpoint$SocketProcessor.run(NioEndpoint.java:1523)
	at java.util.concurrent.ThreadPoolExecutor.runWorker(ThreadPoolExecutor.java:1142)
	at java.util.concurrent.ThreadPoolExecutor$Worker.run(ThreadPoolExecutor.java:617)
	at org.apache.tomcat.util.threads.TaskThread$WrappingRunnable.run(TaskThread.java:61)
	at java.lang.Thread.run(Thread.java:745)

INFO  - 2015-01-31 19:16:12.387; org.apache.solr.update.processor.LogUpdateProcessor; [ProductsCoreThird] webapp=/migrossolr path=/update params={softCommit=true} {} 0 56
INFO  - 2015-01-31 19:16:12.386; org.apache.solr.update.processor.LogUpdateProcessor; [ProductsCoreThird] webapp=/migrossolr path=/update params={softCommit=true} {} 0 55
INFO  - 2015-01-31 19:16:12.386; org.apache.solr.update.processor.LogUpdateProcessor; [ProductsCoreThird] webapp=/migrossolr path=/update params={softCommit=true} {} 0 51
ERROR - 2015-01-31 19:16:12.387; org.apache.solr.common.SolrException; org.apache.solr.common.SolrException: Error opening new searcher. exceeded limit of maxWarmingSearchers=2, try again later.
	at org.apache.solr.core.SolrCore.getSearcher(SolrCore.java:1658)
	at org.apache.solr.update.DirectUpdateHandler2.commit(DirectUpdateHandler2.java:607)
	at org.apache.solr.update.processor.RunUpdateProcessor.processCommit(RunUpdateProcessorFactory.java:95)
	at org.apache.solr.update.processor.UpdateRequestProcessor.processCommit(UpdateRequestProcessor.java:64)
	at org.apache.solr.update.processor.DistributedUpdateProcessor.doLocalCommit(DistributedUpdateProcessor.java:1652)
	at org.apache.solr.update.processor.DistributedUpdateProcessor.processCommit(DistributedUpdateProcessor.java:1629)
	at org.apache.solr.update.processor.LogUpdateProcessor.processCommit(LogUpdateProcessorFactory.java:157)
	at org.apache.solr.handler.RequestHandlerUtils.handleCommit(RequestHandlerUtils.java:69)
	at org.apache.solr.handler.ContentStreamHandlerBase.handleRequestBody(ContentStreamHandlerBase.java:68)
	at org.apache.solr.handler.RequestHandlerBase.handleRequest(RequestHandlerBase.java:135)
	at org.apache.solr.core.SolrCore.execute(SolrCore.java:1962)
	at org.apache.solr.servlet.SolrDispatchFilter.execute(SolrDispatchFilter.java:777)
	at org.apache.solr.servlet.SolrDispatchFilter.doFilter(SolrDispatchFilter.java:418)
	at org.apache.solr.servlet.SolrDispatchFilter.doFilter(SolrDispatchFilter.java:207)
	at org.apache.catalina.core.ApplicationFilterChain.internalDoFilter(ApplicationFilterChain.java:239)
	at org.apache.catalina.core.ApplicationFilterChain.doFilter(ApplicationFilterChain.java:206)
	at org.apache.catalina.core.StandardWrapperValve.invoke(StandardWrapperValve.java:219)
	at org.apache.catalina.core.StandardContextValve.invoke(StandardContextValve.java:106)
	at org.apache.catalina.core.StandardHostValve.invoke(StandardHostValve.java:142)
	at org.apache.catalina.valves.ErrorReportValve.invoke(ErrorReportValve.java:79)
	at org.apache.catalina.valves.AbstractAccessLogValve.invoke(AbstractAccessLogValve.java:610)
	at org.apache.catalina.core.StandardEngineValve.invoke(StandardEngineValve.java:88)
	at org.apache.catalina.connector.CoyoteAdapter.service(CoyoteAdapter.java:534)
	at org.apache.coyote.http11.AbstractHttp11Processor.process(AbstractHttp11Processor.java:1081)
	at org.apache.coyote.AbstractProtocol$AbstractConnectionHandler.process(AbstractProtocol.java:658)
	at org.apache.coyote.http11.Http11NioProtocol$Http11ConnectionHandler.process(Http11NioProtocol.java:222)
	at org.apache.tomcat.util.net.NioEndpoint$SocketProcessor.doRun(NioEndpoint.java:1566)
	at org.apache.tomcat.util.net.NioEndpoint$SocketProcessor.run(NioEndpoint.java:1523)
	at java.util.concurrent.ThreadPoolExecutor.runWorker(ThreadPoolExecutor.java:1142)
	at java.util.concurrent.ThreadPoolExecutor$Worker.run(ThreadPoolExecutor.java:617)
	at org.apache.tomcat.util.threads.TaskThread$WrappingRunnable.run(TaskThread.java:61)
	at java.lang.Thread.run(Thread.java:745)

ERROR - 2015-01-31 19:16:12.388; org.apache.solr.common.SolrException; org.apache.solr.common.SolrException: Error opening new searcher. exceeded limit of maxWarmingSearchers=2, try again later.
	at org.apache.solr.core.SolrCore.getSearcher(SolrCore.java:1658)
	at org.apache.solr.update.DirectUpdateHandler2.commit(DirectUpdateHandler2.java:607)
	at org.apache.solr.update.processor.RunUpdateProcessor.processCommit(RunUpdateProcessorFactory.java:95)
	at org.apache.solr.update.processor.UpdateRequestProcessor.processCommit(UpdateRequestProcessor.java:64)
	at org.apache.solr.update.processor.DistributedUpdateProcessor.doLocalCommit(DistributedUpdateProcessor.java:1652)
	at org.apache.solr.update.processor.DistributedUpdateProcessor.processCommit(DistributedUpdateProcessor.java:1629)
	at org.apache.solr.update.processor.LogUpdateProcessor.processCommit(LogUpdateProcessorFactory.java:157)
	at org.apache.solr.handler.RequestHandlerUtils.handleCommit(RequestHandlerUtils.java:69)
	at org.apache.solr.handler.ContentStreamHandlerBase.handleRequestBody(ContentStreamHandlerBase.java:68)
	at org.apache.solr.handler.RequestHandlerBase.handleRequest(RequestHandlerBase.java:135)
	at org.apache.solr.core.SolrCore.execute(SolrCore.java:1962)
	at org.apache.solr.servlet.SolrDispatchFilter.execute(SolrDispatchFilter.java:777)
	at org.apache.solr.servlet.SolrDispatchFilter.doFilter(SolrDispatchFilter.java:418)
	at org.apache.solr.servlet.SolrDispatchFilter.doFilter(SolrDispatchFilter.java:207)
	at org.apache.catalina.core.ApplicationFilterChain.internalDoFilter(ApplicationFilterChain.java:239)
	at org.apache.catalina.core.ApplicationFilterChain.doFilter(ApplicationFilterChain.java:206)
	at org.apache.catalina.core.StandardWrapperValve.invoke(StandardWrapperValve.java:219)
	at org.apache.catalina.core.StandardContextValve.invoke(StandardContextValve.java:106)
	at org.apache.catalina.core.StandardHostValve.invoke(StandardHostValve.java:142)
	at org.apache.catalina.valves.ErrorReportValve.invoke(ErrorReportValve.java:79)
	at org.apache.catalina.valves.AbstractAccessLogValve.invoke(AbstractAccessLogValve.java:610)
	at org.apache.catalina.core.StandardEngineValve.invoke(StandardEngineValve.java:88)
	at org.apache.catalina.connector.CoyoteAdapter.service(CoyoteAdapter.java:534)
	at org.apache.coyote.http11.AbstractHttp11Processor.process(AbstractHttp11Processor.java:1081)
	at org.apache.coyote.AbstractProtocol$AbstractConnectionHandler.process(AbstractProtocol.java:658)
	at org.apache.coyote.http11.Http11NioProtocol$Http11ConnectionHandler.process(Http11NioProtocol.java:222)
	at org.apache.tomcat.util.net.NioEndpoint$SocketProcessor.doRun(NioEndpoint.java:1566)
	at org.apache.tomcat.util.net.NioEndpoint$SocketProcessor.run(NioEndpoint.java:1523)
	at java.util.concurrent.ThreadPoolExecutor.runWorker(ThreadPoolExecutor.java:1142)
	at java.util.concurrent.ThreadPoolExecutor$Worker.run(ThreadPoolExecutor.java:617)
	at org.apache.tomcat.util.threads.TaskThread$WrappingRunnable.run(TaskThread.java:61)
	at java.lang.Thread.run(Thread.java:745)

ERROR - 2015-01-31 19:16:12.387; org.apache.solr.common.SolrException; org.apache.solr.common.SolrException: Error opening new searcher. exceeded limit of maxWarmingSearchers=2, try again later.
	at org.apache.solr.core.SolrCore.getSearcher(SolrCore.java:1658)
	at org.apache.solr.update.DirectUpdateHandler2.commit(DirectUpdateHandler2.java:607)
	at org.apache.solr.update.processor.RunUpdateProcessor.processCommit(RunUpdateProcessorFactory.java:95)
	at org.apache.solr.update.processor.UpdateRequestProcessor.processCommit(UpdateRequestProcessor.java:64)
	at org.apache.solr.update.processor.DistributedUpdateProcessor.doLocalCommit(DistributedUpdateProcessor.java:1652)
	at org.apache.solr.update.processor.DistributedUpdateProcessor.processCommit(DistributedUpdateProcessor.java:1629)
	at org.apache.solr.update.processor.LogUpdateProcessor.processCommit(LogUpdateProcessorFactory.java:157)
	at org.apache.solr.handler.RequestHandlerUtils.handleCommit(RequestHandlerUtils.java:69)
	at org.apache.solr.handler.ContentStreamHandlerBase.handleRequestBody(ContentStreamHandlerBase.java:68)
	at org.apache.solr.handler.RequestHandlerBase.handleRequest(RequestHandlerBase.java:135)
	at org.apache.solr.core.SolrCore.execute(SolrCore.java:1962)
	at org.apache.solr.servlet.SolrDispatchFilter.execute(SolrDispatchFilter.java:777)
	at org.apache.solr.servlet.SolrDispatchFilter.doFilter(SolrDispatchFilter.java:418)
	at org.apache.solr.servlet.SolrDispatchFilter.doFilter(SolrDispatchFilter.java:207)
	at org.apache.catalina.core.ApplicationFilterChain.internalDoFilter(ApplicationFilterChain.java:239)
	at org.apache.catalina.core.ApplicationFilterChain.doFilter(ApplicationFilterChain.java:206)
	at org.apache.catalina.core.StandardWrapperValve.invoke(StandardWrapperValve.java:219)
	at org.apache.catalina.core.StandardContextValve.invoke(StandardContextValve.java:106)
	at org.apache.catalina.core.StandardHostValve.invoke(StandardHostValve.java:142)
	at org.apache.catalina.valves.ErrorReportValve.invoke(ErrorReportValve.java:79)
	at org.apache.catalina.valves.AbstractAccessLogValve.invoke(AbstractAccessLogValve.java:610)
	at org.apache.catalina.core.StandardEngineValve.invoke(StandardEngineValve.java:88)
	at org.apache.catalina.connector.CoyoteAdapter.service(CoyoteAdapter.java:534)
	at org.apache.coyote.http11.AbstractHttp11Processor.process(AbstractHttp11Processor.java:1081)
	at org.apache.coyote.AbstractProtocol$AbstractConnectionHandler.process(AbstractProtocol.java:658)
	at org.apache.coyote.http11.Http11NioProtocol$Http11ConnectionHandler.process(Http11NioProtocol.java:222)
	at org.apache.tomcat.util.net.NioEndpoint$SocketProcessor.doRun(NioEndpoint.java:1566)
	at org.apache.tomcat.util.net.NioEndpoint$SocketProcessor.run(NioEndpoint.java:1523)
	at java.util.concurrent.ThreadPoolExecutor.runWorker(ThreadPoolExecutor.java:1142)
	at java.util.concurrent.ThreadPoolExecutor$Worker.run(ThreadPoolExecutor.java:617)
	at org.apache.tomcat.util.threads.TaskThread$WrappingRunnable.run(TaskThread.java:61)
	at java.lang.Thread.run(Thread.java:745)

INFO  - 2015-01-31 19:16:12.388; org.apache.solr.core.SolrCore; [ProductsCoreThird] Registered new searcher Searcher@6ce06cc[ProductsCoreThird] main{StandardDirectoryReader(segments_1:3:nrt _0(4.9):C1)}
WARN  - 2015-01-31 19:16:12.389; org.apache.solr.core.SolrCore; [ProductsCoreThird] PERFORMANCE WARNING: Overlapping onDeckSearchers=2
INFO  - 2015-01-31 19:16:12.390; org.apache.solr.core.QuerySenderListener; QuerySenderListener sending requests to Searcher@6ce06cc[ProductsCoreThird] main{StandardDirectoryReader(segments_1:3:nrt _0(4.9):C1)}
INFO  - 2015-01-31 19:16:12.390; org.apache.solr.update.processor.LogUpdateProcessor; [ProductsCoreThird] webapp=/migrossolr path=/update params={softCommit=true} {commit=} 0 78
INFO  - 2015-01-31 19:16:12.390; org.apache.solr.core.QuerySenderListener; QuerySenderListener done.
INFO  - 2015-01-31 19:16:12.391; org.apache.solr.core.SolrCore; SolrIndexSearcher has not changed - not re-opening: org.apache.solr.search.SolrIndexSearcher
INFO  - 2015-01-31 19:16:12.391; org.apache.solr.handler.component.SpellCheckComponent$SpellCheckerListener; Building spell index for spell checker: suggestDictionary
WARN  - 2015-01-31 19:16:12.391; org.apache.solr.core.SolrCore; [ProductsCoreThird] Error opening new searcher. exceeded limit of maxWarmingSearchers=2, try again later.
INFO  - 2015-01-31 19:16:12.391; org.apache.solr.update.DirectUpdateHandler2; end_commit_flush
INFO  - 2015-01-31 19:16:12.391; org.apache.solr.update.processor.LogUpdateProcessor; [ProductsCoreThird] webapp=/migrossolr path=/update params={softCommit=true} {} 0 75
ERROR - 2015-01-31 19:16:12.392; org.apache.solr.common.SolrException; org.apache.solr.common.SolrException: Error opening new searcher. exceeded limit of maxWarmingSearchers=2, try again later.
	at org.apache.solr.core.SolrCore.getSearcher(SolrCore.java:1658)
	at org.apache.solr.update.DirectUpdateHandler2.commit(DirectUpdateHandler2.java:607)
	at org.apache.solr.update.processor.RunUpdateProcessor.processCommit(RunUpdateProcessorFactory.java:95)
	at org.apache.solr.update.processor.UpdateRequestProcessor.processCommit(UpdateRequestProcessor.java:64)
	at org.apache.solr.update.processor.DistributedUpdateProcessor.doLocalCommit(DistributedUpdateProcessor.java:1652)
	at org.apache.solr.update.processor.DistributedUpdateProcessor.processCommit(DistributedUpdateProcessor.java:1629)
	at org.apache.solr.update.processor.LogUpdateProcessor.processCommit(LogUpdateProcessorFactory.java:157)
	at org.apache.solr.handler.RequestHandlerUtils.handleCommit(RequestHandlerUtils.java:69)
	at org.apache.solr.handler.ContentStreamHandlerBase.handleRequestBody(ContentStreamHandlerBase.java:68)
	at org.apache.solr.handler.RequestHandlerBase.handleRequest(RequestHandlerBase.java:135)
	at org.apache.solr.core.SolrCore.execute(SolrCore.java:1962)
	at org.apache.solr.servlet.SolrDispatchFilter.execute(SolrDispatchFilter.java:777)
	at org.apache.solr.servlet.SolrDispatchFilter.doFilter(SolrDispatchFilter.java:418)
	at org.apache.solr.servlet.SolrDispatchFilter.doFilter(SolrDispatchFilter.java:207)
	at org.apache.catalina.core.ApplicationFilterChain.internalDoFilter(ApplicationFilterChain.java:239)
	at org.apache.catalina.core.ApplicationFilterChain.doFilter(ApplicationFilterChain.java:206)
	at org.apache.catalina.core.StandardWrapperValve.invoke(StandardWrapperValve.java:219)
	at org.apache.catalina.core.StandardContextValve.invoke(StandardContextValve.java:106)
	at org.apache.catalina.core.StandardHostValve.invoke(StandardHostValve.java:142)
	at org.apache.catalina.valves.ErrorReportValve.invoke(ErrorReportValve.java:79)
	at org.apache.catalina.valves.AbstractAccessLogValve.invoke(AbstractAccessLogValve.java:610)
	at org.apache.catalina.core.StandardEngineValve.invoke(StandardEngineValve.java:88)
	at org.apache.catalina.connector.CoyoteAdapter.service(CoyoteAdapter.java:534)
	at org.apache.coyote.http11.AbstractHttp11Processor.process(AbstractHttp11Processor.java:1081)
	at org.apache.coyote.AbstractProtocol$AbstractConnectionHandler.process(AbstractProtocol.java:658)
	at org.apache.coyote.http11.Http11NioProtocol$Http11ConnectionHandler.process(Http11NioProtocol.java:222)
	at org.apache.tomcat.util.net.NioEndpoint$SocketProcessor.doRun(NioEndpoint.java:1566)
	at org.apache.tomcat.util.net.NioEndpoint$SocketProcessor.run(NioEndpoint.java:1523)
	at java.util.concurrent.ThreadPoolExecutor.runWorker(ThreadPoolExecutor.java:1142)
	at java.util.concurrent.ThreadPoolExecutor$Worker.run(ThreadPoolExecutor.java:617)
	at org.apache.tomcat.util.threads.TaskThread$WrappingRunnable.run(TaskThread.java:61)
	at java.lang.Thread.run(Thread.java:745)

WARN  - 2015-01-31 19:16:12.391; org.apache.solr.core.SolrCore; [ProductsCoreThird] Error opening new searcher. exceeded limit of maxWarmingSearchers=2, try again later.
INFO  - 2015-01-31 19:16:12.391; org.apache.solr.spelling.suggest.Suggester; build()
WARN  - 2015-01-31 19:16:12.393; org.apache.solr.core.SolrCore; [ProductsCoreThird] Error opening new searcher. exceeded limit of maxWarmingSearchers=2, try again later.
INFO  - 2015-01-31 19:16:12.393; org.apache.solr.update.processor.LogUpdateProcessor; [ProductsCoreThird] webapp=/migrossolr path=/update params={softCommit=true} {} 0 79
INFO  - 2015-01-31 19:16:12.393; org.apache.solr.update.processor.LogUpdateProcessor; [ProductsCoreThird] webapp=/migrossolr path=/update params={softCommit=true} {} 0 77
ERROR - 2015-01-31 19:16:12.394; org.apache.solr.common.SolrException; org.apache.solr.common.SolrException: Error opening new searcher. exceeded limit of maxWarmingSearchers=2, try again later.
	at org.apache.solr.core.SolrCore.getSearcher(SolrCore.java:1658)
	at org.apache.solr.update.DirectUpdateHandler2.commit(DirectUpdateHandler2.java:607)
	at org.apache.solr.update.processor.RunUpdateProcessor.processCommit(RunUpdateProcessorFactory.java:95)
	at org.apache.solr.update.processor.UpdateRequestProcessor.processCommit(UpdateRequestProcessor.java:64)
	at org.apache.solr.update.processor.DistributedUpdateProcessor.doLocalCommit(DistributedUpdateProcessor.java:1652)
	at org.apache.solr.update.processor.DistributedUpdateProcessor.processCommit(DistributedUpdateProcessor.java:1629)
	at org.apache.solr.update.processor.LogUpdateProcessor.processCommit(LogUpdateProcessorFactory.java:157)
	at org.apache.solr.handler.RequestHandlerUtils.handleCommit(RequestHandlerUtils.java:69)
	at org.apache.solr.handler.ContentStreamHandlerBase.handleRequestBody(ContentStreamHandlerBase.java:68)
	at org.apache.solr.handler.RequestHandlerBase.handleRequest(RequestHandlerBase.java:135)
	at org.apache.solr.core.SolrCore.execute(SolrCore.java:1962)
	at org.apache.solr.servlet.SolrDispatchFilter.execute(SolrDispatchFilter.java:777)
	at org.apache.solr.servlet.SolrDispatchFilter.doFilter(SolrDispatchFilter.java:418)
	at org.apache.solr.servlet.SolrDispatchFilter.doFilter(SolrDispatchFilter.java:207)
	at org.apache.catalina.core.ApplicationFilterChain.internalDoFilter(ApplicationFilterChain.java:239)
	at org.apache.catalina.core.ApplicationFilterChain.doFilter(ApplicationFilterChain.java:206)
	at org.apache.catalina.core.StandardWrapperValve.invoke(StandardWrapperValve.java:219)
	at org.apache.catalina.core.StandardContextValve.invoke(StandardContextValve.java:106)
	at org.apache.catalina.core.StandardHostValve.invoke(StandardHostValve.java:142)
	at org.apache.catalina.valves.ErrorReportValve.invoke(ErrorReportValve.java:79)
	at org.apache.catalina.valves.AbstractAccessLogValve.invoke(AbstractAccessLogValve.java:610)
	at org.apache.catalina.core.StandardEngineValve.invoke(StandardEngineValve.java:88)
	at org.apache.catalina.connector.CoyoteAdapter.service(CoyoteAdapter.java:534)
	at org.apache.coyote.http11.AbstractHttp11Processor.process(AbstractHttp11Processor.java:1081)
	at org.apache.coyote.AbstractProtocol$AbstractConnectionHandler.process(AbstractProtocol.java:658)
	at org.apache.coyote.http11.Http11NioProtocol$Http11ConnectionHandler.process(Http11NioProtocol.java:222)
	at org.apache.tomcat.util.net.NioEndpoint$SocketProcessor.doRun(NioEndpoint.java:1566)
	at org.apache.tomcat.util.net.NioEndpoint$SocketProcessor.run(NioEndpoint.java:1523)
	at java.util.concurrent.ThreadPoolExecutor.runWorker(ThreadPoolExecutor.java:1142)
	at java.util.concurrent.ThreadPoolExecutor$Worker.run(ThreadPoolExecutor.java:617)
	at org.apache.tomcat.util.threads.TaskThread$WrappingRunnable.run(TaskThread.java:61)
	at java.lang.Thread.run(Thread.java:745)

WARN  - 2015-01-31 19:16:12.394; org.apache.solr.core.SolrCore; [ProductsCoreThird] Error opening new searcher. exceeded limit of maxWarmingSearchers=2, try again later.
ERROR - 2015-01-31 19:16:12.394; org.apache.solr.common.SolrException; org.apache.solr.common.SolrException: Error opening new searcher. exceeded limit of maxWarmingSearchers=2, try again later.
	at org.apache.solr.core.SolrCore.getSearcher(SolrCore.java:1658)
	at org.apache.solr.update.DirectUpdateHandler2.commit(DirectUpdateHandler2.java:607)
	at org.apache.solr.update.processor.RunUpdateProcessor.processCommit(RunUpdateProcessorFactory.java:95)
	at org.apache.solr.update.processor.UpdateRequestProcessor.processCommit(UpdateRequestProcessor.java:64)
	at org.apache.solr.update.processor.DistributedUpdateProcessor.doLocalCommit(DistributedUpdateProcessor.java:1652)
	at org.apache.solr.update.processor.DistributedUpdateProcessor.processCommit(DistributedUpdateProcessor.java:1629)
	at org.apache.solr.update.processor.LogUpdateProcessor.processCommit(LogUpdateProcessorFactory.java:157)
	at org.apache.solr.handler.RequestHandlerUtils.handleCommit(RequestHandlerUtils.java:69)
	at org.apache.solr.handler.ContentStreamHandlerBase.handleRequestBody(ContentStreamHandlerBase.java:68)
	at org.apache.solr.handler.RequestHandlerBase.handleRequest(RequestHandlerBase.java:135)
	at org.apache.solr.core.SolrCore.execute(SolrCore.java:1962)
	at org.apache.solr.servlet.SolrDispatchFilter.execute(SolrDispatchFilter.java:777)
	at org.apache.solr.servlet.SolrDispatchFilter.doFilter(SolrDispatchFilter.java:418)
	at org.apache.solr.servlet.SolrDispatchFilter.doFilter(SolrDispatchFilter.java:207)
	at org.apache.catalina.core.ApplicationFilterChain.internalDoFilter(ApplicationFilterChain.java:239)
	at org.apache.catalina.core.ApplicationFilterChain.doFilter(ApplicationFilterChain.java:206)
	at org.apache.catalina.core.StandardWrapperValve.invoke(StandardWrapperValve.java:219)
	at org.apache.catalina.core.StandardContextValve.invoke(StandardContextValve.java:106)
	at org.apache.catalina.core.StandardHostValve.invoke(StandardHostValve.java:142)
	at org.apache.catalina.valves.ErrorReportValve.invoke(ErrorReportValve.java:79)
	at org.apache.catalina.valves.AbstractAccessLogValve.invoke(AbstractAccessLogValve.java:610)
	at org.apache.catalina.core.StandardEngineValve.invoke(StandardEngineValve.java:88)
	at org.apache.catalina.connector.CoyoteAdapter.service(CoyoteAdapter.java:534)
	at org.apache.coyote.http11.AbstractHttp11Processor.process(AbstractHttp11Processor.java:1081)
	at org.apache.coyote.AbstractProtocol$AbstractConnectionHandler.process(AbstractProtocol.java:658)
	at org.apache.coyote.http11.Http11NioProtocol$Http11ConnectionHandler.process(Http11NioProtocol.java:222)
	at org.apache.tomcat.util.net.NioEndpoint$SocketProcessor.doRun(NioEndpoint.java:1566)
	at org.apache.tomcat.util.net.NioEndpoint$SocketProcessor.run(NioEndpoint.java:1523)
	at java.util.concurrent.ThreadPoolExecutor.runWorker(ThreadPoolExecutor.java:1142)
	at java.util.concurrent.ThreadPoolExecutor$Worker.run(ThreadPoolExecutor.java:617)
	at org.apache.tomcat.util.threads.TaskThread$WrappingRunnable.run(TaskThread.java:61)
	at java.lang.Thread.run(Thread.java:745)

WARN  - 2015-01-31 19:16:12.394; org.apache.solr.core.SolrCore; [ProductsCoreThird] Error opening new searcher. exceeded limit of maxWarmingSearchers=2, try again later.
INFO  - 2015-01-31 19:16:12.394; org.apache.solr.update.processor.LogUpdateProcessor; [ProductsCoreThird] webapp=/migrossolr path=/update params={softCommit=true} {} 0 81
INFO  - 2015-01-31 19:16:12.395; org.apache.solr.update.processor.LogUpdateProcessor; [ProductsCoreThird] webapp=/migrossolr path=/update params={softCommit=true} {} 0 82
WARN  - 2015-01-31 19:16:12.395; org.apache.solr.core.SolrCore; [ProductsCoreThird] Error opening new searcher. exceeded limit of maxWarmingSearchers=2, try again later.
ERROR - 2015-01-31 19:16:12.396; org.apache.solr.common.SolrException; org.apache.solr.common.SolrException: Error opening new searcher. exceeded limit of maxWarmingSearchers=2, try again later.
	at org.apache.solr.core.SolrCore.getSearcher(SolrCore.java:1658)
	at org.apache.solr.update.DirectUpdateHandler2.commit(DirectUpdateHandler2.java:607)
	at org.apache.solr.update.processor.RunUpdateProcessor.processCommit(RunUpdateProcessorFactory.java:95)
	at org.apache.solr.update.processor.UpdateRequestProcessor.processCommit(UpdateRequestProcessor.java:64)
	at org.apache.solr.update.processor.DistributedUpdateProcessor.doLocalCommit(DistributedUpdateProcessor.java:1652)
	at org.apache.solr.update.processor.DistributedUpdateProcessor.processCommit(DistributedUpdateProcessor.java:1629)
	at org.apache.solr.update.processor.LogUpdateProcessor.processCommit(LogUpdateProcessorFactory.java:157)
	at org.apache.solr.handler.RequestHandlerUtils.handleCommit(RequestHandlerUtils.java:69)
	at org.apache.solr.handler.ContentStreamHandlerBase.handleRequestBody(ContentStreamHandlerBase.java:68)
	at org.apache.solr.handler.RequestHandlerBase.handleRequest(RequestHandlerBase.java:135)
	at org.apache.solr.core.SolrCore.execute(SolrCore.java:1962)
	at org.apache.solr.servlet.SolrDispatchFilter.execute(SolrDispatchFilter.java:777)
	at org.apache.solr.servlet.SolrDispatchFilter.doFilter(SolrDispatchFilter.java:418)
	at org.apache.solr.servlet.SolrDispatchFilter.doFilter(SolrDispatchFilter.java:207)
	at org.apache.catalina.core.ApplicationFilterChain.internalDoFilter(ApplicationFilterChain.java:239)
	at org.apache.catalina.core.ApplicationFilterChain.doFilter(ApplicationFilterChain.java:206)
	at org.apache.catalina.core.StandardWrapperValve.invoke(StandardWrapperValve.java:219)
	at org.apache.catalina.core.StandardContextValve.invoke(StandardContextValve.java:106)
	at org.apache.catalina.core.StandardHostValve.invoke(StandardHostValve.java:142)
	at org.apache.catalina.valves.ErrorReportValve.invoke(ErrorReportValve.java:79)
	at org.apache.catalina.valves.AbstractAccessLogValve.invoke(AbstractAccessLogValve.java:610)
	at org.apache.catalina.core.StandardEngineValve.invoke(StandardEngineValve.java:88)
	at org.apache.catalina.connector.CoyoteAdapter.service(CoyoteAdapter.java:534)
	at org.apache.coyote.http11.AbstractHttp11Processor.process(AbstractHttp11Processor.java:1081)
	at org.apache.coyote.AbstractProtocol$AbstractConnectionHandler.process(AbstractProtocol.java:658)
	at org.apache.coyote.http11.Http11NioProtocol$Http11ConnectionHandler.process(Http11NioProtocol.java:222)
	at org.apache.tomcat.util.net.NioEndpoint$SocketProcessor.doRun(NioEndpoint.java:1566)
	at org.apache.tomcat.util.net.NioEndpoint$SocketProcessor.run(NioEndpoint.java:1523)
	at java.util.concurrent.ThreadPoolExecutor.runWorker(ThreadPoolExecutor.java:1142)
	at java.util.concurrent.ThreadPoolExecutor$Worker.run(ThreadPoolExecutor.java:617)
	at org.apache.tomcat.util.threads.TaskThread$WrappingRunnable.run(TaskThread.java:61)
	at java.lang.Thread.run(Thread.java:745)

ERROR - 2015-01-31 19:16:12.396; org.apache.solr.common.SolrException; org.apache.solr.common.SolrException: Error opening new searcher. exceeded limit of maxWarmingSearchers=2, try again later.
	at org.apache.solr.core.SolrCore.getSearcher(SolrCore.java:1658)
	at org.apache.solr.update.DirectUpdateHandler2.commit(DirectUpdateHandler2.java:607)
	at org.apache.solr.update.processor.RunUpdateProcessor.processCommit(RunUpdateProcessorFactory.java:95)
	at org.apache.solr.update.processor.UpdateRequestProcessor.processCommit(UpdateRequestProcessor.java:64)
	at org.apache.solr.update.processor.DistributedUpdateProcessor.doLocalCommit(DistributedUpdateProcessor.java:1652)
	at org.apache.solr.update.processor.DistributedUpdateProcessor.processCommit(DistributedUpdateProcessor.java:1629)
	at org.apache.solr.update.processor.LogUpdateProcessor.processCommit(LogUpdateProcessorFactory.java:157)
	at org.apache.solr.handler.RequestHandlerUtils.handleCommit(RequestHandlerUtils.java:69)
	at org.apache.solr.handler.ContentStreamHandlerBase.handleRequestBody(ContentStreamHandlerBase.java:68)
	at org.apache.solr.handler.RequestHandlerBase.handleRequest(RequestHandlerBase.java:135)
	at org.apache.solr.core.SolrCore.execute(SolrCore.java:1962)
	at org.apache.solr.servlet.SolrDispatchFilter.execute(SolrDispatchFilter.java:777)
	at org.apache.solr.servlet.SolrDispatchFilter.doFilter(SolrDispatchFilter.java:418)
	at org.apache.solr.servlet.SolrDispatchFilter.doFilter(SolrDispatchFilter.java:207)
	at org.apache.catalina.core.ApplicationFilterChain.internalDoFilter(ApplicationFilterChain.java:239)
	at org.apache.catalina.core.ApplicationFilterChain.doFilter(ApplicationFilterChain.java:206)
	at org.apache.catalina.core.StandardWrapperValve.invoke(StandardWrapperValve.java:219)
	at org.apache.catalina.core.StandardContextValve.invoke(StandardContextValve.java:106)
	at org.apache.catalina.core.StandardHostValve.invoke(StandardHostValve.java:142)
	at org.apache.catalina.valves.ErrorReportValve.invoke(ErrorReportValve.java:79)
	at org.apache.catalina.valves.AbstractAccessLogValve.invoke(AbstractAccessLogValve.java:610)
	at org.apache.catalina.core.StandardEngineValve.invoke(StandardEngineValve.java:88)
	at org.apache.catalina.connector.CoyoteAdapter.service(CoyoteAdapter.java:534)
	at org.apache.coyote.http11.AbstractHttp11Processor.process(AbstractHttp11Processor.java:1081)
	at org.apache.coyote.AbstractProtocol$AbstractConnectionHandler.process(AbstractProtocol.java:658)
	at org.apache.coyote.http11.Http11NioProtocol$Http11ConnectionHandler.process(Http11NioProtocol.java:222)
	at org.apache.tomcat.util.net.NioEndpoint$SocketProcessor.doRun(NioEndpoint.java:1566)
	at org.apache.tomcat.util.net.NioEndpoint$SocketProcessor.run(NioEndpoint.java:1523)
	at java.util.concurrent.ThreadPoolExecutor.runWorker(ThreadPoolExecutor.java:1142)
	at java.util.concurrent.ThreadPoolExecutor$Worker.run(ThreadPoolExecutor.java:617)
	at org.apache.tomcat.util.threads.TaskThread$WrappingRunnable.run(TaskThread.java:61)
	at java.lang.Thread.run(Thread.java:745)

INFO  - 2015-01-31 19:16:12.396; org.apache.solr.update.processor.LogUpdateProcessor; [ProductsCoreThird] webapp=/migrossolr path=/update params={softCommit=true} {} 0 23
ERROR - 2015-01-31 19:16:12.397; org.apache.solr.common.SolrException; org.apache.solr.common.SolrException: Error opening new searcher. exceeded limit of maxWarmingSearchers=2, try again later.
	at org.apache.solr.core.SolrCore.getSearcher(SolrCore.java:1658)
	at org.apache.solr.update.DirectUpdateHandler2.commit(DirectUpdateHandler2.java:607)
	at org.apache.solr.update.processor.RunUpdateProcessor.processCommit(RunUpdateProcessorFactory.java:95)
	at org.apache.solr.update.processor.UpdateRequestProcessor.processCommit(UpdateRequestProcessor.java:64)
	at org.apache.solr.update.processor.DistributedUpdateProcessor.doLocalCommit(DistributedUpdateProcessor.java:1652)
	at org.apache.solr.update.processor.DistributedUpdateProcessor.processCommit(DistributedUpdateProcessor.java:1629)
	at org.apache.solr.update.processor.LogUpdateProcessor.processCommit(LogUpdateProcessorFactory.java:157)
	at org.apache.solr.handler.RequestHandlerUtils.handleCommit(RequestHandlerUtils.java:69)
	at org.apache.solr.handler.ContentStreamHandlerBase.handleRequestBody(ContentStreamHandlerBase.java:68)
	at org.apache.solr.handler.RequestHandlerBase.handleRequest(RequestHandlerBase.java:135)
	at org.apache.solr.core.SolrCore.execute(SolrCore.java:1962)
	at org.apache.solr.servlet.SolrDispatchFilter.execute(SolrDispatchFilter.java:777)
	at org.apache.solr.servlet.SolrDispatchFilter.doFilter(SolrDispatchFilter.java:418)
	at org.apache.solr.servlet.SolrDispatchFilter.doFilter(SolrDispatchFilter.java:207)
	at org.apache.catalina.core.ApplicationFilterChain.internalDoFilter(ApplicationFilterChain.java:239)
	at org.apache.catalina.core.ApplicationFilterChain.doFilter(ApplicationFilterChain.java:206)
	at org.apache.catalina.core.StandardWrapperValve.invoke(StandardWrapperValve.java:219)
	at org.apache.catalina.core.StandardContextValve.invoke(StandardContextValve.java:106)
	at org.apache.catalina.core.StandardHostValve.invoke(StandardHostValve.java:142)
	at org.apache.catalina.valves.ErrorReportValve.invoke(ErrorReportValve.java:79)
	at org.apache.catalina.valves.AbstractAccessLogValve.invoke(AbstractAccessLogValve.java:610)
	at org.apache.catalina.core.StandardEngineValve.invoke(StandardEngineValve.java:88)
	at org.apache.catalina.connector.CoyoteAdapter.service(CoyoteAdapter.java:534)
	at org.apache.coyote.http11.AbstractHttp11Processor.process(AbstractHttp11Processor.java:1081)
	at org.apache.coyote.AbstractProtocol$AbstractConnectionHandler.process(AbstractProtocol.java:658)
	at org.apache.coyote.http11.Http11NioProtocol$Http11ConnectionHandler.process(Http11NioProtocol.java:222)
	at org.apache.tomcat.util.net.NioEndpoint$SocketProcessor.doRun(NioEndpoint.java:1566)
	at org.apache.tomcat.util.net.NioEndpoint$SocketProcessor.run(NioEndpoint.java:1523)
	at java.util.concurrent.ThreadPoolExecutor.runWorker(ThreadPoolExecutor.java:1142)
	at java.util.concurrent.ThreadPoolExecutor$Worker.run(ThreadPoolExecutor.java:617)
	at org.apache.tomcat.util.threads.TaskThread$WrappingRunnable.run(TaskThread.java:61)
	at java.lang.Thread.run(Thread.java:745)

INFO  - 2015-01-31 19:16:12.407; org.apache.solr.update.processor.LogUpdateProcessor; [ProductsCoreThird] webapp=/migrossolr path=/update params={softCommit=true} {commit=} 0 87
INFO  - 2015-01-31 19:16:12.407; org.apache.solr.update.processor.LogUpdateProcessor; [ProductsCoreThird] webapp=/migrossolr path=/update params={softCommit=true} {commit=} 0 44
INFO  - 2015-01-31 19:16:12.429; org.apache.solr.update.DirectUpdateHandler2; start commit{,optimize=false,openSearcher=true,waitSearcher=true,expungeDeletes=false,softCommit=true,prepareCommit=false}
INFO  - 2015-01-31 19:16:12.429; org.apache.solr.core.SolrCore; SolrIndexSearcher has not changed - not re-opening: org.apache.solr.search.SolrIndexSearcher
INFO  - 2015-01-31 19:16:12.430; org.apache.solr.update.DirectUpdateHandler2; end_commit_flush
INFO  - 2015-01-31 19:16:12.430; org.apache.solr.update.processor.LogUpdateProcessor; [ProductsCoreThird] webapp=/migrossolr path=/update params={softCommit=true} {commit=} 0 1
INFO  - 2015-01-31 19:19:21.818; org.apache.solr.core.CoreContainer; Shutting down CoreContainer instance=1894889160
INFO  - 2015-01-31 19:19:21.819; org.apache.solr.core.SolrCore; [ProductsCoreSecond]  CLOSING SolrCore org.apache.solr.core.SolrCore@7e5cecaf
INFO  - 2015-01-31 19:19:21.822; org.apache.solr.update.DirectUpdateHandler2; closing DirectUpdateHandler2{commits=0,autocommits=0,soft autocommit maxTime=1000ms,soft autocommits=0,optimizes=0,rollbacks=0,expungeDeletes=0,docsPending=0,adds=0,deletesById=0,deletesByQuery=0,errors=0,cumulative_adds=0,cumulative_deletesById=0,cumulative_deletesByQuery=0,cumulative_errors=0,transaction_logs_total_size=678834,transaction_logs_total_number=2}
INFO  - 2015-01-31 19:19:21.822; org.apache.solr.update.SolrCoreState; Closing SolrCoreState
INFO  - 2015-01-31 19:19:21.823; org.apache.solr.update.DefaultSolrCoreState; SolrCoreState ref count has reached 0 - closing IndexWriter
INFO  - 2015-01-31 19:19:21.823; org.apache.solr.update.DefaultSolrCoreState; closing IndexWriter with IndexWriterCloser
INFO  - 2015-01-31 19:19:21.830; org.apache.solr.core.SolrCore; [ProductsCoreSecond] Closing main searcher on request.
INFO  - 2015-01-31 19:19:21.836; org.apache.solr.core.CachingDirectoryFactory; Closing NRTCachingDirectoryFactory - 2 directories currently being tracked
INFO  - 2015-01-31 19:19:21.837; org.apache.solr.core.CachingDirectoryFactory; looking to close /opt/migros/data/ProductsCoreSecond [CachedDir<<refCount=0;path=/opt/migros/data/ProductsCoreSecond;done=false>>]
INFO  - 2015-01-31 19:19:21.837; org.apache.solr.core.CachingDirectoryFactory; Closing directory: /opt/migros/data/ProductsCoreSecond
INFO  - 2015-01-31 19:19:21.837; org.apache.solr.core.CachingDirectoryFactory; looking to close /opt/migros/data/ProductsCoreSecond/index [CachedDir<<refCount=0;path=/opt/migros/data/ProductsCoreSecond/index;done=false>>]
INFO  - 2015-01-31 19:19:21.837; org.apache.solr.core.CachingDirectoryFactory; Closing directory: /opt/migros/data/ProductsCoreSecond/index
INFO  - 2015-01-31 19:19:21.837; org.apache.solr.core.SolrCore; [ProductsCoreFirst]  CLOSING SolrCore org.apache.solr.core.SolrCore@20f9c06e
INFO  - 2015-01-31 19:19:21.839; org.apache.solr.update.DirectUpdateHandler2; closing DirectUpdateHandler2{commits=0,autocommits=0,soft autocommit maxTime=1000ms,soft autocommits=0,optimizes=0,rollbacks=0,expungeDeletes=0,docsPending=0,adds=0,deletesById=0,deletesByQuery=0,errors=0,cumulative_adds=0,cumulative_deletesById=0,cumulative_deletesByQuery=0,cumulative_errors=0,transaction_logs_total_size=386352973,transaction_logs_total_number=1}
INFO  - 2015-01-31 19:19:21.839; org.apache.solr.update.SolrCoreState; Closing SolrCoreState
INFO  - 2015-01-31 19:19:21.840; org.apache.solr.update.DefaultSolrCoreState; SolrCoreState ref count has reached 0 - closing IndexWriter
INFO  - 2015-01-31 19:19:21.840; org.apache.solr.update.DefaultSolrCoreState; closing IndexWriter with IndexWriterCloser
INFO  - 2015-01-31 19:19:21.845; org.apache.solr.core.SolrCore; [ProductsCoreFirst] Closing main searcher on request.
INFO  - 2015-01-31 19:19:21.851; org.apache.solr.core.CachingDirectoryFactory; Closing NRTCachingDirectoryFactory - 2 directories currently being tracked
INFO  - 2015-01-31 19:19:21.851; org.apache.solr.core.CachingDirectoryFactory; looking to close /opt/migros/data/ProductsCoreFirst [CachedDir<<refCount=0;path=/opt/migros/data/ProductsCoreFirst;done=false>>]
INFO  - 2015-01-31 19:19:21.851; org.apache.solr.core.CachingDirectoryFactory; Closing directory: /opt/migros/data/ProductsCoreFirst
INFO  - 2015-01-31 19:19:21.852; org.apache.solr.core.CachingDirectoryFactory; looking to close /opt/migros/data/ProductsCoreFirst/index [CachedDir<<refCount=0;path=/opt/migros/data/ProductsCoreFirst/index;done=false>>]
INFO  - 2015-01-31 19:19:21.852; org.apache.solr.core.CachingDirectoryFactory; Closing directory: /opt/migros/data/ProductsCoreFirst/index
INFO  - 2015-01-31 19:19:21.852; org.apache.solr.core.SolrCore; [Products]  CLOSING SolrCore org.apache.solr.core.SolrCore@1970d0a7
INFO  - 2015-01-31 19:19:21.854; org.apache.solr.update.DirectUpdateHandler2; closing DirectUpdateHandler2{commits=0,autocommit maxTime=15000ms,autocommits=0,soft autocommits=0,optimizes=0,rollbacks=0,expungeDeletes=0,docsPending=0,adds=0,deletesById=0,deletesByQuery=0,errors=0,cumulative_adds=0,cumulative_deletesById=0,cumulative_deletesByQuery=0,cumulative_errors=0,transaction_logs_total_size=0,transaction_logs_total_number=0}
INFO  - 2015-01-31 19:19:21.854; org.apache.solr.update.SolrCoreState; Closing SolrCoreState
INFO  - 2015-01-31 19:19:21.854; org.apache.solr.update.DefaultSolrCoreState; SolrCoreState ref count has reached 0 - closing IndexWriter
INFO  - 2015-01-31 19:19:21.854; org.apache.solr.update.DefaultSolrCoreState; closing IndexWriter with IndexWriterCloser
INFO  - 2015-01-31 19:19:21.856; org.apache.solr.core.SolrCore; [Products] Closing main searcher on request.
INFO  - 2015-01-31 19:19:21.857; org.apache.solr.core.CachingDirectoryFactory; Closing NRTCachingDirectoryFactory - 2 directories currently being tracked
INFO  - 2015-01-31 19:19:21.857; org.apache.solr.core.CachingDirectoryFactory; looking to close /opt/migros/data/Products/index [CachedDir<<refCount=0;path=/opt/migros/data/Products/index;done=false>>]
INFO  - 2015-01-31 19:19:21.857; org.apache.solr.core.CachingDirectoryFactory; Closing directory: /opt/migros/data/Products/index
INFO  - 2015-01-31 19:19:21.857; org.apache.solr.core.CachingDirectoryFactory; looking to close /opt/migros/data/Products [CachedDir<<refCount=0;path=/opt/migros/data/Products;done=false>>]
INFO  - 2015-01-31 19:19:21.857; org.apache.solr.core.CachingDirectoryFactory; Closing directory: /opt/migros/data/Products
INFO  - 2015-01-31 19:19:21.857; org.apache.solr.core.SolrCore; [ClickstreamClick]  CLOSING SolrCore org.apache.solr.core.SolrCore@515723a6
INFO  - 2015-01-31 19:19:21.859; org.apache.solr.update.DirectUpdateHandler2; closing DirectUpdateHandler2{commits=0,autocommits=0,soft autocommit maxTime=1000ms,soft autocommits=0,optimizes=0,rollbacks=0,expungeDeletes=0,docsPending=0,adds=0,deletesById=0,deletesByQuery=0,errors=0,cumulative_adds=0,cumulative_deletesById=0,cumulative_deletesByQuery=0,cumulative_errors=0,transaction_logs_total_size=408951965,transaction_logs_total_number=1}
INFO  - 2015-01-31 19:19:21.859; org.apache.solr.update.SolrCoreState; Closing SolrCoreState
INFO  - 2015-01-31 19:19:21.859; org.apache.solr.update.DefaultSolrCoreState; SolrCoreState ref count has reached 0 - closing IndexWriter
INFO  - 2015-01-31 19:19:21.859; org.apache.solr.update.DefaultSolrCoreState; closing IndexWriter with IndexWriterCloser
INFO  - 2015-01-31 19:19:21.862; org.apache.solr.core.SolrCore; [ClickstreamClick] Closing main searcher on request.
INFO  - 2015-01-31 19:19:21.863; org.apache.solr.core.CachingDirectoryFactory; Closing NRTCachingDirectoryFactory - 2 directories currently being tracked
INFO  - 2015-01-31 19:19:21.863; org.apache.solr.core.CachingDirectoryFactory; looking to close /opt/migros/data/ClickstreamClick/index [CachedDir<<refCount=0;path=/opt/migros/data/ClickstreamClick/index;done=false>>]
INFO  - 2015-01-31 19:19:21.863; org.apache.solr.core.CachingDirectoryFactory; Closing directory: /opt/migros/data/ClickstreamClick/index
INFO  - 2015-01-31 19:19:21.863; org.apache.solr.core.CachingDirectoryFactory; looking to close /opt/migros/data/ClickstreamClick [CachedDir<<refCount=0;path=/opt/migros/data/ClickstreamClick;done=false>>]
INFO  - 2015-01-31 19:19:21.863; org.apache.solr.core.CachingDirectoryFactory; Closing directory: /opt/migros/data/ClickstreamClick
INFO  - 2015-01-31 19:19:21.863; org.apache.solr.core.SolrCore; [ClickstreamCart]  CLOSING SolrCore org.apache.solr.core.SolrCore@26b209f4
INFO  - 2015-01-31 19:19:21.865; org.apache.solr.update.DirectUpdateHandler2; closing DirectUpdateHandler2{commits=0,autocommits=0,soft autocommit maxTime=1000ms,soft autocommits=0,optimizes=0,rollbacks=0,expungeDeletes=0,docsPending=0,adds=0,deletesById=0,deletesByQuery=0,errors=0,cumulative_adds=0,cumulative_deletesById=0,cumulative_deletesByQuery=0,cumulative_errors=0,transaction_logs_total_size=495950183,transaction_logs_total_number=1}
INFO  - 2015-01-31 19:19:21.865; org.apache.solr.update.SolrCoreState; Closing SolrCoreState
INFO  - 2015-01-31 19:19:21.865; org.apache.solr.update.DefaultSolrCoreState; SolrCoreState ref count has reached 0 - closing IndexWriter
INFO  - 2015-01-31 19:19:21.865; org.apache.solr.update.DefaultSolrCoreState; closing IndexWriter with IndexWriterCloser
INFO  - 2015-01-31 19:19:21.867; org.apache.solr.core.SolrCore; [ClickstreamCart] Closing main searcher on request.
INFO  - 2015-01-31 19:19:21.870; org.apache.solr.core.CachingDirectoryFactory; Closing NRTCachingDirectoryFactory - 2 directories currently being tracked
INFO  - 2015-01-31 19:19:21.870; org.apache.solr.core.CachingDirectoryFactory; looking to close /opt/migros/data/ClickstreamCart [CachedDir<<refCount=0;path=/opt/migros/data/ClickstreamCart;done=false>>]
INFO  - 2015-01-31 19:19:21.870; org.apache.solr.core.CachingDirectoryFactory; Closing directory: /opt/migros/data/ClickstreamCart
INFO  - 2015-01-31 19:19:21.870; org.apache.solr.core.CachingDirectoryFactory; looking to close /opt/migros/data/ClickstreamCart/index [CachedDir<<refCount=0;path=/opt/migros/data/ClickstreamCart/index;done=false>>]
INFO  - 2015-01-31 19:19:21.870; org.apache.solr.core.CachingDirectoryFactory; Closing directory: /opt/migros/data/ClickstreamCart/index
INFO  - 2015-01-31 19:19:21.870; org.apache.solr.core.SolrCore; [ProductsCoreThird]  CLOSING SolrCore org.apache.solr.core.SolrCore@614457e1
INFO  - 2015-01-31 19:19:21.872; org.apache.solr.update.DirectUpdateHandler2; closing DirectUpdateHandler2{commits=25,autocommits=0,soft autocommit maxTime=1000ms,soft autocommits=0,optimizes=0,rollbacks=0,expungeDeletes=0,docsPending=1,adds=0,deletesById=0,deletesByQuery=0,errors=45,cumulative_adds=25,cumulative_deletesById=0,cumulative_deletesByQuery=0,cumulative_errors=24,transaction_logs_total_size=0,transaction_logs_total_number=0}
INFO  - 2015-01-31 19:19:21.872; org.apache.solr.update.SolrCoreState; Closing SolrCoreState
INFO  - 2015-01-31 19:19:21.872; org.apache.solr.update.DefaultSolrCoreState; SolrCoreState ref count has reached 0 - closing IndexWriter
INFO  - 2015-01-31 19:19:21.872; org.apache.solr.update.DefaultSolrCoreState; closing IndexWriter with IndexWriterCloser
INFO  - 2015-01-31 19:19:21.872; org.apache.solr.update.DirectUpdateHandler2; Committing on IndexWriter close.
INFO  - 2015-01-31 19:19:22.186; org.apache.solr.core.SolrDeletionPolicy; SolrDeletionPolicy.onCommit: commits: num=2
	commit{dir=NRTCachingDirectory(MMapDirectory@/opt/migros/data/ProductsCoreThird/index lockFactory=NativeFSLockFactory@/opt/migros/data/ProductsCoreThird/index; maxCacheMB=48.0 maxMergeSizeMB=4.0),segFN=segments_1,generation=1}
	commit{dir=NRTCachingDirectory(MMapDirectory@/opt/migros/data/ProductsCoreThird/index lockFactory=NativeFSLockFactory@/opt/migros/data/ProductsCoreThird/index; maxCacheMB=48.0 maxMergeSizeMB=4.0),segFN=segments_2,generation=2}
INFO  - 2015-01-31 19:19:22.186; org.apache.solr.core.SolrDeletionPolicy; newest commit generation = 2
INFO  - 2015-01-31 19:19:22.190; org.apache.solr.core.SolrCore; [ProductsCoreThird] Closing main searcher on request.
INFO  - 2015-01-31 19:19:22.190; org.apache.solr.core.CachingDirectoryFactory; Closing NRTCachingDirectoryFactory - 2 directories currently being tracked
INFO  - 2015-01-31 19:19:22.190; org.apache.solr.core.CachingDirectoryFactory; looking to close /opt/migros/data/ProductsCoreThird [CachedDir<<refCount=0;path=/opt/migros/data/ProductsCoreThird;done=false>>]
INFO  - 2015-01-31 19:19:22.190; org.apache.solr.core.CachingDirectoryFactory; Closing directory: /opt/migros/data/ProductsCoreThird
INFO  - 2015-01-31 19:19:22.191; org.apache.solr.core.CachingDirectoryFactory; looking to close /opt/migros/data/ProductsCoreThird/index [CachedDir<<refCount=0;path=/opt/migros/data/ProductsCoreThird/index;done=false>>]
INFO  - 2015-01-31 19:19:22.191; org.apache.solr.core.CachingDirectoryFactory; Closing directory: /opt/migros/data/ProductsCoreThird/index
INFO  - 2015-01-31 19:19:22.191; org.apache.solr.core.SolrCore; [ProductsCoreTest]  CLOSING SolrCore org.apache.solr.core.SolrCore@5da9c20b
INFO  - 2015-01-31 19:19:22.192; org.apache.solr.update.DirectUpdateHandler2; closing DirectUpdateHandler2{commits=0,autocommits=0,soft autocommit maxTime=1000ms,soft autocommits=0,optimizes=0,rollbacks=0,expungeDeletes=0,docsPending=0,adds=0,deletesById=0,deletesByQuery=0,errors=0,cumulative_adds=0,cumulative_deletesById=0,cumulative_deletesByQuery=0,cumulative_errors=0,transaction_logs_total_size=386736195,transaction_logs_total_number=1}
INFO  - 2015-01-31 19:19:22.192; org.apache.solr.update.SolrCoreState; Closing SolrCoreState
INFO  - 2015-01-31 19:19:22.192; org.apache.solr.update.DefaultSolrCoreState; SolrCoreState ref count has reached 0 - closing IndexWriter
INFO  - 2015-01-31 19:19:22.192; org.apache.solr.update.DefaultSolrCoreState; closing IndexWriter with IndexWriterCloser
INFO  - 2015-01-31 19:19:22.196; org.apache.solr.core.SolrCore; [ProductsCoreTest] Closing main searcher on request.
INFO  - 2015-01-31 19:19:22.200; org.apache.solr.core.CachingDirectoryFactory; Closing NRTCachingDirectoryFactory - 2 directories currently being tracked
INFO  - 2015-01-31 19:19:22.200; org.apache.solr.core.CachingDirectoryFactory; looking to close /opt/migros/data/ProductsCoreTest [CachedDir<<refCount=0;path=/opt/migros/data/ProductsCoreTest;done=false>>]
INFO  - 2015-01-31 19:19:22.200; org.apache.solr.core.CachingDirectoryFactory; Closing directory: /opt/migros/data/ProductsCoreTest
INFO  - 2015-01-31 19:19:22.200; org.apache.solr.core.CachingDirectoryFactory; looking to close /opt/migros/data/ProductsCoreTest/index [CachedDir<<refCount=0;path=/opt/migros/data/ProductsCoreTest/index;done=false>>]
INFO  - 2015-01-31 19:19:22.201; org.apache.solr.core.CachingDirectoryFactory; Closing directory: /opt/migros/data/ProductsCoreTest/index
